gid,depth,is_seed,in_deg,out_deg,in_kzt,out_kzt,in_tx,out_tx,truncated_by_depth,pass_through,pagerank,hub_score,authority_score,seed_sources,quick_turnover,quick_turnover_share,cluster_id,contribution_in_deg,contribution_out_deg,contribution_authority_score,contribution_hub_score,contribution_pagerank,contribution_seed_sources,priority_factor,priority_score
100000000011452100,1,False,3,1,110000.0,16685.0,7,2,False,0.1516818181818182,0.0004872451627398469,2.0831984606780044e-05,0.0006895392019208098,7,16685.0,1.0,0,0.1683896797153025,0.13716192170818506,0.1830960854092527,0.1501779359430605,0.12313167259786477,0.06515124555160143,1.0,0.827108540925267
100000000018102100,4,False,1,0,7000.0,0.0,1,0,True,0.0,0.0003186367280153834,0.0,9.414607410936295e-92,7,0.0,0.0,0,0.0737855871886121,0.06217526690391458,0.01939501779359431,0.05526690391459074,0.08704626334519575,0.06515124555160143,0.75,0.2721152135231317
100000000031787100,2,False,1,2,90000.0,90000.0,2,4,False,1.0,0.0004288721335956581,1.25552259033216e-06,2.7323018045364316e-67,1,40000.0,0.4444444444444444,1,0.0737855871886121,0.1554581850533808,0.039679715302491106,0.14512455516014236,0.11693950177935944,0.01766903914590747,1.0,0.5486565836298932
100000000041368100,1,False,1,0,160000.0,0.0,1,0,False,0.0,0.0003158158378313122,0.0,0.0008266752540013821,10,0.0,0.0,2,0.0737855871886121,0.06217526690391458,0.18576512455516014,0.05526690391459074,0.08412811387900357,0.11530249110320284,1.0,0.576423487544484
100000000076451100,2,False,3,4,87707.0,58000.0,4,4,False,0.661292713238396,0.0013836360121798174,9.789394300499958e-91,2.22711131083175e-06,7,5000.0,0.08620689655172414,3,0.1683896797153025,0.16814946619217083,0.13024911032028472,0.12185053380782919,0.15516014234875447,0.06515124555160143,1.0,0.8089501779359431
100000000089154100,1,False,1,15,10000.0,425500.0,1,21,False,42.55,0.00028589916651611697,0.0003361339161161709,0.00020122539980115464,7,10000.0,0.023501762632197415,0,0.0737855871886121,0.1766770462633452,0.16565836298932388,0.15551601423487546,0.009750889679715302,0.06515124555160143,1.0,0.6465391459074734
100000000190228100,2,False,1,1,5000.0,28560.0,1,1,False,5.712,0.0005785577642821221,3.388308505080475e-101,8.532445701341959e-126,8,0.0,0.0,4,0.0737855871886121,0.13716192170818506,0.004314946619217082,0.11807829181494663,0.1398576512455516,0.10059608540925268,1.0,0.5737944839857652
100000000201868100,2,False,1,1,190000.0,190000.0,1,1,False,1.0,0.0009675202955946184,2.4760980524739826e-05,7.761745627251458e-68,7,190000.0,1.0,5,0.0737855871886121,0.13716192170818506,0.037811387900355875,0.1503914590747331,0.1519572953736655,0.06515124555160143,1.0,0.6162588967971531
100000000254336100,3,False,2,1,97177.0,60000.0,2,1,False,0.6174300503205491,0.00029035716311077856,3.0998919294146865e-90,0.0012204489688146807,7,60000.0,1.0,0,0.15409697508896797,0.13716192170818506,0.1878113879003559,0.12220640569395018,0.03637010676156583,0.06515124555160143,1.0,0.7027980427046263
100000000267734100,1,False,2,7,180000.0,282000.0,4,8,False,1.5666666666666667,0.0005339010095272862,2.6921296145035798e-67,4.904495906232741e-06,1,40000.0,0.14184397163120568,1,0.15409697508896797,0.17327402135231318,0.13754448398576513,0.13117437722419928,0.1316725978647687,0.01766903914590747,1.0,0.7454314946619217
100000000274067100,1,False,2,3,517704.0,2969000.0,9,9,False,5.734937338710924,0.0004111733980588792,1.2675081445791723e-32,6.674870862024001e-06,1,222704.0,0.07500976759851802,1,0.15409697508896797,0.16390569395017793,0.1405693950177936,0.13814946619217083,0.11480427046263346,0.01766903914590747,1.0,0.7291948398576512
100000000287768100,3,False,1,0,35168.0,0.0,1,0,False,0.0,0.00028713233662289205,0.0,0.0007176774026012384,7,0.0,0.0,0,0.0737855871886121,0.06217526690391458,0.18354092526690394,0.05526690391459074,0.01807829181494662,0.06515124555160143,1.0,0.4579982206405694
100000000288317100,3,False,2,3,100000.0,53500.0,2,3,False,0.535,0.0003111042331531919,6.283948673215584e-92,0.00026190077352949726,7,16500.0,0.308411214953271,0,0.15409697508896797,0.16390569395017793,0.16957295373665482,0.1214946619217082,0.07900355871886121,0.06515124555160143,1.0,0.7532250889679716
100000000291906100,2,False,2,2,388000.0,455854.0,3,6,False,1.1748814432989692,0.0007579521501153301,2.718192560263808e-60,1.6449194810381838e-53,7,168354.0,0.3693156142098128,6,0.15409697508896797,0.1554581850533808,0.05053380782918149,0.13373665480427047,0.14754448398576514,0.06515124555160143,1.0,0.7065213523131673
100000000291908100,3,False,1,1,295500.0,13300.0,5,1,False,0.045008460236886635,0.000701667998848662,1.758570701090846e-112,3.105328432001829e-60,7,0.0,0.0,6,0.0737855871886121,0.13716192170818506,0.04724199288256228,0.11451957295373667,0.14583629893238434,0.06515124555160143,1.0,0.5836966192170818
100000000297649100,2,False,1,1,40000.0,70600.0,1,2,False,1.765,0.0008023949624002293,4.458403419936092e-05,2.1486050622824394e-84,8,0.0,0.0,7,0.0737855871886121,0.13716192170818506,0.02615658362989324,0.15138790035587188,0.14868327402135234,0.10059608540925268,1.0,0.6377713523131673
100000000299820100,4,False,1,0,10000.0,0.0,1,0,True,0.0,0.00044754836557757026,0.0,6.707951853468746e-110,7,0.0,0.0,8,0.0737855871886121,0.06217526690391458,0.009341637010676158,0.05526690391459074,0.11914590747330962,0.06515124555160143,0.75,0.2886499110320284
100000000307908100,2,False,1,0,5000.0,0.0,1,0,False,0.0,0.0002955134611674369,0.0,9.524316186076365e-46,1,0.0,0.0,9,0.0737855871886121,0.06217526690391458,0.052669039145907474,0.05526690391459074,0.054092526690391454,0.01766903914590747,1.0,0.3156583629893238
100000000331309100,2,False,5,99,984635.0,23001375.0,8,126,False,23.360306103276848,0.0008697417437327768,0.4518285795643982,0.00037449516039279494,7,984635.0,0.04280765823782274,10,0.17655693950177936,0.17975978647686833,0.17419928825622777,0.1599288256227758,0.1502491103202847,0.06515124555160143,1.0,0.9058451957295375
100000000332284100,2,False,10,3,107426.0,289500.0,12,3,False,2.69487833485376,0.000712719619300986,0.006895643505726453,2.1504293993743825e-05,7,22000.0,0.07599309153713299,10,0.17943950177935944,0.16390569395017793,0.14795373665480427,0.1585053380782918,0.14633451957295374,0.06515124555160143,1.0,0.8612900355871886
100000000343175100,0,True,8,31,178712.0,4000039.0,14,33,False,22.382598818210305,0.0007097623514990794,0.028144027387753564,9.738711337975252e-06,7,173212.0,0.04330257779986645,11,0.17879893238434164,0.1786387900355872,0.14323843416370108,0.15950177935943063,0.14619217081850536,0.06515124555160143,1.0,0.8715213523131674
100000000369781100,4,False,1,0,5000.0,0.0,1,0,True,0.0,0.0005293211782176068,0.0,8.532445701341959e-126,7,0.0,0.0,10,0.0737855871886121,0.06217526690391458,0.004314946619217082,0.05526690391459074,0.12967971530249112,0.06515124555160143,0.75,0.2927802491103203
100000000375150100,4,False,1,0,300000.0,0.0,1,0,True,0.0,0.0007407996177373904,0.0,3.1560249004554695e-66,10,0.0,0.0,12,0.0737855871886121,0.06217526690391458,0.041903914590747326,0.05526690391459074,0.14733096085409253,0.11530249110320284,0.75,0.3718238434163701
100000000404740100,4,False,1,0,25000.0,0.0,1,0,True,0.0,0.0005545956246897152,0.0,2.221102896440608e-102,7,0.0,0.0,13,0.0737855871886121,0.06217526690391458,0.012633451957295375,0.05526690391459074,0.13743772241992883,0.06515124555160143,0.75,0.3048376334519573
100000000408846100,3,False,1,0,40500.0,0.0,1,0,False,0.0,0.0002941031332962696,0.0,4.195588759806556e-36,7,0.0,0.0,14,0.0737855871886121,0.06217526690391458,0.057295373665480424,0.05526690391459074,0.0501779359430605,0.06515124555160143,1.0,0.36385231316725974
100000000413678100,3,False,2,3,306500.0,528198.0,2,18,False,1.723321370309951,0.0002990571287674166,4.067182153229767e-58,0.007035252987087051,7,77999.0,0.14767000253692744,8,0.15409697508896797,0.16390569395017793,0.19581850533807832,0.13409252669039146,0.06241992882562277,0.06515124555160143,1.0,0.7754848754448399
100000000424935100,4,False,1,0,15000.0,0.0,1,0,True,0.0,0.0002997739402792179,0.0,2.2239951432921113e-15,7,0.0,0.0,15,0.0737855871886121,0.06217526690391458,0.08282918149466192,0.05526690391459074,0.06405693950177936,0.06515124555160143,0.75,0.30244884341637013
100000000425407100,2,False,1,0,20000.0,0.0,1,0,False,0.0,0.00030343252763877026,0.0,2.0009871247996697e-06,7,0.0,0.0,2,0.0737855871886121,0.06217526690391458,0.1293594306049822,0.05526690391459074,0.0696085409252669,0.06515124555160143,1.0,0.45534697508896804
100000000437046100,2,False,9,42,1107200.0,7606224.0,20,73,False,6.86978323699422,0.0007875359264687324,0.0984682336665771,5.977020718311326e-05,7,992368.0,0.1304678905065115,0,0.17919928825622777,0.179279359430605,0.15551601423487546,0.15985765124555162,0.14825622775800712,0.06515124555160143,1.0,0.8872597864768685
100000000440392100,1,False,1,0,105705.0,0.0,4,0,False,0.0,0.0002953277233207068,0.0,0.00010260533917047465,7,0.0,0.0,16,0.0737855871886121,0.06217526690391458,0.15987544483985766,0.05526690391459074,0.05338078291814947,0.06515124555160143,1.0,0.4696352313167259
100000000456947100,0,True,0,0,0.0,0.0,0,0,False,,0.00028403728526186454,0.0,0.0,0,0.0,0.0,17,0.001641459074733096,0.06217526690391458,0.001823843416370107,0.05526690391459074,0.0014590747330960854,0.001307829181494662,0.0,0.0
100000000470237100,4,False,1,0,32500.0,0.0,1,0,True,0.0,0.0005840770868068808,0.0,1.173119442601876e-67,7,0.0,0.0,15,0.0737855871886121,0.06217526690391458,0.03825622775800712,0.05526690391459074,0.14021352313167262,0.06515124555160143,0.75,0.326136565836299
100000000481716100,3,False,1,0,8000.0,0.0,1,0,False,0.0,0.00037496698416866986,0.0,3.942802764939681e-11,7,0.0,0.0,18,0.0737855871886121,0.06217526690391458,0.08478647686832741,0.05526690391459074,0.10797153024911033,0.06515124555160143,1.0,0.44913701067615663
100000000489417100,2,False,3,1,73504.0,80000.0,3,1,False,1.0883761427949499,0.0005484753132205188,0.000988738750862426,6.227609207455642e-06,7,20000.0,0.25,12,0.1683896797153025,0.13716192170818506,0.1396797153024911,0.15722419928825623,0.13601423487544487,0.06515124555160143,1.0,0.8036209964412813
100000000490383100,2,False,3,8,62600.0,461375.0,3,9,False,7.37020766773163,0.0005447704414468346,0.00032281513265275033,8.664941728395125e-09,7,5000.0,0.01083717149823896,16,0.1683896797153025,0.17407473309608543,0.09101423487544484,0.15537366548042705,0.13480427046263346,0.06515124555160143,1.0,0.7888078291814947
100000000500040100,4,False,1,0,20000.0,0.0,1,0,True,0.0,0.0003043843782783192,0.0,1.5303188682033813e-06,7,0.0,0.0,0,0.0737855871886121,0.06217526690391458,0.126779359430605,0.05526690391459074,0.07081850533807829,0.06515124555160143,0.75,0.34048265124555166
100000000507799100,1,False,1,1,5132.0,8000.0,1,1,False,1.558846453624318,0.00028458543840616214,3.419665873478491e-82,2.2608175660145878e-05,7,0.0,0.0,19,0.0737855871886121,0.13716192170818506,0.14822064056939505,0.12583629893238435,0.0034875444839857655,0.06515124555160143,1.0,0.5536432384341637
100000000533217100,2,False,1,0,53587.0,0.0,1,0,False,0.0,0.0006484520175958825,0.0,3.637279354968153e-81,7,0.0,0.0,0,0.0737855871886121,0.06217526690391458,0.02909252669039146,0.05526690391459074,0.14391459074733098,0.06515124555160143,1.0,0.42938612099644136
100000000534581100,3,False,2,1,55960.0,40000.0,2,1,False,0.7147962830593281,0.00029682122564405055,3.1933295919505577e-96,0.00022051969024587564,7,0.0,0.0,8,0.15409697508896797,0.13716192170818506,0.16708185053380786,0.1198932384341637,0.056370106761565834,0.06515124555160143,1.0,0.6997553380782918
100000000542087100,4,False,1,0,8506.91,0.0,1,0,True,0.0,0.00028487704558307616,0.0,9.10503975089244e-37,7,0.0,0.0,20,0.0737855871886121,0.06217526690391458,0.05658362989323843,0.05526690391459074,0.00505338078291815,0.06515124555160143,0.75,0.2385120106761566
100000000552584100,3,False,1,1,2500000.0,57500.0,3,1,False,0.023,0.0013958160445225005,3.2814354229970887e-13,1.2743291759911845e-12,2,0.0,0.0,21,0.0737855871886121,0.13716192170818506,0.08336298932384342,0.13879003558718864,0.15523131672597865,0.03368327402135231,1.0,0.6220151245551602
100000000555721100,1,False,2,0,113000.0,0.0,3,0,False,0.0,0.00030638235462204143,0.0,0.0008183958896164802,7,0.0,0.0,0,0.15409697508896797,0.06217526690391458,0.18558718861209966,0.05526690391459074,0.07345195729537367,0.06515124555160143,1.0,0.5957295373665481
100000000557536100,4,False,1,0,153000.0,0.0,7,0,True,0.0,0.0002991406928617309,0.0,3.8613719952063256e-36,7,0.0,0.0,20,0.0737855871886121,0.06217526690391458,0.057206405693950184,0.05526690391459074,0.06277580071174377,0.06515124555160143,0.75,0.28227090747330963
100000000560751100,3,False,1,0,25000.0,0.0,1,0,False,0.0,0.000549128323207679,0.0,2.221102896440608e-102,7,0.0,0.0,12,0.0737855871886121,0.06217526690391458,0.012633451957295375,0.05526690391459074,0.13629893238434165,0.06515124555160143,1.0,0.4053113879003559
100000000561160100,4,False,1,0,240000.0,0.0,1,0,True,0.0,0.0004336703749141657,0.0,8.596329089851187e-06,7,0.0,0.0,2,0.0737855871886121,0.06217526690391458,0.1425266903914591,0.05526690391459074,0.11786476868327403,0.06515124555160143,0.75,0.38757784697508896
100000000569479100,3,False,1,0,320000.0,0.0,1,0,False,0.0,0.0003926718813428634,0.0,0.00011041014261607926,7,0.0,0.0,0,0.0737855871886121,0.06217526690391458,0.1606761565836299,0.05526690391459074,0.11181494661921709,0.06515124555160143,1.0,0.5288701067615659
100000000572276100,3,False,1,1,13075.0,34547.0,1,1,False,2.6422179732313578,0.0002860630489251677,2.18854560031391e-98,5.564241509986202e-33,1,0.0,0.0,22,0.0737855871886121,0.13716192170818506,0.06352313167259786,0.11893238434163703,0.01103202846975089,0.01766903914590747,1.0,0.4221040925266904
100000000580561100,0,True,2,3,27980.0,1488077.0,3,13,False,53.183595425303785,0.0008289636043239791,8.006962291017183e-43,1.0917559402971338e-97,0,23680.0,0.015913155031628066,23,0.15409697508896797,0.16390569395017793,0.01512455516014235,0.13637010676156586,0.1492526690391459,0.001307829181494662,1.0,0.6200578291814945
100000000581662100,4,False,1,0,21160.0,0.0,1,0,True,0.0,0.0003012685131761139,0.0,7.945917373110422e-66,2,0.0,0.0,24,0.0737855871886121,0.06217526690391458,0.04234875444839858,0.05526690391459074,0.06661921708185053,0.03368327402135231,0.75,0.25040925266903913
100000000581682100,4,False,1,0,5000.0,0.0,1,0,True,0.0,0.00028928283693431566,0.0,1.2840241946561207e-15,7,0.0,0.0,15,0.0737855871886121,0.06217526690391458,0.08274021352313167,0.05526690391459074,0.031387900355871884,0.06515124555160143,0.75,0.2778803380782918
100000000583220100,3,False,1,1,5000.0,761255.0,1,4,False,152.251,0.0002964897830280867,1.014447128472909e-52,3.703548974117677e-11,7,5000.0,0.006568101358940171,25,0.0737855871886121,0.13716192170818506,0.08469750889679716,0.13516014234875445,0.05601423487544484,0.06515124555160143,1.0,0.551970640569395
100000000594783100,3,False,1,2,2635000.0,152500.0,10,2,False,0.05787476280834915,0.0014558520975225748,4.291470675317054e-13,1.3082837041775835e-12,2,152500.0,1.0,21,0.0737855871886121,0.1554581850533808,0.08345195729537366,0.1388612099644128,0.15572953736654804,0.03368327402135231,1.0,0.6409697508896798
100000000596954100,2,False,1,2,120000.0,48100.0,1,2,False,0.4008333333333333,0.0005125060532903905,2.033753761983697e-88,7.171035957100926e-77,10,48100.0,1.0,2,0.0737855871886121,0.1554581850533808,0.03211743772241993,0.12284697508896798,0.12555160142348756,0.11530249110320284,1.0,0.6250622775800712
100000000600707100,4,False,1,0,89000.0,0.0,2,0,True,0.0,0.0005665291284667085,0.0,6.476554380479172e-79,1,0.0,0.0,26,0.0737855871886121,0.06217526690391458,0.03158362989323843,0.05526690391459074,0.1387188612099644,0.01766903914590747,0.75,0.2843994661921708
100000000607731100,1,False,1,1,20000.0,66666.0,1,1,False,3.3333,0.000315727074112564,1.1141754159804742e-88,8.372018377213338e-67,1,0.0,0.0,27,0.0737855871886121,0.13716192170818506,0.041058718861209965,0.12270462633451958,0.08395017793594306,0.01766903914590747,1.0,0.4763300711743772
100000000607941100,2,False,2,1,50000.0,70000.0,3,4,False,1.4,0.0005743727878407779,5.855141578500023e-88,1.7654095945144265e-08,7,20000.0,0.2857142857142857,16,0.15409697508896797,0.13716192170818506,0.09492882562277581,0.12306049822064058,0.1394306049822064,0.06515124555160143,1.0,0.7138300711743772
100000000608031100,4,False,1,0,30000.0,0.0,1,0,True,0.0,0.0005354299534315818,0.0,9.9802270376454e-100,7,0.0,0.0,28,0.0737855871886121,0.06217526690391458,0.014323843416370108,0.05526690391459074,0.13224199288256228,0.06515124555160143,0.75,0.3022086298932385
100000000611474100,3,False,1,0,32000.0,0.0,1,0,False,0.0,0.0005919520278817082,0.0,8.671668386849013e-99,7,0.0,0.0,29,0.0737855871886121,0.06217526690391458,0.014679715302491105,0.05526690391459074,0.14064056939501782,0.06515124555160143,1.0,0.4116992882562278
100000000625169100,2,False,1,0,10000.0,0.0,1,0,False,0.0,0.00028740801679984034,0.0,2.397682219124843e-34,1,0.0,0.0,22,0.0737855871886121,0.06217526690391458,0.05822953736654805,0.05526690391459074,0.020747330960854092,0.01766903914590747,1.0,0.287873665480427
100000000627521100,4,False,1,0,6500.0,0.0,1,0,True,0.0,0.00028456345610252434,0.0,1.0721176418106704e-33,7,0.0,0.0,30,0.0737855871886121,0.06217526690391458,0.06138790035587188,0.05526690391459074,0.0032028469750889684,0.06515124555160143,0.75,0.2407273131672598
100000000629812100,2,False,2,0,22000.0,0.0,2,0,False,0.0,0.0002963618124201693,0.0,1.6213022960505153e-06,10,0.0,0.0,31,0.15409697508896797,0.06217526690391458,0.12722419928825623,0.05526690391459074,0.05580071174377224,0.11530249110320284,1.0,0.5698665480427045
100000000634341100,4,False,1,0,24000.0,0.0,2,0,True,0.0,0.000551576432992475,0.0,5.657896326046016e-103,7,0.0,0.0,0,0.0737855871886121,0.06217526690391458,0.012233096085409255,0.05526690391459074,0.13665480427046264,0.06515124555160143,0.75,0.30395017793594303
100000000640800100,3,False,1,4,80000.0,518135.0,1,6,False,6.4766875,0.0003015719337084995,1.0820514548325555e-08,0.00017622972179544055,7,16112.0,0.031096142897121405,8,0.0737855871886121,0.16814946619217083,0.16450177935943064,0.1404982206405694,0.06747330960854092,0.06515124555160143,1.0,0.6795596085409253
100000000646541100,2,False,3,0,25300.0,0.0,4,0,False,0.0,0.0005028430320200708,0.0,9.85371820462264e-07,7,0.0,0.0,0,0.1683896797153025,0.06217526690391458,0.12144128113879005,0.05526690391459074,0.12469750889679716,0.06515124555160143,1.0,0.5971218861209966
100000000655469100,4,False,1,0,20000.0,0.0,2,0,True,0.0,0.0003434697664455806,0.0,3.32715449390793e-79,7,0.0,0.0,32,0.0737855871886121,0.06217526690391458,0.03113879003558719,0.05526690391459074,0.09857651245551603,0.06515124555160143,0.75,0.28957072953736657
100000000656682100,3,False,1,2,71000.0,80000.0,1,3,False,1.1267605633802817,0.0002880080900494301,5.486098465110673e-86,0.0005906942778102585,7,0.0,0.0,0,0.0737855871886121,0.1554581850533808,0.1814946619217082,0.12391459074733098,0.024341637010676154,0.06515124555160143,1.0,0.6241459074733097
100000000661131100,3,False,1,0,15600.0,0.0,1,0,False,0.0,0.0002864542575867234,0.0,6.077814238478439e-33,1,0.0,0.0,22,0.0737855871886121,0.06217526690391458,0.06410142348754448,0.05526690391459074,0.012491103202846977,0.01766903914590747,1.0,0.2854893238434163
100000000661912100,1,False,5,2,393036.0,430700.0,9,8,False,1.0958283719557496,0.001793141885528147,3.945932758630965e-61,0.0016174927607737527,7,273168.0,0.6342419317390295,8,0.17655693950177936,0.1554581850533808,0.18967971530249111,0.13316725978647687,0.15665480427046263,0.06515124555160143,1.0,0.8766681494661922
100000000667713100,1,False,2,6,119495.0,79236.0,10,7,False,0.663090505878907,0.0003183417105789792,3.899019107573135e-05,0.00010316992950784372,7,37450.0,0.4726386995809985,16,0.15409697508896797,0.17211298932384342,0.15996441281138793,0.1511743772241993,0.08661921708185054,0.06515124555160143,1.0,0.7891192170818506
100000000673868100,3,False,1,5,2030650.0,383000.0,5,19,False,0.18860955851574618,0.0011624908923002632,0.0005204156519735737,1.9126189138929688e-08,7,292000.0,0.762402088772846,33,0.0737855871886121,0.17043149466192173,0.09519572953736655,0.15644128113879005,0.15359430604982208,0.06515124555160143,1.0,0.7145996441281139
100000000673915100,4,False,1,0,20200.0,0.0,1,0,True,0.0,0.0002860313299253763,0.0,1.4030450368584908e-36,7,0.0,0.0,20,0.0737855871886121,0.06217526690391458,0.05676156583629893,0.05526690391459074,0.010747330960854094,0.06515124555160143,0.75,0.24291592526690392
100000000703894100,1,False,1,1,120000.0,35000.0,1,1,False,0.2916666666666667,0.0004741760183660613,3.408140956016711e-98,2.0507173141376335e-66,1,0.0,0.0,27,0.0737855871886121,0.13716192170818506,0.04145907473309609,0.11925266903914591,0.12156583629893239,0.01766903914590747,1.0,0.5108941281138789
100000000703902100,1,False,1,0,25499.0,0.0,1,0,False,0.0,0.00028934893026238577,0.0,2.501668854307606e-32,1,0.0,0.0,22,0.0737855871886121,0.06217526690391458,0.07766903914590748,0.05526690391459074,0.03188612099644128,0.01766903914590747,1.0,0.3184519572953736
100000000704700100,4,False,1,0,10000.0,0.0,1,0,True,0.0,0.0005300971370306067,0.0,1.0365216744397587e-115,1,0.0,0.0,34,0.0737855871886121,0.06217526690391458,0.0074288256227758006,0.05526690391459074,0.1301779359430605,0.01766903914590747,0.75,0.2598776690391459
100000000706545100,1,False,3,1,1070300.0,75800.0,8,3,False,0.07082126506586939,0.003413557881819414,8.769140569219116e-87,0.00027544265804214544,7,0.0,0.0,16,0.1683896797153025,0.13716192170818506,0.17001779359430608,0.12334519572953738,0.15978647686832742,0.06515124555160143,1.0,0.8238523131672599
100000000718427100,2,False,1,0,6000.0,0.0,1,0,False,0.0,0.00028605972418465,0.0,1.8572366608336317e-34,1,0.0,0.0,22,0.0737855871886121,0.06217526690391458,0.058096085409252665,0.05526690391459074,0.01096085409252669,0.01766903914590747,1.0,0.2779537366548042
100000000723383100,2,False,1,2,6800.0,75000.0,1,2,False,11.029411764705882,0.00038679636036637375,6.113458883813447e-87,7.893642999876027e-11,7,0.0,0.0,32,0.0737855871886121,0.1554581850533808,0.08558718861209964,0.12327402135231318,0.10996441281138791,0.06515124555160143,1.0,0.6132206405693951
100000000724540100,2,False,1,1,50000.0,100000.0,1,1,False,2.0,0.00030794222681854465,1.0819421503297088e-82,2.5954353672258696e-09,8,0.0,0.0,35,0.0737855871886121,0.13716192170818506,0.08914590747330961,0.12544483985765126,0.07516014234875444,0.10059608540925268,1.0,0.6012944839857651
100000000733373100,2,False,1,0,10710.0,0.0,1,0,False,0.0,0.0003041164736109612,0.0,4.704542937044844e-09,7,0.0,0.0,16,0.0737855871886121,0.06217526690391458,0.08967971530249111,0.05526690391459074,0.0703914590747331,0.06515124555160143,1.0,0.4164501779359431
100000000733451100,3,False,1,1,70000.0,300000.0,2,1,False,4.285714285714286,0.0005373674499523306,1.8043745829576477e-66,5.471115397677624e-71,10,0.0,0.0,12,0.0737855871886121,0.13716192170818506,0.03505338078291815,0.1316725978647687,0.13330960854092527,0.11530249110320284,1.0,0.6262855871886122
100000000733940100,4,False,1,0,752000.0,0.0,2,0,True,0.0,0.0004087355978191344,0.0,9.779410325871543e-41,7,0.0,0.0,36,0.0737855871886121,0.06217526690391458,0.05613879003558719,0.05526690391459074,0.11430604982206406,0.06515124555160143,0.75,0.3201178825622776
100000000737152100,4,False,1,0,35000.0,0.0,1,0,True,0.0,0.0003425646939359092,0.0,4.283141601133222e-74,7,0.0,0.0,0,0.0737855871886121,0.06217526690391458,0.03362989323843416,0.05526690391459074,0.09829181494661922,0.06515124555160143,0.75,0.2912255338078292
100000000749118100,3,False,1,1,10330.0,16500.0,1,1,False,1.5972894482090998,0.00028461500939504133,2.6832314995445345e-109,0.00022531170300319817,7,0.0,0.0,0,0.0737855871886121,0.13716192170818506,0.1675266903914591,0.11544483985765126,0.0037010676156583634,0.06515124555160143,1.0,0.5627713523131672
100000000764836100,3,False,1,2,251716.0,50000.0,1,2,False,0.1986365586613485,0.0003348476311603669,6.297732181437947e-93,0.000489710315103158,7,25000.0,0.5,8,0.0737855871886121,0.1554581850533808,0.17891459074733096,0.1213523131672598,0.09487544483985766,0.06515124555160143,1.0,0.6895373665480428
100000000765628100,2,False,1,0,5000.0,0.0,1,0,False,0.0,0.00031369607672330135,0.0,3.5583816880152084e-09,7,0.0,0.0,16,0.0737855871886121,0.06217526690391458,0.0895017793594306,0.05526690391459074,0.08256227758007118,0.06515124555160143,1.0,0.4284430604982207
100000000769919100,2,False,1,0,250000.0,0.0,1,0,False,0.0,0.0007306859163549969,0.0,7.023744070349373e-69,1,0.0,0.0,37,0.0737855871886121,0.06217526690391458,0.036476868327402136,0.05526690391459074,0.14690391459074734,0.01766903914590747,1.0,0.3922775800711743
100000000782285100,3,False,1,0,6151.0,0.0,1,0,False,0.0,0.0003191403635222244,0.0,1.3009936169874455e-07,7,0.0,0.0,0,0.0737855871886121,0.06217526690391458,0.10747330960854094,0.05526690391459074,0.08754448398576514,0.06515124555160143,1.0,0.45139679715302494
100000000783406100,3,False,1,0,6066.0,0.0,1,0,False,0.0,0.0002886182012723,0.0,6.872146713325152e-50,7,0.0,0.0,38,0.0737855871886121,0.06217526690391458,0.051645907473309605,0.05526690391459074,0.028149466192170815,0.06515124555160143,1.0,0.3361743772241993
100000000785800100,2,False,1,1,19000.0,19000.0,1,1,False,1.0,0.0003580522023961033,1.1143162185289003e-58,1.4930158548158734e-58,1,19000.0,1.0,39,0.0737855871886121,0.13716192170818506,0.04830960854092527,0.13395017793594308,0.10341637010676158,0.01766903914590747,1.0,0.5142927046263346
100000000790311100,2,False,1,0,46300.0,0.0,1,0,False,0.0,0.0002986535107257022,0.0,2.314671311414041e-06,7,0.0,0.0,3,0.0737855871886121,0.06217526690391458,0.1304270462633452,0.05526690391459074,0.061423487544483985,0.06515124555160143,1.0,0.44822953736654814
100000000791285100,3,False,1,3,1120000.0,650000.0,2,3,False,0.5803571428571429,0.0005624014778182515,1.4237328556815535e-08,2.2063500302303605e-35,7,620000.0,0.9538461538461539,14,0.0737855871886121,0.16390569395017793,0.05791814946619217,0.140711743772242,0.13836298932384342,0.06515124555160143,1.0,0.639835409252669
100000000795033100,2,False,1,0,18200.0,0.0,1,0,False,0.0,0.0005298610610115697,0.0,5.3452729328178185e-107,7,0.0,0.0,0,0.0737855871886121,0.06217526690391458,0.010409252669039146,0.05526690391459074,0.1299644128113879,0.06515124555160143,1.0,0.39675266903914586
100000000795129100,2,False,1,0,332000.0,0.0,1,0,False,0.0,0.0003888447767088215,0.0,6.198232676629145e-06,7,0.0,0.0,3,0.0737855871886121,0.06217526690391458,0.13959074733096086,0.05526690391459074,0.1106049822064057,0.06515124555160143,1.0,0.5065747330960855
100000000795374100,3,False,1,0,50000.0,0.0,1,0,False,0.0,0.0002941300775155358,0.0,0.00021825733259814325,7,0.0,0.0,8,0.0737855871886121,0.06217526690391458,0.1668594306049822,0.05526690391459074,0.050355871886121,0.06515124555160143,1.0,0.4735943060498221
100000000802149100,3,False,1,0,104128.0,0.0,1,0,False,0.0,0.00029320134088405155,0.0,0.001234921068374386,7,0.0,0.0,0,0.0737855871886121,0.06217526690391458,0.18807829181494662,0.05526690391459074,0.04754448398576512,0.06515124555160143,1.0,0.49200177935943057
100000000803368100,4,False,1,0,139503.0,0.0,1,0,True,0.0,0.0005451307230900888,0.0,6.279771391500857e-09,7,0.0,0.0,40,0.0737855871886121,0.06217526690391458,0.0900355871886121,0.05526690391459074,0.13487544483985767,0.06515124555160143,0.75,0.36096752669039145
100000000806727100,2,False,1,1,45000.0,5000.0,1,1,False,0.1111111111111111,0.0003438727866179303,3.906339662267793e-68,1.5614646128795808e-66,11,0.0,0.0,2,0.0737855871886121,0.13716192170818506,0.041370106761565835,0.1305338078291815,0.09886120996441282,0.11901245551601423,1.0,0.6007250889679715
100000000810551100,1,False,1,1,100000.0,7100.0,1,1,False,0.071,0.00030389888061776933,9.483920325879809e-122,0.0006535441719856479,10,0.0,0.0,2,0.0737855871886121,0.13716192170818506,0.1825177935943061,0.11224199288256229,0.0701423487544484,0.11530249110320284,1.0,0.6911521352313168
100000000817146100,1,False,1,0,70020.0,0.0,1,0,False,0.0,0.0005856492845310807,0.0,5.4510673443590454e-68,9,0.0,0.0,16,0.0737855871886121,0.06217526690391458,0.03763345195729537,0.05526690391459074,0.140355871886121,0.10908362989323844,1.0,0.47830071174377226
100000000821507100,2,False,1,0,400000.0,0.0,1,0,False,0.0,0.0003335533509325468,0.0,4.2976410819373515e-07,7,0.0,0.0,33,0.0737855871886121,0.06217526690391458,0.11494661921708188,0.05526690391459074,0.09451957295373667,0.06515124555160143,1.0,0.4658451957295374
100000000831684100,2,False,1,1,15000.0,50000.0,2,3,False,3.3333333333333335,0.001989688746334728,1.1934137522480796e-07,8.21552963007756e-110,1,15000.0,0.3,7,0.0737855871886121,0.13716192170818506,0.00965302491103203,0.14213523131672598,0.15743772241992882,0.01766903914590747,1.0,0.5378425266903915
100000000838385100,3,False,1,2,436900.0,177500.0,8,6,False,0.40627145799954223,0.00192785754820801,1.9131244858483304e-67,9.297729043323211e-61,7,122500.0,0.6901408450704225,15,0.0737855871886121,0.1554581850533808,0.04661921708185054,0.1311032028469751,0.15701067615658365,0.06515124555160143,1.0,0.6291281138790037
100000000850297100,2,False,1,1,17520.0,17520.0,1,1,False,1.0,0.0002923244824528395,2.2441070140009727e-07,1.6656694315226013e-06,1,17520.0,1.0,11,0.0737855871886121,0.13716192170818506,0.1275355871886121,0.142846975088968,0.04480427046263345,0.01766903914590747,1.0,0.5438033807829181
100000000860514100,3,False,1,1,12000.0,50000.0,1,1,False,4.166666666666667,0.0003045972713425163,6.297732181437894e-93,2.3082702239436074e-08,7,0.0,0.0,13,0.0737855871886121,0.13716192170818506,0.09617437722419929,0.12113879003558721,0.07110320284697509,0.06515124555160143,1.0,0.5645151245551602
100000000861294100,2,False,1,0,150000.0,0.0,1,0,False,0.0,0.0003122755742455012,0.0,1.4679823022092848e-06,1,0.0,0.0,41,0.0737855871886121,0.06217526690391458,0.1262455516014235,0.05526690391459074,0.0806405693950178,0.01766903914590747,1.0,0.41578291814946616
100000000870121100,3,False,1,0,12000.0,0.0,1,0,False,0.0,0.0003139232799007977,0.0,5.737513399448531e-11,7,0.0,0.0,12,0.0737855871886121,0.06217526690391458,0.08505338078291814,0.05526690391459074,0.08263345195729539,0.06515124555160143,1.0,0.42406583629893235
100000000878006100,3,False,1,0,47003.0,0.0,1,0,False,0.0,0.0002855479949696427,0.0,0.0038071130739681476,7,0.0,0.0,10,0.0737855871886121,0.06217526690391458,0.1923487544483986,0.05526690391459074,0.00804270462633452,0.06515124555160143,1.0,0.456770462633452
100000000896111100,3,False,1,0,287100.0,0.0,1,0,False,0.0,0.0003846317212893823,0.0,7.525527114119426e-33,1,0.0,0.0,21,0.0737855871886121,0.06217526690391458,0.06770462633451957,0.05526690391459074,0.10960854092526692,0.01766903914590747,1.0,0.3862099644128114
100000000907277100,1,False,1,0,17534.0,0.0,1,0,False,0.0,0.0002876897572583797,0.0,2.074477593090034e-32,1,0.0,0.0,22,0.0737855871886121,0.06217526690391458,0.07513345195729537,0.05526690391459074,0.02217081850533808,0.01766903914590747,1.0,0.30620106761565835
100000000910216100,2,False,1,1,71000.0,52010.0,3,1,False,0.7325352112676057,0.0003214555471579939,6.197873132800181e-07,1.3711332174813424e-05,7,0.0,0.0,2,0.0737855871886121,0.13716192170818506,0.1456405693950178,0.14412811387900357,0.08868327402135233,0.06515124555160143,1.0,0.6545507117437723
100000000912487100,2,False,1,0,10000.0,0.0,1,0,False,0.0,0.0002901015415212163,0.0,4.001125271110323e-05,9,0.0,0.0,2,0.0737855871886121,0.06217526690391458,0.15311387900355874,0.05526690391459074,0.03572953736654804,0.10908362989323844,1.0,0.4891548042704627
100000000913911100,2,False,2,1,467000.0,600000.0,2,1,False,1.284796573875803,0.0004566228399546354,3.0998919294146753e-56,0.0003074567878872996,7,0.0,0.0,2,0.15409697508896797,0.13716192170818506,0.17161921708185057,0.13451957295373668,0.119644128113879,0.06515124555160143,1.0,0.7821930604982207
100000000917179100,2,False,1,0,94465.0,0.0,2,0,False,0.0,0.0004234150843247524,0.0,9.035450155630915e-11,7,0.0,0.0,40,0.0737855871886121,0.06217526690391458,0.08594306049822065,0.05526690391459074,0.11594306049822065,0.06515124555160143,1.0,0.4582651245551602
100000000922570100,1,False,1,1,47101.0,50000.0,1,1,False,1.0615485870788306,0.00029180294448597356,6.297732181437894e-93,2.538566400563811e-07,1,0.0,0.0,7,0.0737855871886121,0.13716192170818506,0.11192170818505338,0.12113879003558721,0.04270462633451957,0.01766903914590747,1.0,0.5043816725978647
100000000926078100,4,False,1,0,250000.0,0.0,1,0,True,0.0,0.000513417179429368,0.0,6.167579880343997e-66,7,0.0,0.0,8,0.0737855871886121,0.06217526690391458,0.04225978647686833,0.05526690391459074,0.12569395017793594,0.06515124555160143,0.75,0.3182495551601424
100000000926766100,3,False,1,1,18750.0,6000.0,1,1,False,0.32,0.00031616226351288294,4.049404904146163e-11,2.8853377799295098e-08,7,6000.0,1.0,13,0.0737855871886121,0.13716192170818506,0.09795373665480428,0.1394306049822064,0.08448398576512457,0.06515124555160143,1.0,0.5979670818505339
100000000933075100,3,False,1,2,40000.0,55000.0,1,2,False,1.375,0.0008019146680380632,5.495185841330335e-85,1.2737477783710765e-07,8,40000.0,0.7272727272727273,7,0.0737855871886121,0.1554581850533808,0.1070284697508897,0.12427046263345197,0.1486120996441281,0.10059608540925268,1.0,0.7097508896797153
100000000941942100,1,False,1,0,130000.0,0.0,1,0,False,0.0,0.00030985735922454076,0.0,0.0007451550041148002,10,0.0,0.0,2,0.0737855871886121,0.06217526690391458,0.18434163701067618,0.05526690391459074,0.07750889679715303,0.11530249110320284,1.0,0.5683807829181495
100000000942301100,3,False,1,0,57580.0,0.0,2,0,False,0.0,0.0002989351424213296,0.0,0.0003544492325890814,7,0.0,0.0,0,0.0737855871886121,0.06217526690391458,0.1736654804270463,0.05526690391459074,0.06213523131672598,0.06515124555160143,1.0,0.49217971530249116
100000000943371100,2,False,1,0,15500.0,0.0,1,0,False,0.0,0.0003042693012359789,0.0,1.4968623191497362e-09,10,0.0,0.0,12,0.0737855871886121,0.06217526690391458,0.08825622775800712,0.05526690391459074,0.0706761565836299,0.11530249110320284,1.0,0.4654626334519573
100000000945428100,1,False,1,0,89629.0,0.0,1,0,False,0.0,0.0003007251407556035,0.0,0.0006024306707693661,7,0.0,0.0,0,0.0737855871886121,0.06217526690391458,0.1816725978647687,0.05526690391459074,0.06555160142348754,0.06515124555160143,1.0,0.503603202846975
100000000954884100,3,False,1,0,34000.0,0.0,1,0,False,0.0,0.00030971337236288774,0.0,1.6269742453374865e-49,7,0.0,0.0,38,0.0737855871886121,0.06217526690391458,0.05195729537366548,0.05526690391459074,0.07722419928825623,0.06515124555160143,1.0,0.38556049822064054
100000000955444100,2,False,1,0,6910.0,0.0,1,0,False,0.0,0.0003505538612311479,0.0,4.531313477349558e-98,1,0.0,0.0,23,0.0737855871886121,0.06217526690391458,0.014857651245551601,0.05526690391459074,0.1009964412811388,0.01766903914590747,1.0,0.32475088967971527
100000000955529100,3,False,1,1,27000.0,63500.0,1,1,False,2.3518518518518516,0.0002940270964030978,0.00018613007048324238,2.9318275028253614e-08,7,0.0,0.0,2,0.0737855871886121,0.13716192170818506,0.09804270462633452,0.15409252669039147,0.0501067615658363,0.06515124555160143,1.0,0.5783407473309609
100000000957746100,4,False,1,0,5300.0,0.0,1,0,True,0.0,0.0003453405458746512,0.0,5.448237397022138e-102,7,0.0,0.0,28,0.0737855871886121,0.06217526690391458,0.01298932384341637,0.05526690391459074,0.0994306049822064,0.06515124555160143,0.75,0.27659919928825616
100000000961900100,1,False,2,0,36000.0,0.0,3,0,False,0.0,0.0002927218103797962,0.0,0.0003636973874495954,7,0.0,0.0,0,0.15409697508896797,0.06217526690391458,0.17384341637010678,0.05526690391459074,0.04604982206405694,0.06515124555160143,1.0,0.5565836298932385
100000000967918100,2,False,1,0,21200.0,0.0,3,0,False,0.0,0.0004764349320878254,0.0,3.438590161253257e-100,7,0.0,0.0,0,0.0737855871886121,0.06217526690391458,0.013967971530249111,0.05526690391459074,0.12185053380782919,0.06515124555160143,1.0,0.39219750889679716
100000000968253100,1,False,1,0,15000.0,0.0,1,0,False,0.0,0.00028716190485509637,0.0,1.9187300474704926e-32,1,0.0,0.0,22,0.0737855871886121,0.06217526690391458,0.07357651245551601,0.05526690391459074,0.018362989323843417,0.01766903914590747,1.0,0.3008362989323843
100000000971908100,2,False,1,0,89000.0,0.0,1,0,False,0.0,0.0003007920033921556,0.0,1.1307593658669405e-06,1,0.0,0.0,41,0.0737855871886121,0.06217526690391458,0.12295373665480427,0.05526690391459074,0.06576512455516015,0.01766903914590747,1.0,0.3976156583629893
100000000976943100,3,False,1,1,70000.0,84000.0,1,3,False,1.2,0.00037128800088043597,2.88203842301665e-85,8.355652296741629e-05,8,11000.0,0.13095238095238096,11,0.0737855871886121,0.13716192170818506,0.15845195729537367,0.12419928825622777,0.10669039145907475,0.10059608540925268,1.0,0.700885231316726
100000000978041100,1,False,1,0,44445.0,0.0,1,0,False,0.0,0.0002932955331166105,0.0,3.302780428726819e-32,1,0.0,0.0,22,0.0737855871886121,0.06217526690391458,0.08087188612099644,0.05526690391459074,0.04797153024911032,0.01766903914590747,1.0,0.3377402135231316
100000000979567100,2,False,1,0,10000.0,0.0,1,0,False,0.0,0.0005275937190645013,0.0,1.0365216744397587e-115,1,0.0,0.0,22,0.0737855871886121,0.06217526690391458,0.0074288256227758006,0.05526690391459074,0.12797153024911034,0.01766903914590747,1.0,0.34429715302491104
100000000979923100,1,False,1,0,97900.0,0.0,1,0,False,0.0,0.0002988028598181407,0.0,0.00034224481679343726,8,0.0,0.0,11,0.0737855871886121,0.06217526690391458,0.1727758007117438,0.05526690391459074,0.06177935943060498,0.10059608540925268,1.0,0.5263790035587189
100000000981693100,4,False,1,0,16500.0,0.0,1,0,True,0.0,0.0005259600432542424,0.0,2.0012001147385106e-108,7,0.0,0.0,0,0.0737855871886121,0.06217526690391458,0.010053380782918151,0.05526690391459074,0.12683274021352314,0.06515124555160143,0.75,0.2949488434163701
100000000993112100,2,False,1,0,141000.0,0.0,1,0,False,0.0,0.00043849609564589764,0.0,7.282767575272159e-67,8,0.0,0.0,42,0.0737855871886121,0.06217526690391458,0.04074733096085409,0.05526690391459074,0.11850533807829182,0.10059608540925268,1.0,0.451076512455516
100000000998559100,1,False,1,0,100000.0,0.0,1,0,False,0.0,0.00030389888061776933,0.0,0.0006535441719856479,10,0.0,0.0,2,0.0737855871886121,0.06217526690391458,0.1825177935943061,0.05526690391459074,0.0701423487544484,0.11530249110320284,1.0,0.5591903914590748
100000001009583100,3,False,1,0,393740.0,0.0,1,0,False,0.0,0.0002966923677106565,0.0,0.011018887659811773,7,0.0,0.0,10,0.0737855871886121,0.06217526690391458,0.19795373665480429,0.05526690391459074,0.05622775800711744,0.06515124555160143,1.0,0.5105604982206406
100000001046057100,3,False,1,0,83420.0,0.0,1,0,False,0.0,0.0003167599414696876,0.0,2.9481267941669493e-08,7,0.0,0.0,4,0.0737855871886121,0.06217526690391458,0.09830960854092527,0.05526690391459074,0.08505338078291816,0.06515124555160143,1.0,0.4397419928825623
100000001046626100,3,False,1,0,150000.0,0.0,1,0,False,0.0,0.0002888583914926737,0.0,0.006801091478674387,7,0.0,0.0,10,0.0737855871886121,0.06217526690391458,0.19555160142348757,0.05526690391459074,0.029395017793594304,0.06515124555160143,1.0,0.4813256227758008
100000001049200100,1,False,2,4,76624.0,36000.0,2,5,False,0.46982668615577367,0.0002966693311897644,2.1535357401561375e-08,4.915068899905257e-05,7,0.0,0.0,43,0.15409697508896797,0.16814946619217083,0.15391459074733096,0.1409964412811388,0.05615658362989324,0.06515124555160143,1.0,0.7384653024911033
100000001052789100,3,False,1,0,70975.0,0.0,1,0,False,0.0,0.00029608894845587164,0.0,2.47404459009253e-05,7,0.0,0.0,43,0.0737855871886121,0.06217526690391458,0.14893238434163703,0.05526690391459074,0.05530249110320285,0.06515124555160143,1.0,0.46061387900355877
100000001052945100,3,False,1,3,56520.0,1595700.0,1,6,False,28.23248407643312,0.00029995808315298945,8.600948985266228e-42,1.091788621558096e-06,7,0.0,0.0,44,0.0737855871886121,0.16390569395017793,0.12268683274021353,0.13686832740213523,0.06441281138790035,0.06515124555160143,1.0,0.6268104982206406
100000001053894100,4,False,1,0,2000000.0,0.0,7,0,True,0.0,0.0004459360054648887,0.0,1.880618750781179e-32,7,0.0,0.0,30,0.0737855871886121,0.06217526690391458,0.07313167259786477,0.05526690391459074,0.11900355871886122,0.06515124555160143,0.75,0.33638567615658366
100000001056414100,3,False,1,0,250000.0,0.0,1,0,False,0.0,0.00029585999581635894,0.0,3.9802785895791547e-07,2,0.0,0.0,24,0.0737855871886121,0.06217526690391458,0.11459074733096086,0.05526690391459074,0.054946619217081855,0.03368327402135231,1.0,0.3944483985765125
100000001063678100,3,False,1,2,35000.0,90000.0,1,2,False,2.5714285714285716,0.0003264695247682544,3.0091882774244786e-84,1.7830514229182836e-06,7,20000.0,0.2222222222222222,29,0.0737855871886121,0.1554581850533808,0.12802491103202848,0.12476868327402135,0.09117437722419929,0.06515124555160143,1.0,0.6383629893238435
100000001065234100,4,False,1,0,360000.0,0.0,1,0,True,0.0,0.0005452429761834433,0.0,1.928690640550225e-55,7,0.0,0.0,45,0.0737855871886121,0.06217526690391458,0.0498220640569395,0.05526690391459074,0.13501779359430605,0.06515124555160143,0.75,0.33091414590747337
100000001065481100,4,False,1,0,16000.0,0.0,2,0,True,0.0,0.0004297362515467535,0.0,7.313058231881596e-08,7,0.0,0.0,12,0.0737855871886121,0.06217526690391458,0.10382562277580072,0.05526690391459074,0.11722419928825623,0.06515124555160143,0.75,0.35807161921708186
100000001066017100,3,False,2,4,136123.0,82500.0,3,4,False,0.6060695106631503,0.0002995846062234981,1.5618462927782228e-85,0.0009825987880025238,7,15500.0,0.18787878787878787,0,0.15409697508896797,0.16814946619217083,0.1870996441281139,0.12412811387900358,0.06370106761565836,0.06515124555160143,1.0,0.7623265124555161
100000001072022100,1,False,3,0,1684000.0,0.0,6,0,False,0.0,0.0004988741685930639,0.0,0.015915420643730676,10,0.0,0.0,2,0.1683896797153025,0.06217526690391458,0.19937722419928827,0.05526690391459074,0.12412811387900358,0.11530249110320284,1.0,0.7246396797153025
100000001073568100,3,False,1,2,707465.0,219503.0,4,3,False,0.31026693900051594,0.0004833190842718556,4.326062319886256e-07,3.862690992277676e-06,7,186980.0,0.8518334601349412,40,0.0737855871886121,0.1554581850533808,0.1349644128113879,0.14384341637010675,0.12256227758007118,0.06515124555160143,1.0,0.6957651245551603
100000001074553100,1,False,2,0,28971.0,0.0,2,0,False,0.0,0.00028794111063920824,0.0,1.4784778535148452e-06,2,0.0,0.0,4,0.15409697508896797,0.06217526690391458,0.12633451957295375,0.05526690391459074,0.024056939501779357,0.03368327402135231,1.0,0.45561387900355865
100000001083990100,2,False,1,0,49900.0,0.0,2,0,False,0.0,0.0004991464947856226,0.0,1.0464387168624857e-89,8,0.0,0.0,7,0.0737855871886121,0.06217526690391458,0.02126334519572954,0.05526690391459074,0.12419928825622777,0.10059608540925268,1.0,0.4372864768683274
100000001089055100,4,False,1,0,13000.0,0.0,1,0,True,0.0,0.00032747058709822296,0.0,1.3692581630161789e-06,7,0.0,0.0,28,0.0737855871886121,0.06217526690391458,0.12562277580071177,0.05526690391459074,0.0916014234875445,0.06515124555160143,0.75,0.3552024021352314
100000001102676100,2,False,1,1,50000.0,50000.0,1,1,False,1.0,0.00031131452702517934,0.00021962415219970252,4.268165438668225e-59,8,50000.0,1.0,2,0.0737855871886121,0.13716192170818506,0.04768683274021352,0.15444839857651246,0.07928825622775801,0.10059608540925268,1.0,0.5929670818505338
100000001103905100,1,False,1,0,18000.0,0.0,1,0,False,0.0,0.0002877868287737427,0.0,2.101863457525094e-32,1,0.0,0.0,22,0.0737855871886121,0.06217526690391458,0.07544483985765126,0.05526690391459074,0.023202846975088964,0.01766903914590747,1.0,0.3075444839857651
100000001110358100,3,False,2,0,32000.0,0.0,2,0,False,0.0,0.00029139440405508404,0.0,0.0002551023114270297,7,0.0,0.0,0,0.15409697508896797,0.06217526690391458,0.16921708185053383,0.05526690391459074,0.04092526690391459,0.06515124555160143,1.0,0.5468327402135231
100000001111763100,1,False,1,0,17144.0,0.0,1,0,False,0.0,0.0002876085171489556,0.0,2.051277074010457e-32,1,0.0,0.0,22,0.0737855871886121,0.06217526690391458,0.07477758007117438,0.05526690391459074,0.021530249110320282,0.01766903914590747,1.0,0.3052046263345195
100000001114385100,2,False,1,0,29500.0,0.0,1,0,False,0.0,0.00028865657643622014,0.0,2.147268235870347e-05,7,0.0,0.0,2,0.0737855871886121,0.06217526690391458,0.14786476868327403,0.05526690391459074,0.028327402135231314,0.06515124555160143,1.0,0.43257117437722425
100000001126374100,1,False,4,2,182500.0,29200.0,7,4,False,0.16,0.00031176533225087566,7.198151609144533e-101,0.0013081393551809832,7,21700.0,0.7431506849315068,0,0.17435498220640572,0.1554581850533808,0.18852313167259788,0.11814946619217082,0.0800711743772242,0.06515124555160143,1.0,0.7817081850533808
100000001130176100,3,False,1,0,25000.0,0.0,2,0,False,0.0,0.0005546793140193116,0.0,2.221102896440608e-102,7,0.0,0.0,0,0.0737855871886121,0.06217526690391458,0.012633451957295375,0.05526690391459074,0.13750889679715303,0.06515124555160143,1.0,0.4065213523131672
100000001130553100,4,False,1,0,18000.0,0.0,2,0,True,0.0,0.0005400819632523622,0.0,3.1710067450629586e-97,7,0.0,0.0,10,0.0737855871886121,0.06217526690391458,0.015925266903914593,0.05526690391459074,0.13373665480427047,0.06515124555160143,0.75,0.30453069395017796
100000001131403100,4,False,1,0,1570000.0,0.0,3,0,True,0.0,0.0005348952547920578,0.0,6.470223764871266e-42,7,0.0,0.0,44,0.0737855871886121,0.06217526690391458,0.05435943060498221,0.05526690391459074,0.1320284697508897,0.06515124555160143,0.75,0.33207517793594304
100000001138283100,3,False,1,2,81805.0,50000.0,1,2,False,0.6112095837662734,0.0003005501026680961,0.0001407128706116876,0.00027917322628661327,7,40000.0,0.8,8,0.0737855871886121,0.1554581850533808,0.17019572953736656,0.15352313167259787,0.06540925266903914,0.06515124555160143,1.0,0.6835231316725979
100000001138376100,2,False,1,0,15300.0,0.0,1,0,False,0.0,0.0002888672690544502,0.0,1.3305908996248343e-06,7,0.0,0.0,3,0.0737855871886121,0.06217526690391458,0.1251779359430605,0.05526690391459074,0.0295373665480427,0.06515124555160143,1.0,0.411094306049822
100000001140785100,3,False,2,0,215000.0,0.0,2,0,False,0.0,0.0003136188692497606,0.0,1.8646741140058047e-07,8,0.0,0.0,4,0.15409697508896797,0.06217526690391458,0.10960854092526691,0.05526690391459074,0.08249110320284699,0.10059608540925268,1.0,0.5642348754448399
100000001141268100,3,False,2,1,480000.0,10000.0,2,1,False,0.020833333333333332,0.00036279867558571173,1.0819421503297013e-116,3.1807029912279856e-07,9,10000.0,1.0,46,0.15409697508896797,0.13716192170818506,0.11361209964412813,0.11327402135231317,0.10491103202846976,0.10908362989323844,1.0,0.7321396797153024
100000001145749100,3,False,1,0,10000.0,0.0,1,0,False,0.0,0.0004755849171918146,0.0,2.06788724805589e-104,10,0.0,0.0,2,0.0737855871886121,0.06217526690391458,0.011387900355871887,0.05526690391459074,0.12177935943060499,0.11530249110320284,1.0,0.43969750889679715
100000001149815100,3,False,1,0,12000.0,0.0,1,0,False,0.0,0.00028589649474252516,0.0,5.330595717715959e-33,1,0.0,0.0,22,0.0737855871886121,0.06217526690391458,0.06281138790035587,0.05526690391459074,0.009608540925266904,0.01766903914590747,1.0,0.28131672597864765
100000001155773100,3,False,1,0,21500.0,0.0,1,0,False,0.0,0.0002873683689147149,0.0,7.135170461484155e-33,1,0.0,0.0,22,0.0737855871886121,0.06217526690391458,0.06708185053380783,0.05526690391459074,0.020355871886120994,0.01766903914590747,1.0,0.29633451957295365
100000001160401100,3,False,1,0,47190.0,0.0,2,0,False,0.0,0.00030321449238043477,0.0,7.567969009854746e-05,7,0.0,0.0,0,0.0737855871886121,0.06217526690391458,0.15782918149466196,0.05526690391459074,0.0693950177935943,0.06515124555160143,1.0,0.4836032028469751
100000001162560100,1,False,1,12,331300.0,2904398.0,2,14,False,8.76667069121642,0.000319384605440658,1.0283769395178095e-05,6.298562616693433e-06,1,172000.0,0.059220533824909674,4,0.0737855871886121,0.17583629893238434,0.13976868327402137,0.14903914590747333,0.08797153024911034,0.01766903914590747,1.0,0.6440702846975089
100000001164648100,1,False,2,0,13660.0,0.0,2,0,False,0.0,0.0002885804415231676,0.0,2.5257491265587718e-05,7,0.0,0.0,47,0.15409697508896797,0.06217526690391458,0.14911032028469753,0.05526690391459074,0.027971530249110317,0.06515124555160143,1.0,0.5137722419928825
100000001166289100,2,False,2,1,721039.0,25000.0,10,1,False,0.0346721883282319,0.002116237595584423,8.536575726192396e-35,1.3886723969045005e-33,1,25000.0,1.0,22,0.15409697508896797,0.13716192170818506,0.06156583629893239,0.13765124555160144,0.15807829181494662,0.01766903914590747,1.0,0.6662233096085409
100000001169666100,3,False,1,1,220000.0,24000.0,2,1,False,0.10909090909090909,0.00031778103867857716,9.14926609249124e-104,1.1330312560982993e-07,9,0.0,0.0,18,0.0737855871886121,0.13716192170818506,0.10640569395017795,0.11697508896797153,0.08626334519572955,0.10908362989323844,1.0,0.6296752669039147
100000001184915100,2,False,1,0,201000.0,0.0,2,0,False,0.0,0.0003474900135174017,0.0,4.8227734581291106e-06,7,0.0,0.0,3,0.0737855871886121,0.06217526690391458,0.1370996441281139,0.05526690391459074,0.10007117437722421,0.06515124555160143,1.0,0.49354982206405706
100000001194266100,1,False,1,0,50000.0,0.0,1,0,False,0.0,0.00029396808293981694,0.0,0.00046212551581599893,10,0.0,0.0,2,0.0737855871886121,0.06217526690391458,0.17766903914590748,0.05526690391459074,0.0498220640569395,0.11530249110320284,1.0,0.5340213523131673
100000001202637100,4,False,1,0,10000.0,0.0,1,0,True,0.0,0.0005454813242282881,0.0,1.0365216744397587e-115,9,0.0,0.0,18,0.0737855871886121,0.06217526690391458,0.0074288256227758006,0.05526690391459074,0.13523131672597866,0.10908362989323844,0.75,0.33222864768683275
100000001202787100,4,False,2,0,14850.0,0.0,2,0,True,0.0,0.00034917929522766466,0.0,8.211632589793556e-08,7,0.0,0.0,0,0.15409697508896797,0.06217526690391458,0.1043594306049822,0.05526690391459074,0.1004982206405694,0.06515124555160143,0.75,0.40616103202846976
100000001220124100,4,False,1,0,40000.0,0.0,1,0,True,0.0,0.0005363353270662957,0.0,1.5296360044194496e-95,7,0.0,0.0,8,0.0737855871886121,0.06217526690391458,0.017037366548042703,0.05526690391459074,0.13288256227758008,0.06515124555160143,0.75,0.3047241992882562
100000001222245100,4,False,1,0,420000.0,0.0,5,0,True,0.0,0.0005458376533860373,0.0,2.4798740055461783e-61,7,0.0,0.0,10,0.0737855871886121,0.06217526690391458,0.04599644128113879,0.05526690391459074,0.13544483985765127,0.06515124555160143,0.75,0.32836521352313164
100000001222263100,3,False,1,1,745570.0,420000.0,1,5,False,0.5633273870998028,0.0003080004330785603,1.6775671526653682e-61,0.015162722932966947,7,300000.0,0.7142857142857143,10,0.0737855871886121,0.13716192170818506,0.19928825622775803,0.13288256227758008,0.07537366548042704,0.06515124555160143,1.0,0.6836432384341637
100000001223977100,3,False,1,1,5000.0,18000.0,1,1,False,3.6,0.000303863894297498,5.169746095617842e-108,7.380607696805577e-81,10,0.0,0.0,48,0.0737855871886121,0.13716192170818506,0.02935943060498221,0.11562277580071176,0.0700355871886121,0.11530249110320284,1.0,0.541267793594306
100000001227106100,3,False,1,0,164765.0,0.0,1,0,False,0.0,0.0002893329490493263,0.0,0.007127963517521799,7,0.0,0.0,10,0.0737855871886121,0.06217526690391458,0.1959964412811388,0.05526690391459074,0.03174377224199288,0.06515124555160143,1.0,0.4841192170818506
100000001229743100,3,False,1,1,7000.0,9000.0,1,1,False,1.2857142857142858,0.00028688196527521464,3.0091882774244547e-118,2.9147638616398577e-05,7,0.0,0.0,0,0.0737855871886121,0.13716192170818506,0.15080071174377227,0.11270462633451958,0.01615658362989324,0.06515124555160143,1.0,0.5557606761565838
100000001232297100,2,False,1,2,5000.0,45000.0,1,2,False,9.0,0.00029056374202770786,0.00017473782241850795,8.501606683995995e-10,10,0.0,0.0,12,0.0737855871886121,0.1554581850533808,0.08745551601423487,0.15387900355871886,0.037651245551601424,0.11530249110320284,1.0,0.6235320284697508
100000001236706100,3,False,3,2,142700.0,36000.0,3,2,False,0.25227750525578135,0.0007612755268929274,8.881556163720959e-98,0.0033489673193041795,7,0.0,0.0,12,0.1683896797153025,0.1554581850533808,0.19225978647686837,0.11943060498220641,0.14761565836298934,0.06515124555160143,1.0,0.8483051601423488
100000001241318100,2,False,1,0,53000.0,0.0,1,0,False,0.0,0.0005276996511247986,0.0,1.9002905978138854e-91,7,0.0,0.0,0,0.0737855871886121,0.06217526690391458,0.019572953736654807,0.05526690391459074,0.12818505338078293,0.06515124555160143,1.0,0.4041370106761566
100000001246806100,4,False,1,0,130000.0,0.0,1,0,True,0.0,0.0005298234725292978,0.0,2.1511995096683512e-78,9,0.0,0.0,4,0.0737855871886121,0.06217526690391458,0.03176156583629893,0.05526690391459074,0.12982206405693952,0.10908362989323844,0.75,0.34642126334519574
100000001248999100,3,False,1,0,23425.0,0.0,1,0,False,0.0,0.00028769745554489066,0.0,5.014936882736006e-05,7,0.0,0.0,28,0.0737855871886121,0.06217526690391458,0.15400355871886123,0.05526690391459074,0.022491103202846974,0.06515124555160143,1.0,0.43287366548042705
100000001249054100,4,False,1,0,17375.0,0.0,1,0,True,0.0,0.00029049185542129633,0.0,3.551717212903438e-08,7,0.0,0.0,18,0.0737855871886121,0.06217526690391458,0.09955516014234876,0.05526690391459074,0.037224199288256224,0.06515124555160143,0.75,0.29486877224199287
100000001250022100,2,False,1,0,50000.0,0.0,1,0,False,0.0,0.0002934500482564101,0.0,8.475399773461372e-07,1,0.0,0.0,41,0.0737855871886121,0.06217526690391458,0.12019572953736656,0.05526690391459074,0.04832740213523132,0.01766903914590747,1.0,0.3774199288256228
100000001251686100,2,False,1,0,18000.0,0.0,1,0,False,0.0,0.00029495294652869767,0.0,5.368072855616974e-05,9,0.0,0.0,2,0.0737855871886121,0.06217526690391458,0.15480427046263345,0.05526690391459074,0.05259786476868327,0.10908362989323844,1.0,0.5077135231316726
100000001252290100,3,False,1,1,141005.0,5000.0,1,1,False,0.03545973547037339,0.0002885692858223662,6.2977321814379195e-127,0.006594019746057501,7,0.0,0.0,10,0.0737855871886121,0.13716192170818506,0.19519572953736655,0.111067615658363,0.02782918149466192,0.06515124555160143,1.0,0.6101912811387901
100000001253557100,1,False,5,0,210200.0,0.0,5,0,False,0.0,0.00034920144481923363,0.0,3.436976168115221e-06,10,0.0,0.0,4,0.17655693950177936,0.06217526690391458,0.13398576512455518,0.05526690391459074,0.10056939501779359,0.11530249110320284,1.0,0.6438567615658364
100000001256409100,4,False,1,0,8000.0,0.0,1,0,True,0.0,0.0005438890386808796,0.0,5.876151065059731e-119,1,0.0,0.0,35,0.0737855871886121,0.06217526690391458,0.006183274021352315,0.05526690391459074,0.13459074733096085,0.01766903914590747,0.75,0.2622531138790035
100000001262647100,2,False,1,0,23650.0,0.0,1,0,False,0.0,0.00030174269463904336,0.0,4.5293036166624124e-65,7,0.0,0.0,3,0.0737855871886121,0.06217526690391458,0.04323843416370107,0.05526690391459074,0.06775800711743772,0.06515124555160143,1.0,0.3673754448398576
100000001270349100,3,False,1,0,200000.0,0.0,1,0,False,0.0,0.000353302526762055,0.0,2.739151170852008e-08,1,0.0,0.0,41,0.0737855871886121,0.06217526690391458,0.09741992882562278,0.05526690391459074,0.1014946619217082,0.01766903914590747,1.0,0.40781138790035587
100000001270470100,4,False,1,0,28300.0,0.0,2,0,True,0.0,0.0004272626129212426,0.0,6.4822670770202e-93,7,0.0,0.0,0,0.0737855871886121,0.06217526690391458,0.018505338078291817,0.05526690391459074,0.11672597864768686,0.06515124555160143,0.75,0.2937077402135232
100000001273783100,2,False,1,0,23200.0,0.0,1,0,False,0.0,0.0002950111993503702,0.0,1.916751258782331e-06,1,0.0,0.0,11,0.0737855871886121,0.06217526690391458,0.12891459074733097,0.05526690391459074,0.05274021352313168,0.01766903914590747,1.0,0.3905516014234875
100000001275557100,4,False,1,0,20000.0,0.0,1,0,True,0.0,0.0003457037510537993,0.0,4.52997908921288e-84,7,0.0,0.0,29,0.0737855871886121,0.06217526690391458,0.02642348754448398,0.05526690391459074,0.09957295373665481,0.06515124555160143,0.75,0.28678158362989326
100000001275752100,3,False,1,0,151500.0,0.0,1,0,False,0.0,0.00029178992642312895,0.0,3.426154286356592e-06,9,0.0,0.0,4,0.0737855871886121,0.06217526690391458,0.1338967971530249,0.05526690391459074,0.042562277580071174,0.10908362989323844,1.0,0.476770462633452
100000001276409100,4,False,1,0,94760.0,0.0,1,0,True,0.0,0.00031923930358173546,0.0,8.294467301867112e-08,7,0.0,0.0,18,0.0737855871886121,0.06217526690391458,0.10471530249110322,0.05526690391459074,0.08768683274021352,0.06515124555160143,0.75,0.33658585409252667
100000001279272100,3,False,1,2,250000.0,136758.0,1,2,False,0.547032,0.00030603918586061566,0.00014098166019517385,0.0019134866687669902,7,130000.0,0.9505842437005514,0,0.0737855871886121,0.1554581850533808,0.1903914590747331,0.15359430604982208,0.07309608540925268,0.06515124555160143,1.0,0.7114768683274022
100000001279875100,2,False,1,0,49235.0,0.0,1,0,False,0.0,0.00030162510612576077,0.0,8.390979182873295e-09,1,0.0,0.0,24,0.0737855871886121,0.06217526690391458,0.09048042704626336,0.05526690391459074,0.06754448398576512,0.01766903914590747,1.0,0.3669217081850534
100000001280798100,3,False,1,0,23785.0,0.0,1,0,False,0.0,0.00029283756889128055,0.0,2.751744520487545e-08,7,0.0,0.0,18,0.0737855871886121,0.06217526690391458,0.09759786476868328,0.05526690391459074,0.046263345195729534,0.06515124555160143,1.0,0.40024021352313166
100000001282143100,3,False,5,0,1700000.0,0.0,6,0,False,0.0,0.00039944917516152706,0.0,1.0160970398423906e-05,10,0.0,0.0,24,0.17655693950177936,0.06217526690391458,0.14359430604982207,0.05526690391459074,0.11309608540925269,0.11530249110320284,1.0,0.6659919928825622
100000001285440100,3,False,2,0,243000.0,0.0,2,0,False,0.0,0.00031859982885716696,0.0,2.358095634901819e-06,9,0.0,0.0,46,0.15409697508896797,0.06217526690391458,0.13069395017793595,0.05526690391459074,0.08697508896797153,0.10908362989323844,1.0,0.5982918149466192
100000001286703100,4,False,1,0,20500.0,0.0,1,0,True,0.0,0.00028569674714394556,0.0,1.9039813701647677e-33,7,0.0,0.0,30,0.0737855871886121,0.06217526690391458,0.06174377224199288,0.05526690391459074,0.008825622775800712,0.06515124555160143,0.75,0.24521129893238436
100000001287955100,2,False,1,4,17520.0,310000.0,1,5,False,17.69406392694064,0.0002923244824528395,4.608578762361397e-06,1.6656694315226013e-06,1,17520.0,0.05651612903225806,24,0.0737855871886121,0.16814946619217083,0.1275355871886121,0.14747330960854094,0.04480427046263345,0.01766903914590747,1.0,0.579417259786477
100000001290243100,2,False,1,0,10000.0,0.0,1,0,False,0.0,0.00031818722392608833,0.0,1.515355928675871e-07,7,0.0,0.0,16,0.0737855871886121,0.06217526690391458,0.10800711743772243,0.05526690391459074,0.08640569395017794,0.06515124555160143,1.0,0.45079181494661924
100000001297206100,4,False,1,0,6758.0,0.0,1,0,True,0.0,0.0002968919694148083,0.0,4.504338323273011e-07,7,0.0,0.0,0,0.0737855871886121,0.06217526690391458,0.1153914590747331,0.05526690391459074,0.05665480427046263,0.06515124555160143,0.75,0.32131895017793594
100000001298099100,3,False,1,0,19000.0,0.0,1,0,False,0.0,0.0002910671523612509,0.0,2.4594235821227517e-08,7,0.0,0.0,18,0.0737855871886121,0.06217526690391458,0.09670818505338079,0.05526690391459074,0.039786476868327404,0.06515124555160143,1.0,0.392873665480427
100000001299323100,4,False,1,0,109000.0,0.0,1,0,True,0.0,0.0002982779133903301,0.0,2.2332785851129928e-07,8,0.0,0.0,4,0.0737855871886121,0.06217526690391458,0.11076512455516015,0.05526690391459074,0.06056939501779359,0.10059608540925268,0.75,0.3473687722419928
100000001299443100,4,False,1,0,8000.0,0.0,1,0,True,0.0,0.00028829025164564195,0.0,1.0866393528526269e-08,1,0.0,0.0,47,0.0737855871886121,0.06217526690391458,0.09243772241992883,0.05526690391459074,0.026476868327402134,0.01766903914590747,0.75,0.24585854092526685
100000001299828100,4,False,1,0,100000.0,0.0,1,0,True,0.0,0.0005439723561262576,0.0,3.2777693353611925e-82,7,0.0,0.0,0,0.0737855871886121,0.06217526690391458,0.028247330960854092,0.05526690391459074,0.13466192170818506,0.06515124555160143,0.75,0.3144661921708185
100000001303311100,3,False,5,0,1324000.0,0.0,5,0,False,0.0,0.0004987325781304479,0.0,4.979984061640963e-06,9,0.0,0.0,46,0.17655693950177936,0.06217526690391458,0.13763345195729537,0.05526690391459074,0.12405693950177936,0.10908362989323844,1.0,0.6647731316725978
100000001307612100,1,False,1,0,38483.0,0.0,1,0,False,0.0,0.00029205360098228723,0.0,3.0732840891043516e-32,1,0.0,0.0,22,0.0737855871886121,0.06217526690391458,0.0798932384341637,0.05526690391459074,0.04370106761565836,0.01766903914590747,1.0,0.33249110320284686
100000001308856100,2,False,1,0,27000.0,0.0,1,0,False,0.0,0.00029313826041439916,0.0,3.939793911431163e-34,1,0.0,0.0,22,0.0737855871886121,0.06217526690391458,0.0601423487544484,0.05526690391459074,0.04740213523131672,0.01766903914590747,1.0,0.31644128113878994
100000001311175100,4,False,1,0,300000.0,0.0,1,0,True,0.0,0.0005283363577701262,0.0,2.991898391950322e-65,2,0.0,0.0,24,0.0737855871886121,0.06217526690391458,0.042971530249110323,0.05526690391459074,0.12889679715302493,0.03368327402135231,0.75,0.29758451957295373
100000001317336100,3,False,1,2,131196.0,1752000.0,1,3,False,13.354065672733924,0.0003417888666986829,2.062355373907076e-40,3.6879976425441583e-06,7,0.0,0.0,36,0.0737855871886121,0.1554581850533808,0.13443060498220644,0.13722419928825624,0.09779359430604982,0.06515124555160143,1.0,0.6638434163701069
100000001325618100,4,False,1,0,9300.0,0.0,1,0,True,0.0,0.00028898135868300577,0.0,1.171606870576804e-08,1,0.0,0.0,47,0.0737855871886121,0.06217526690391458,0.09288256227758007,0.05526690391459074,0.030320284697508897,0.01766903914590747,0.75,0.2490747330960854
100000001329153100,3,False,1,0,150687.0,0.0,1,0,False,0.0,0.0002924647311917786,0.0,0.0008605408332993719,7,0.0,0.0,0,0.0737855871886121,0.06217526690391458,0.18612099644128116,0.05526690391459074,0.045195729537366544,0.06515124555160143,1.0,0.4876957295373665
100000001330595100,2,False,3,1,87000.0,154000.0,6,1,False,1.7701149425287357,0.0006711400119333405,2.5698545809019934e-76,2.4312470672510026e-41,1,0.0,0.0,34,0.1683896797153025,0.13716192170818506,0.055338078291814946,0.12747330960854092,0.14483985765124557,0.01766903914590747,1.0,0.6508718861209964
100000001330685100,1,False,3,1,2435923.0,100500.0,7,1,False,0.04125746175063826,0.0004354366001091742,1.2818881713671687e-82,0.026715472784715394,7,0.0,0.0,10,0.1683896797153025,0.13716192170818506,0.19991103202846977,0.12569395017793594,0.11807829181494663,0.06515124555160143,1.0,0.8143861209964415
100000001339466100,2,False,1,0,30000.0,0.0,1,0,False,0.0,0.0003022300540399198,0.0,6.930152257010877e-05,9,0.0,0.0,2,0.0737855871886121,0.06217526690391458,0.15658362989323846,0.05526690391459074,0.06854092526690392,0.10908362989323844,1.0,0.5254359430604982
100000001346560100,2,False,2,1,10000.0,22200.0,2,1,False,2.22,0.0005829775429352026,6.4595932448815094e-105,5.2924814995369126e-67,11,5000.0,0.22522522522522523,2,0.15409697508896797,0.13716192170818506,0.040302491103202845,0.11679715302491105,0.1401423487544484,0.11901245551601423,1.0,0.7075133451957295
100000001362940100,1,False,1,0,81000.0,0.0,1,0,False,0.0,0.00030012517750014744,0.0,0.0005881897547870831,10,0.0,0.0,2,0.0737855871886121,0.06217526690391458,0.1813167259786477,0.05526690391459074,0.06476868327402135,0.11530249110320284,1.0,0.5526156583629893
100000001363952100,1,False,2,1,196655.0,91000.0,2,2,False,0.4627393150441128,0.00030540447434634384,4.381384618869213e-84,0.0006106397873619844,7,10000.0,0.10989010989010989,8,0.15409697508896797,0.13716192170818506,0.18176156583629896,0.12483985765124557,0.07217081850533807,0.06515124555160143,1.0,0.7351823843416372
100000001373265100,3,False,1,1,142482.0,5000.0,1,1,False,0.0350921519911287,0.00031279810977961637,6.2977321814379195e-127,0.0003684375132351174,7,0.0,0.0,8,0.0737855871886121,0.13716192170818506,0.1740213523131673,0.111067615658363,0.0814946619217082,0.06515124555160143,1.0,0.642682384341637
100000001378288100,4,False,1,0,268000.0,0.0,3,0,True,0.0,0.0005202988518498537,0.0,2.040519476647931e-65,7,0.0,0.0,8,0.0737855871886121,0.06217526690391458,0.042704626334519574,0.05526690391459074,0.12604982206405693,0.06515124555160143,0.75,0.3188500889679715
100000001379511100,3,False,1,0,55000.0,0.0,1,0,False,0.0,0.0003056118008628028,0.0,2.393825064198439e-08,7,0.0,0.0,4,0.0737855871886121,0.06217526690391458,0.09644128113879004,0.05526690391459074,0.07245551601423487,0.06515124555160143,1.0,0.42527580071174376
100000001380054100,1,False,2,3,127050.0,360000.0,2,4,False,2.833530106257379,0.0007111850674503871,8.88155616372095e-64,2.1012843053580658e-66,1,7050.0,0.019583333333333335,27,0.15409697508896797,0.16390569395017793,0.041637010676156584,0.1325978647686833,0.14626334519572956,0.01766903914590747,1.0,0.6561699288256228
100000001380107100,3,False,1,0,6000.0,0.0,1,0,False,0.0,0.000289377037776216,0.0,5.698006333014747e-10,10,0.0,0.0,31,0.0737855871886121,0.06217526690391458,0.08709964412811388,0.05526690391459074,0.03195729537366548,0.11530249110320284,1.0,0.42558718861209965
100000001380986100,2,False,1,0,70170.0,0.0,1,0,False,0.0,0.0002905961436207174,0.0,1.0587352103583355e-07,1,0.0,0.0,4,0.0737855871886121,0.06217526690391458,0.1061387900355872,0.05526690391459074,0.03800711743772242,0.01766903914590747,1.0,0.35304270462633447
100000001382002100,2,False,1,1,55000.0,56500.0,2,3,False,1.0272727272727273,0.0006580610275570293,0.00018469065413848,3.6849218365677605e-81,7,0.0,0.0,0,0.0737855871886121,0.13716192170818506,0.029270462633451955,0.15395017793594307,0.14448398576512456,0.06515124555160143,1.0,0.6038033807829182
100000001384826100,3,False,1,1,364260.0,10000.0,1,1,False,0.027452918245209467,0.0002957448596327615,1.0819421503297013e-116,0.010598361492686996,7,0.0,0.0,10,0.0737855871886121,0.13716192170818506,0.19786476868327404,0.11327402135231317,0.05459074733096086,0.06515124555160143,1.0,0.6418282918149466
100000001386612100,2,False,1,0,62264.0,0.0,1,0,False,0.0,0.0004309681871908696,0.0,9.324720429460171e-07,7,0.0,0.0,49,0.0737855871886121,0.06217526690391458,0.12117437722419931,0.05526690391459074,0.11729537366548044,0.06515124555160143,1.0,0.4948487544483986
100000001389255100,1,False,1,0,16136.0,0.0,1,0,False,0.0,0.00028739854271229043,0.0,1.9900600882115239e-32,1,0.0,0.0,22,0.0737855871886121,0.06217526690391458,0.07455516014234875,0.05526690391459074,0.020640569395017794,0.01766903914590747,1.0,0.30409252669039144
100000001411870100,1,False,2,0,900000.0,0.0,4,0,False,0.0,0.00047521134937254594,0.0,1.3904914971142694e-05,2,0.0,0.0,41,0.15409697508896797,0.06217526690391458,0.14572953736654806,0.05526690391459074,0.1217081850533808,0.03368327402135231,1.0,0.5726601423487544
100000001415126100,0,True,1,0,27000.0,0.0,1,0,False,0.0,0.00040717930064372554,0.0,8.738546660626227e-10,7,0.0,0.0,49,0.0737855871886121,0.06217526690391458,0.08754448398576513,0.05526690391459074,0.11416370106761567,0.06515124555160143,1.0,0.4580871886120996
100000001418900100,2,False,1,0,40140.0,0.0,2,0,False,0.0,0.00029756740165529934,0.0,4.803748995936864e-34,1,0.0,0.0,22,0.0737855871886121,0.06217526690391458,0.060498220640569395,0.05526690391459074,0.05829181494661922,0.01766903914590747,1.0,0.3276868327402135
100000001420847100,2,False,1,0,20000.0,0.0,2,0,False,0.0,0.00030118034372114146,0.0,1.683342463850576e-67,7,0.0,0.0,43,0.0737855871886121,0.06217526690391458,0.03905693950177936,0.05526690391459074,0.06647686832740213,0.06515124555160143,1.0,0.3619128113879003
100000001427082100,3,False,1,5,5000.0,124900.0,1,6,False,24.98,0.0004366539352720273,3.091489335179343e-79,8.240195351961467e-81,7,0.0,0.0,32,0.0737855871886121,0.17043149466192173,0.029537366548042704,0.12704626334519575,0.11822064056939503,0.06515124555160143,1.0,0.5841725978647688
100000001429930100,0,True,1,0,26000.0,0.0,1,0,False,0.0,0.0003487902736462198,0.0,8.445391051880198e-11,7,0.0,0.0,12,0.0737855871886121,0.06217526690391458,0.08576512455516015,0.05526690391459074,0.100355871886121,0.06515124555160143,1.0,0.4425
100000001439416100,3,False,1,2,10000.0,165000.0,1,3,False,16.5,0.00034110618179959804,2.6248862215349055e-06,1.6588316091938526e-07,7,0.0,0.0,0,0.0737855871886121,0.1554581850533808,0.10871886120996442,0.14647686832740214,0.09772241992882563,0.06515124555160143,1.0,0.6473131672597865
100000001445848100,3,False,1,1,546000.0,351850.0,13,14,False,0.6444139194139195,0.0006963650369430018,3.2726650825872744e-06,6.51984905199082e-49,7,220500.0,0.6266875088816257,38,0.0737855871886121,0.13716192170818506,0.052135231316725976,0.14683274021352316,0.14569395017793593,0.06515124555160143,1.0,0.6207606761565837
100000001463701100,1,False,2,0,621000.0,0.0,2,0,False,0.0,0.0005688588808238068,0.0,0.0005530868182675643,8,0.0,0.0,11,0.15409697508896797,0.06217526690391458,0.18078291814946623,0.05526690391459074,0.13900355871886122,0.10059608540925268,1.0,0.6919217081850535
100000001471706100,4,False,1,0,377000.0,0.0,8,0,True,0.0,0.0005369136656115085,0.0,6.652940200539308e-63,8,0.0,0.0,49,0.0737855871886121,0.06217526690391458,0.044839857651245554,0.05526690391459074,0.1330604982206406,0.10059608540925268,0.75,0.35229314946619217
100000001477796100,1,False,1,0,182000.0,0.0,1,0,False,0.0,0.000328835743773571,0.0,2.844793458107438e-05,1,0.0,0.0,2,0.0737855871886121,0.06217526690391458,0.15062277580071176,0.05526690391459074,0.09238434163701069,0.01766903914590747,1.0,0.4519039145907473
100000001484381100,3,False,2,0,95585.0,0.0,4,0,False,0.0,0.00031951026744939294,0.0,9.971761111150646e-08,7,0.0,0.0,18,0.15409697508896797,0.06217526690391458,0.10587188612099646,0.05526690391459074,0.08804270462633453,0.06515124555160143,1.0,0.5306049822064057
100000001490461100,2,False,1,1,20000.0,5000.0,1,1,False,0.25,0.00031921640614069805,6.2977321814379195e-127,6.1392664622981055e-71,9,0.0,0.0,18,0.0737855871886121,0.13716192170818506,0.035142348754448396,0.111067615658363,0.08761565836298933,0.10908362989323844,1.0,0.5538567615658363
100000001498732100,4,False,1,0,5500.0,0.0,1,0,True,0.0,0.0002878525042025582,0.0,5.317023187926396e-12,7,0.0,0.0,4,0.0737855871886121,0.06217526690391458,0.08416370106761567,0.05526690391459074,0.023558718861209964,0.06515124555160143,0.75,0.2730760676156584
100000001524952100,1,False,1,0,103807.0,0.0,1,0,False,0.0,0.0003033649159978826,0.0,0.000648330001460648,7,0.0,0.0,0,0.0737855871886121,0.06217526690391458,0.1823843416370107,0.05526690391459074,0.06953736654804271,0.06515124555160143,1.0,0.5083007117437722
100000001526235100,2,False,3,8,82000.0,432750.0,4,9,False,5.277439024390244,0.0008722876447176362,5.421715659254556e-06,5.00829528800006e-10,7,45500.0,0.10514153668399769,13,0.1683896797153025,0.17407473309608543,0.08701067615658364,0.14782918149466193,0.1504626334519573,0.06515124555160143,1.0,0.7929181494661923
100000001527186100,1,False,1,0,678000.0,0.0,2,0,False,0.0,0.00041869890177489907,0.0,0.0017017266221437664,10,0.0,0.0,2,0.0737855871886121,0.06217526690391458,0.1899466192170819,0.05526690391459074,0.11516014234875446,0.11530249110320284,1.0,0.6116370106761566
100000001530709100,3,False,1,0,53961.0,0.0,1,0,False,0.0,0.0002870551528272424,0.0,0.0005149601043179045,7,0.0,0.0,0,0.0737855871886121,0.06217526690391458,0.179626334519573,0.05526690391459074,0.01715302491103203,0.06515124555160143,1.0,0.4531583629893239
100000001530740100,2,False,1,0,15000.0,0.0,1,0,False,0.0,0.0005266932700984947,0.0,8.21552963007756e-110,7,0.0,0.0,16,0.0737855871886121,0.06217526690391458,0.00965302491103203,0.05526690391459074,0.12718861209964413,0.06515124555160143,1.0,0.393220640569395
100000001530983100,1,False,4,11,564158.0,1829538.0,4,17,False,3.24295321523403,0.00035407417610075503,0.00041695463126416717,0.006351971680790369,7,286290.0,0.15648212827500713,16,0.17435498220640572,0.17551601423487545,0.19483985765124556,0.15594306049822065,0.10170818505338079,0.06515124555160143,1.0,0.8675133451957295
100000001533161100,4,False,1,0,100000.0,0.0,1,0,True,0.0,0.00032254587697308815,0.0,4.282847065843888e-08,7,0.0,0.0,50,0.0737855871886121,0.06217526690391458,0.10035587188612101,0.05526690391459074,0.0893238434163701,0.06515124555160143,0.75,0.33454403914590747
100000001534244100,3,False,2,1,366000.0,45000.0,2,1,False,0.12295081967213115,0.0003396808410342695,1.7515781087710474e-94,7.859563495032983e-07,8,0.0,0.0,4,0.15409697508896797,0.13716192170818506,0.11983985765124557,0.1204982206405694,0.09736654804270463,0.10059608540925268,1.0,0.7295596085409253
100000001537524100,4,False,1,0,150000.0,0.0,1,0,True,0.0,0.0002970541849091251,0.0,2.1569355185980164e-07,8,0.0,0.0,24,0.0737855871886121,0.06217526690391458,0.11049822064056941,0.05526690391459074,0.057010676156583624,0.10059608540925268,0.75,0.3444995551601423
100000001538095100,3,False,2,0,280000.0,0.0,2,0,False,0.0,0.0003283091783481704,0.0,3.2576597661972203e-06,9,0.0,0.0,24,0.15409697508896797,0.06217526690391458,0.1336298932384342,0.05526690391459074,0.09217081850533809,0.10908362989323844,1.0,0.606423487544484
100000001541418100,2,False,2,0,96900.0,0.0,2,0,False,0.0,0.0003019218287540738,0.0,1.0839147875449643e-06,7,0.0,0.0,4,0.15409697508896797,0.06217526690391458,0.12259786476868328,0.05526690391459074,0.06797153024911032,0.06515124555160143,1.0,0.5272597864768683
100000001549194100,3,False,1,0,46500.0,0.0,1,0,False,0.0,0.0002971356062444779,0.0,9.902935803290148e-07,7,0.0,0.0,40,0.0737855871886121,0.06217526690391458,0.12153024911032029,0.05526690391459074,0.05715302491103203,0.06515124555160143,1.0,0.4350622775800712
100000001550388100,1,False,1,0,50000.0,0.0,1,0,False,0.0,0.00029334669153312665,0.0,0.00044995367275495445,7,0.0,0.0,0,0.0737855871886121,0.06217526690391458,0.17709074733096086,0.05526690391459074,0.04822064056939501,0.06515124555160143,1.0,0.4816903914590748
100000001550419100,3,False,1,0,23000.0,0.0,1,0,False,0.0,0.0002905160246726196,0.0,6.964683819875685e-07,7,0.0,0.0,40,0.0737855871886121,0.06217526690391458,0.11859430604982207,0.05526690391459074,0.037508896797153024,0.06515124555160143,1.0,0.4124822064056939
100000001554432100,1,False,1,0,53920.0,0.0,1,0,False,0.0,0.0002947466574777684,0.0,0.0004798990474775608,10,0.0,0.0,2,0.0737855871886121,0.06217526690391458,0.17846975088967976,0.05526690391459074,0.05202846975088968,0.11530249110320284,1.0,0.5370284697508898
100000001557930100,2,False,1,0,34610.0,0.0,1,0,False,0.0,0.00029055279980668894,0.0,7.051410369117403e-07,1,0.0,0.0,41,0.0737855871886121,0.06217526690391458,0.11895017793594308,0.05526690391459074,0.03758007117437722,0.01766903914590747,1.0,0.3654270462633452
100000001567366100,1,False,1,0,824070.0,0.0,4,0,False,0.0,0.00037205688027771184,0.0,0.0002864865563263455,7,0.0,0.0,16,0.0737855871886121,0.06217526690391458,0.17072953736654806,0.05526690391459074,0.10697508896797153,0.06515124555160143,1.0,0.5340836298932384
100000001578517100,2,False,1,0,30000.0,0.0,1,0,False,0.0,0.0002889723516506699,0.0,2.8067822303808663e-06,7,0.0,0.0,16,0.0737855871886121,0.06217526690391458,0.13278469750889682,0.05526690391459074,0.030213523131672596,0.06515124555160143,1.0,0.41937722419928825
100000001584286100,2,False,2,0,738699.0,0.0,3,0,False,0.0,0.0003266208388139932,0.0,8.51078429961039e-07,8,0.0,0.0,24,0.15409697508896797,0.06217526690391458,0.12028469750889681,0.05526690391459074,0.0912455516014235,0.10059608540925268,1.0,0.5836654804270462
100000001590795100,4,False,1,0,5060.0,0.0,1,0,True,0.0,0.00028672728649960374,0.0,8.6420284951147e-09,1,0.0,0.0,47,0.0737855871886121,0.06217526690391458,0.0909252669039146,0.05526690391459074,0.014946619217081852,0.01766903914590747,0.75,0.23607651245551597
100000001597424100,3,False,1,0,48100.0,0.0,1,0,False,0.0,0.00029758630116000874,0.0,1.0071868002103499e-06,7,0.0,0.0,40,0.0737855871886121,0.06217526690391458,0.12179715302491104,0.05526690391459074,0.058362989323843414,0.06515124555160143,1.0,0.43653914590747334
100000001597505100,2,False,1,1,26460.0,12920.0,1,1,False,0.48828420256991684,0.0003130229598913788,1.7345221725843897e-06,3.1548725076541435e-67,8,0.0,0.0,42,0.0737855871886121,0.13716192170818506,0.0398576512455516,0.14562277580071176,0.0817081850533808,0.10059608540925268,1.0,0.578732206405694
100000001598625100,4,False,1,0,25000.0,0.0,1,0,True,0.0,0.00042634752850913705,0.0,1.9079128602526573e-92,7,0.0,0.0,8,0.0737855871886121,0.06217526690391458,0.018816725978647687,0.05526690391459074,0.11661921708185054,0.06515124555160143,0.75,0.29386120996441284
100000001600934100,3,False,1,1,180300.0,11000.0,2,1,False,0.06100942872989462,0.002510221232320705,1.6914683779887483e-05,1.4654658031995848e-06,7,0.0,0.0,8,0.0737855871886121,0.13716192170818506,0.12615658362989324,0.14960854092526693,0.15879003558718863,0.06515124555160143,1.0,0.7106539145907473
100000001601320100,2,False,2,1,43500.0,46200.0,2,1,False,1.0620689655172413,0.0008063299390892835,4.28579317874231e-94,1.737666297088565e-67,1,0.0,0.0,1,0.15409697508896797,0.13716192170818506,0.03914590747330961,0.120711743772242,0.14889679715302492,0.01766903914590747,1.0,0.617682384341637
100000001609499100,1,False,3,2,263113.0,21000.0,3,2,False,0.07981361620292422,0.0003191105416272075,1.8000736981836757e-05,0.0015939225198636686,7,10000.0,0.47619047619047616,0,0.1683896797153025,0.1554581850533808,0.18941281138790036,0.1498220640569395,0.08747330960854093,0.06515124555160143,1.0,0.8157072953736656
100000001611488100,3,False,2,0,779300.0,0.0,3,0,False,0.0,0.0008715936756150545,0.0,0.012635048024986195,7,0.0,0.0,10,0.15409697508896797,0.06217526690391458,0.19893238434163704,0.05526690391459074,0.1503914590747331,0.06515124555160143,1.0,0.686014234875445
100000001616816100,0,True,5,3,176195.0,181326.0,12,10,False,1.0291211441868384,0.002411939355628437,5.087206688625974e-06,3.088032756609937e-08,10,121735.0,0.6713598711712606,41,0.17655693950177936,0.16390569395017793,0.09857651245551602,0.14768683274021352,0.15864768683274022,0.11530249110320284,1.0,0.8606761565836298
100000001632325100,3,False,1,0,85600.0,0.0,3,0,False,0.0,0.0002972996462239105,0.0,1.423711540426008e-32,1,0.0,0.0,22,0.0737855871886121,0.06217526690391458,0.07233096085409253,0.05526690391459074,0.05750889679715303,0.01766903914590747,1.0,0.33873665480427045
100000001633685100,2,False,3,0,45000.0,0.0,3,0,False,0.0,0.00030451845618674,0.0,5.396544995481873e-06,7,0.0,0.0,0,0.1683896797153025,0.06217526690391458,0.13870106761565837,0.05526690391459074,0.07096085409252668,0.06515124555160143,1.0,0.5606450177935943
100000001637376100,3,False,1,1,116700.0,234250.0,1,2,False,2.0072836332476434,0.00028778810590943403,4.0115335193934455e-70,0.005998855694581205,7,116000.0,0.4951974386339381,10,0.0737855871886121,0.13716192170818506,0.19448398576512457,0.1295373665480427,0.023345195729537364,0.06515124555160143,1.0,0.6234653024911033
100000001639766100,3,False,1,0,20000.0,0.0,1,0,False,0.0,0.0006471818231018613,0.0,4.770055744289322e-86,1,0.0,0.0,41,0.0737855871886121,0.06217526690391458,0.024288256227758008,0.05526690391459074,0.14377224199288258,0.01766903914590747,1.0,0.37695729537366546
100000001641789100,1,False,1,0,17826.0,0.0,1,0,False,0.0,0.00048558558121694433,0.0,2.6397671678832745e-08,11,0.0,0.0,41,0.0737855871886121,0.06217526690391458,0.09697508896797152,0.05526690391459074,0.1227758007117438,0.11901245551601423,1.0,0.5299911032028469
100000001641951100,2,False,1,0,25000.0,0.0,4,0,False,0.0,0.00031727923045967886,0.0,1.1638470062863791e-66,11,0.0,0.0,2,0.0737855871886121,0.06217526690391458,0.04128113879003559,0.05526690391459074,0.08555160142348756,0.11901245551601423,1.0,0.4370729537366548
100000001648936100,2,False,1,0,92740.0,0.0,1,0,False,0.0,0.0003014960780641476,0.0,1.1542735289709962e-06,1,0.0,0.0,41,0.0737855871886121,0.06217526690391458,0.12348754448398579,0.05526690391459074,0.06697508896797154,0.01766903914590747,1.0,0.39935943060498225
100000001650895100,3,False,1,1,153500.0,10000.0,1,1,False,0.06514657980456026,0.00030758122230488904,1.0819421503297013e-116,9.464218103656825e-08,9,0.0,0.0,18,0.0737855871886121,0.13716192170818506,0.10560498220640571,0.11327402135231317,0.07466192170818506,0.10908362989323844,1.0,0.6135720640569395
100000001660397100,1,False,2,3,48600.0,49000.0,2,4,False,1.008230452674897,0.00029354509234322306,4.684596206306231e-05,0.00044662863764440426,7,37000.0,0.7551020408163265,0,0.15409697508896797,0.16390569395017793,0.17686832740213526,0.1516725978647687,0.048540925266903914,0.06515124555160143,1.0,0.7602357651245552
100000001669260100,4,False,1,0,500000.0,0.0,1,0,True,0.0,0.0005567291575286439,0.0,8.532445701341953e-59,1,0.0,0.0,35,0.0737855871886121,0.06217526690391458,0.04804270462633452,0.05526690391459074,0.13786476868327405,0.01766903914590747,0.75,0.2961032028469751
100000001674850100,3,False,2,0,237000.0,0.0,2,0,False,0.0,0.0003123925395292693,0.0,5.193523715296008e-07,8,0.0,0.0,4,0.15409697508896797,0.06217526690391458,0.1157473309608541,0.05526690391459074,0.0808540925266904,0.10059608540925268,1.0,0.5687366548042705
100000001677389100,3,False,1,1,11000.0,5400.0,1,1,False,0.4909090909090909,0.00028707683219565265,8.621679497776133e-126,1.1838968733086626e-06,7,0.0,0.0,28,0.0737855871886121,0.13716192170818506,0.12402135231316727,0.11167259786476869,0.017366548042704627,0.06515124555160143,1.0,0.5291592526690392
100000001677929100,2,False,3,2,126777.0,286098.0,3,4,False,2.2567027142147236,0.003489720959894066,3.5950752288909873e-67,3.8042349137709763e-78,1,76777.0,0.2683590937371111,1,0.1683896797153025,0.1554581850533808,0.03185053380782918,0.1313879003558719,0.15985765124555162,0.01766903914590747,1.0,0.6646129893238435
100000001680944100,3,False,1,0,393000.0,0.0,1,0,False,0.0,0.0003436539213393297,0.0,2.3929699298645195e-07,9,0.0,0.0,46,0.0737855871886121,0.06217526690391458,0.1113879003558719,0.05526690391459074,0.09871886120996441,0.10908362989323844,1.0,0.5104181494661921
100000001684867100,1,False,1,0,30550.0,0.0,1,0,False,0.0,0.000287300355908453,0.0,5.5160450231075255e-05,7,0.0,0.0,16,0.0737855871886121,0.06217526690391458,0.15516014234875447,0.05526690391459074,0.0199288256227758,0.06515124555160143,1.0,0.4314679715302491
100000001686328100,3,False,1,0,140000.0,0.0,1,0,False,0.0,0.00031332591274791597,0.0,5.974209630856699e-08,9,0.0,0.0,4,0.0737855871886121,0.06217526690391458,0.10275800711743772,0.05526690391459074,0.08227758007117439,0.10908362989323844,1.0,0.4853469750889679
100000001688676100,3,False,1,0,133700.0,0.0,1,0,False,0.0,0.0003067397490736116,0.0,3.395631281368327e-05,7,0.0,0.0,43,0.0737855871886121,0.06217526690391458,0.15204626334519575,0.05526690391459074,0.07380782918149466,0.06515124555160143,1.0,0.4822330960854093
100000001689968100,3,False,3,0,344333.75,0.0,3,0,False,0.0,0.00033722128379157267,0.0,0.007825940737869628,7,0.0,0.0,10,0.1683896797153025,0.06217526690391458,0.1963523131672598,0.05526690391459074,0.09637010676156585,0.06515124555160143,1.0,0.643705516014235
100000001690439100,3,False,1,0,14200.0,0.0,1,0,False,0.0,0.00047410003296589193,0.0,7.302988819647023e-06,7,0.0,0.0,10,0.0737855871886121,0.06217526690391458,0.14154804270462637,0.05526690391459074,0.1214946619217082,0.06515124555160143,1.0,0.5194217081850535
100000001690558100,3,False,1,0,740000.0,0.0,1,0,False,0.0,0.00040969041331491505,0.0,7.988600110298003e-05,7,0.0,0.0,43,0.0737855871886121,0.06217526690391458,0.15827402135231317,0.05526690391459074,0.11466192170818505,0.06515124555160143,1.0,0.5293149466192171
100000001696818100,1,False,1,0,53550.0,0.0,1,0,False,0.0,0.0002972183701701166,0.0,1.543102533080367e-05,1,0.0,0.0,2,0.0737855871886121,0.06217526690391458,0.14653024911032028,0.05526690391459074,0.05722419928825623,0.01766903914590747,1.0,0.41265124555160143
100000001697501100,1,False,3,38,123700.0,1482606.0,3,55,False,11.98549717057397,0.0005879372708749673,8.268571369676581e-33,3.82726160042068e-32,1,123700.0,0.08343416929379754,22,0.1683896797153025,0.17911921708185052,0.08193950177935944,0.13807829181494663,0.1404982206405694,0.01766903914590747,1.0,0.7256939501779359
100000001703168100,2,False,1,1,45000.0,90000.0,1,1,False,2.0,0.0002910836616295256,3.009188277424462e-84,2.6520490284536586e-05,7,45000.0,0.5,2,0.0737855871886121,0.13716192170818506,0.14973309608540927,0.12466192170818506,0.0399288256227758,0.06515124555160143,1.0,0.5904225978647688
100000001714173100,3,False,1,0,638905.0,0.0,6,0,False,0.0,0.0005672616447131267,0.0,3.0282750153191664e-09,9,0.0,0.0,46,0.0737855871886121,0.06217526690391458,0.08932384341637012,0.05526690391459074,0.1388612099644128,0.10908362989323844,1.0,0.5284964412811388
100000001714413100,3,False,1,0,250172.0,0.0,1,0,False,0.0,0.00029207799051502446,0.0,0.008783191203928925,7,0.0,0.0,10,0.0737855871886121,0.06217526690391458,0.19697508896797156,0.05526690391459074,0.04384341637010676,0.06515124555160143,1.0,0.49719750889679715
100000001714883100,4,False,1,0,6900.0,0.0,1,0,True,0.0,0.0002877054687678725,0.0,1.0091715088290885e-08,1,0.0,0.0,47,0.0737855871886121,0.06217526690391458,0.09199288256227758,0.05526690391459074,0.022633451957295374,0.01766903914590747,0.75,0.24264234875444837
100000001716579100,1,False,1,0,13916.0,0.0,1,0,False,0.0,0.00028693609901249217,0.0,1.8480999581793932e-32,1,0.0,0.0,22,0.0737855871886121,0.06217526690391458,0.07286476868327402,0.05526690391459074,0.016512455516014234,0.01766903914590747,1.0,0.29827402135231307
100000001724740100,4,False,1,0,185000.0,0.0,4,0,True,0.0,0.0005332983777259326,0.0,2.9230166517967984e-73,9,0.0,0.0,4,0.0737855871886121,0.06217526690391458,0.034163701067615654,0.05526690391459074,0.1314590747330961,0.10908362989323844,0.75,0.3494506227758007
100000001726614100,3,False,1,0,138717.0,0.0,1,0,False,0.0,0.0002962454358432924,0.0,0.0014253459315503468,7,0.0,0.0,0,0.0737855871886121,0.06217526690391458,0.18896797153024913,0.05526690391459074,0.055587188612099644,0.06515124555160143,1.0,0.5009341637010677
100000001732159100,0,True,2,4,2378100.0,1505966.0,30,23,False,0.633264370716118,0.0010857051059284862,3.721914890074726e-06,1.3844968108091677e-08,9,950156.0,0.6309279226755451,51,0.15409697508896797,0.16814946619217083,0.09359430604982207,0.14704626334519574,0.15295373665480427,0.10908362989323844,1.0,0.8249243772241992
100000001733216100,4,False,1,0,60000.0,0.0,2,0,True,0.0,0.0004053235851470022,0.0,1.0414421066760622e-79,7,0.0,0.0,0,0.0737855871886121,0.06217526690391458,0.03047153024911032,0.05526690391459074,0.11398576512455516,0.06515124555160143,0.75,0.3006272241992883
100000001733687100,3,False,1,0,300000.0,0.0,1,0,False,0.0,0.0003050676956921374,0.0,9.713124554379722e-07,8,0.0,0.0,4,0.0737855871886121,0.06217526690391458,0.12126334519572955,0.05526690391459074,0.07174377224199288,0.10059608540925268,1.0,0.4848309608540926
100000001737722100,2,False,1,0,60460.0,0.0,1,0,False,0.0,0.0003170209260020648,0.0,4.693429665751822e-59,8,0.0,0.0,2,0.0737855871886121,0.06217526690391458,0.04786476868327402,0.05526690391459074,0.08533807829181494,0.10059608540925268,1.0,0.42502669039145907
100000001740277100,3,False,1,1,8700.0,5000.0,1,1,False,0.5747126436781609,0.000374238847436403,2.8078763675504114e-79,1.1228639392623035e-67,1,5000.0,1.0,1,0.0737855871886121,0.13716192170818506,0.038167259786476865,0.12690391459074735,0.10768683274021353,0.01766903914590747,1.0,0.5013745551601423
100000001745217100,3,False,1,0,50000.0,0.0,1,0,False,0.0,0.00028843766538161477,0.0,0.0008557372530805228,7,0.0,0.0,0,0.0737855871886121,0.06217526690391458,0.1860320284697509,0.05526690391459074,0.027330960854092524,0.06515124555160143,1.0,0.46974199288256224
100000001746925100,1,False,1,1,65250.0,5000.0,1,1,False,0.07662835249042145,0.0002969969762315924,6.2977321814379195e-127,0.0005279164612327456,10,0.0,0.0,2,0.0737855871886121,0.13716192170818506,0.17998220640569396,0.111067615658363,0.05686832740213523,0.11530249110320284,1.0,0.6741681494661922
100000001782980100,2,False,1,1,50000.0,596200.0,1,3,False,11.924,0.0003679966335055259,2.4976471141000357e-56,5.2850112417716015e-64,1,0.0,0.0,27,0.0737855871886121,0.13716192170818506,0.04421708185053381,0.13444839857651247,0.10626334519572955,0.01766903914590747,1.0,0.5135453736654805
100000001784279100,3,False,1,0,35674.0,0.0,1,0,False,0.0,0.0002871768684697039,0.0,0.0007228219635685645,7,0.0,0.0,0,0.0737855871886121,0.06217526690391458,0.18362989323843418,0.05526690391459074,0.018505338078291817,0.06515124555160143,1.0,0.45851423487544485
100000001785161100,3,False,2,0,30000.0,0.0,2,0,False,0.0,0.0003292253533625517,0.0,2.478810728853175e-06,7,0.0,0.0,33,0.15409697508896797,0.06217526690391458,0.13140569395017795,0.05526690391459074,0.0925266903914591,0.06515124555160143,1.0,0.5606227758007118
100000001788284100,3,False,1,5,8000.0,296700.0,1,8,False,37.0875,0.0002977439426489657,5.4397419895188106e-08,1.8846947457072322e-08,7,8000.0,0.026963262554769128,13,0.0737855871886121,0.17043149466192173,0.0951067615658363,0.1415658362989324,0.058790035587188615,0.06515124555160143,1.0,0.6048309608540926
100000001805543100,1,False,1,0,59000.0,0.0,1,0,False,0.0,0.0002903391238264707,0.0,7.665636137025443e-05,7,0.0,0.0,16,0.0737855871886121,0.06217526690391458,0.15809608540925268,0.05526690391459074,0.036298932384341634,0.06515124555160143,1.0,0.45077402135231315
100000001808684100,3,False,1,1,48400.0,37700.0,3,2,False,0.7789256198347108,0.0011628470668346568,1.4314890031948742e-07,7.420465279534611e-86,1,30000.0,0.7957559681697612,41,0.0737855871886121,0.13716192170818506,0.024733096085409256,0.14256227758007117,0.15366548042704628,0.01766903914590747,1.0,0.5495774021352313
100000001816678100,4,False,1,0,60000.0,0.0,1,0,True,0.0,0.0003079647425063286,0.0,5.19363863933012e-06,7,0.0,0.0,2,0.0737855871886121,0.06217526690391458,0.13825622775800714,0.05526690391459074,0.07530249110320285,0.06515124555160143,0.75,0.35245329181494667
100000001818442100,3,False,1,0,42215.0,0.0,1,0,False,0.0,0.0002996565399776853,0.0,3.665978632186184e-08,7,0.0,0.0,18,0.0737855871886121,0.06217526690391458,0.0998220640569395,0.05526690391459074,0.06377224199288256,0.06515124555160143,1.0,0.41997330960854096
100000001819396100,3,False,1,0,166080.0,0.0,1,0,False,0.0,0.00032531471838665447,0.0,8.496187139132822e-36,7,0.0,0.0,14,0.0737855871886121,0.06217526690391458,0.057473309608540926,0.05526690391459074,0.09067615658362992,0.06515124555160143,1.0,0.40452846975088963
100000001822623100,2,False,1,0,201300.0,0.0,1,0,False,0.0,0.00032170415267776623,0.0,7.447962261870752e-05,7,0.0,0.0,29,0.0737855871886121,0.06217526690391458,0.1577402135231317,0.05526690391459074,0.08889679715302493,0.06515124555160143,1.0,0.5030160142348755
100000001822650100,4,False,1,0,112000.0,0.0,1,0,True,0.0,0.0003042413953246967,0.0,1.5388482808756972e-07,8,0.0,0.0,4,0.0737855871886121,0.06217526690391458,0.10818505338078294,0.05526690391459074,0.0706049822064057,0.10059608540925268,0.75,0.352960409252669
100000001825934100,3,False,1,1,40000.0,97000.0,1,1,False,2.425,0.0004729185277261184,3.840988487179765e-83,2.073043348879515e-82,1,0.0,0.0,26,0.0737855871886121,0.13716192170818506,0.027846975088967968,0.12505338078291817,0.1213523131672598,0.01766903914590747,1.0,0.5028692170818505
100000001831496100,3,False,1,1,25000.0,373000.0,1,1,False,14.92,0.00029107939331703305,0.00035259274859632446,7.26118482897084e-07,7,0.0,0.0,11,0.0737855871886121,0.13716192170818506,0.11966192170818507,0.15558718861209964,0.0398576512455516,0.06515124555160143,1.0,0.5912055160142349
100000001835625100,3,False,1,0,75130.0,0.0,1,0,False,0.0,0.0002864520166693358,0.0,0.004813263984371015,7,0.0,0.0,10,0.0737855871886121,0.06217526690391458,0.19314946619217085,0.05526690391459074,0.012384341637010677,0.06515124555160143,1.0,0.4619128113879004
100000001837130100,3,False,1,0,172900.0,0.0,1,0,False,0.0,0.0002992537997159608,0.0,0.001591303189131249,7,0.0,0.0,0,0.0737855871886121,0.06217526690391458,0.18932384341637012,0.05526690391459074,0.06306049822064057,0.06515124555160143,1.0,0.5087633451957295
100000001845505100,4,False,1,0,20000.0,0.0,1,0,True,0.0,0.0005886411722956725,0.0,1.2591667374038265e-105,7,0.0,0.0,8,0.0737855871886121,0.06217526690391458,0.010854092526690392,0.05526690391459074,0.14056939501779359,0.06515124555160143,0.75,0.3058518683274022
100000001848426100,2,False,1,0,95530.0,0.0,1,0,False,0.0,0.00030202131023924323,0.0,1.171507515818704e-06,1,0.0,0.0,41,0.0737855871886121,0.06217526690391458,0.12384341637010676,0.05526690391459074,0.06818505338078291,0.01766903914590747,1.0,0.40092526690391456
100000001851289100,1,False,1,0,109510.0,0.0,3,0,False,0.0,0.0002957341385027123,0.0,0.00010443572464505243,7,0.0,0.0,16,0.0737855871886121,0.06217526690391458,0.16023131672597868,0.05526690391459074,0.054519572953736654,0.06515124555160143,1.0,0.47112989323843424
100000001852140100,3,False,1,0,30000.0,0.0,1,0,False,0.0,0.0007982886698039231,0.0,9.9802270376454e-100,1,0.0,0.0,52,0.0737855871886121,0.06217526690391458,0.014323843416370108,0.05526690391459074,0.14832740213523132,0.01766903914590747,1.0,0.37154804270462627
100000001853812100,3,False,1,0,70000.0,0.0,1,0,False,0.0,0.0002981671944170043,0.0,0.00025824555857942484,7,0.0,0.0,8,0.0737855871886121,0.06217526690391458,0.16948398576512458,0.05526690391459074,0.060355871886121,0.06515124555160143,1.0,0.4862188612099645
100000001857829100,2,False,6,16,888535.0,2390993.0,9,16,False,2.690938454872346,0.0006165473778241243,0.01603152635011141,0.0007904705650358319,7,879535.0,0.36785343997242986,8,0.17771797153024912,0.1769973309608541,0.18523131672597867,0.15935943060498223,0.1423487544483986,0.06515124555160143,1.0,0.9068060498220641
100000001860090100,3,False,1,0,5000.0,0.0,1,0,False,0.0,0.000375625566734314,0.0,9.952268367800301e-97,1,0.0,0.0,41,0.0737855871886121,0.06217526690391458,0.01628113879003559,0.05526690391459074,0.10811387900355873,0.01766903914590747,1.0,0.3332918149466192
100000001870116100,1,False,1,0,24000.0,0.0,1,0,False,0.0,0.0002890366766110355,0.0,2.4270228660039013e-32,1,0.0,0.0,22,0.0737855871886121,0.06217526690391458,0.07731316725978649,0.05526690391459074,0.030533807829181494,0.01766903914590747,1.0,0.3167437722419928
100000001872484100,1,False,1,3,871400.0,514580.0,13,9,False,0.5905210006885472,0.002358303161008933,6.016899984068264e-58,1.0300694347366742e-50,1,79380.0,0.1542617280111936,39,0.0737855871886121,0.16390569395017793,0.05097864768683274,0.1341637010676157,0.1585053380782918,0.01766903914590747,1.0,0.5990080071174377
100000001875167100,3,False,1,0,1000000.0,0.0,2,0,False,0.0,0.0003161779934672588,0.0,0.01756034268862605,7,0.0,0.0,10,0.0737855871886121,0.06217526690391458,0.19964412811387902,0.05526690391459074,0.08455516014234876,0.06515124555160143,1.0,0.5405782918149467
100000001875239100,3,False,3,0,712000.0,0.0,3,0,False,0.0,0.0003321902908897802,0.0,6.693028119585311e-06,9,0.0,0.0,4,0.1683896797153025,0.06217526690391458,0.14065836298932385,0.05526690391459074,0.09387900355871887,0.10908362989323844,1.0,0.6294528469750891
100000001884825100,3,False,3,0,495000.0,0.0,3,0,False,0.0,0.0003382972367447303,0.0,1.2903929082671316e-06,8,0.0,0.0,4,0.1683896797153025,0.06217526690391458,0.12491103202846976,0.05526690391459074,0.09679715302491104,0.10059608540925268,1.0,0.6081361209964413
100000001887715100,3,False,3,1,1331500.0,750000.0,4,1,False,0.5632745024408562,0.0007264886233856919,6.113458883813405e-53,3.053548367548367e-06,9,750000.0,1.0,46,0.1683896797153025,0.13716192170818506,0.1330960854092527,0.13508896797153028,0.14676156583629893,0.10908362989323844,1.0,0.829581850533808
100000001893287100,3,False,1,1,18000.0,152700.0,3,14,False,8.483333333333333,0.0006137550985626827,4.115931096774482e-07,1.8883101556497183e-96,1,18000.0,0.11787819253438114,41,0.0737855871886121,0.13716192170818506,0.016548042704626335,0.14377224199288258,0.1422775800711744,0.01766903914590747,1.0,0.5312144128113879
100000001899164100,1,False,4,3,291675.0,76500.0,5,3,False,0.2622782206222679,0.001166304773507789,9.713396198280216e-85,0.0001607501401465351,8,0.0,0.0,7,0.17435498220640572,0.16390569395017793,0.16325622775800713,0.12441281138790036,0.15373665480427046,0.10059608540925268,1.0,0.8802624555160143
100000001904863100,2,False,1,0,500000.0,0.0,1,0,False,0.0,0.000478239573813851,0.0,1.0259238265198659e-09,11,0.0,0.0,40,0.0737855871886121,0.06217526690391458,0.08781138790035586,0.05526690391459074,0.12199288256227758,0.11901245551601423,1.0,0.5200444839857651
100000001924185100,1,False,2,0,151000.0,0.0,2,0,False,0.0,0.00030853210794516657,0.0,0.0007630586335980136,11,0.0,0.0,11,0.15409697508896797,0.06217526690391458,0.1846085409252669,0.05526690391459074,0.07580071174377224,0.11901245551601423,1.0,0.6509608540925267
100000001927599100,3,False,2,0,188000.0,0.0,2,0,False,0.0,0.0003254363702205847,0.0,1.3006731756467338e-07,9,0.0,0.0,18,0.15409697508896797,0.06217526690391458,0.1073843416370107,0.05526690391459074,0.0908185053380783,0.10908362989323844,1.0,0.5788256227758007
100000001929088100,1,False,2,0,396010.0,0.0,2,0,False,0.0,0.0003158465287874654,0.0,1.119175793804972e-05,2,0.0,0.0,1,0.15409697508896797,0.06217526690391458,0.14448398576512456,0.05526690391459074,0.08427046263345198,0.03368327402135231,1.0,0.5339768683274021
100000001934935100,3,False,1,0,118935.0,0.0,1,0,False,0.0,0.00029068894254931685,0.0,0.0007645192548930388,7,0.0,0.0,0,0.0737855871886121,0.06217526690391458,0.18469750889679717,0.05526690391459074,0.03822064056939502,0.06515124555160143,1.0,0.47929715302491105
100000001937767100,1,False,1,4,53000.0,1933000.0,1,6,False,36.471698113207545,0.0008832777029449807,3.733110324541604e-08,4.5517311958727264e-08,11,53000.0,0.027418520434557683,40,0.0737855871886121,0.16814946619217083,0.10062277580071176,0.1412811387900356,0.1506761565836299,0.11901245551601423,1.0,0.7535275800711744
100000001952325100,1,False,1,0,77888.0,0.0,2,0,False,0.0,0.00030026197665370725,0.0,4.3722352697882873e-32,1,0.0,0.0,22,0.0737855871886121,0.06217526690391458,0.08247330960854093,0.05526690391459074,0.06498220640569395,0.01766903914590747,1.0,0.3563523131672598
100000001953577100,1,False,1,0,15600.0,0.0,1,0,False,0.0,0.00028728688963882565,0.0,1.95672839067377e-32,1,0.0,0.0,22,0.0737855871886121,0.06217526690391458,0.07419928825622776,0.05526690391459074,0.019644128113879004,0.01766903914590747,1.0,0.30274021352313163
100000001954534100,3,False,1,1,13000.0,40000.0,1,1,False,3.076923076923077,0.00036475265394875483,3.1933295919505577e-96,2.1561595361004426e-05,7,0.0,0.0,0,0.0737855871886121,0.13716192170818506,0.14804270462633454,0.1198932384341637,0.10562277580071175,0.06515124555160143,1.0,0.6496574733096085
100000001954903100,2,False,1,0,27118.0,0.0,1,0,False,0.0,0.00029686446639342045,0.0,2.072290294005142e-06,1,0.0,0.0,11,0.0737855871886121,0.06217526690391458,0.12971530249110322,0.05526690391459074,0.05644128113879004,0.01766903914590747,1.0,0.39505338078291813
100000001957974100,4,False,1,0,500000.0,0.0,1,0,True,0.0,0.00031840720408593727,0.0,1.4924262349868814e-08,7,0.0,0.0,40,0.0737855871886121,0.06217526690391458,0.09395017793594307,0.05526690391459074,0.08676156583629893,0.06515124555160143,0.75,0.32781806049822065
100000001960517100,1,False,1,0,200000.0,0.0,1,0,False,0.0,0.00035718837330380826,0.0,1.6204824991637085e-07,2,0.0,0.0,41,0.0737855871886121,0.06217526690391458,0.10854092526690394,0.05526690391459074,0.10306049822064058,0.03368327402135231,1.0,0.43651245551601425
100000001961048100,2,False,1,0,150000.0,0.0,1,0,False,0.0,0.0003026058098883704,0.0,2.631756937092285e-07,7,0.0,0.0,33,0.0737855871886121,0.06217526690391458,0.11209964412811389,0.05526690391459074,0.06868327402135231,0.06515124555160143,1.0,0.43716192170818513
100000001965374100,2,False,2,3,1759720.0,3082100.0,8,5,False,1.7514718250630783,0.0012704821491393895,4.51848355999664e-32,1.0785000030825805e-14,1,132040.0,0.04284092015184452,21,0.15409697508896797,0.16390569395017793,0.08309608540925267,0.1382918149466192,0.15451957295373667,0.01766903914590747,1.0,0.7115791814946618
100000001969496100,3,False,1,0,22740.0,0.0,1,0,False,0.0,0.0002904427867488458,0.0,6.925206331769849e-07,7,0.0,0.0,40,0.0737855871886121,0.06217526690391458,0.11832740213523132,0.05526690391459074,0.03701067615658363,0.06515124555160143,1.0,0.4117170818505338
100000001985793100,2,False,1,0,420000.0,0.0,1,0,False,0.0,0.00037055509832424805,0.0,1.0687430522754103e-07,1,0.0,0.0,41,0.0737855871886121,0.06217526690391458,0.10622775800711746,0.05526690391459074,0.10654804270462634,0.01766903914590747,1.0,0.42167259786476874
100000001987030100,1,False,2,1,30864.0,19000.0,2,1,False,0.6156039398652151,0.00029227753361849354,3.5748464544727205e-07,2.842612586208273e-05,7,0.0,0.0,3,0.15409697508896797,0.13716192170818506,0.15053380782918152,0.14362989323843417,0.044697508896797154,0.06515124555160143,1.0,0.6952713523131673
100000001991973100,4,False,1,0,20800.0,0.0,1,0,True,0.0,0.0002950949978596858,0.0,1.7521533084284423e-08,1,0.0,0.0,47,0.0737855871886121,0.06217526690391458,0.09483985765124556,0.05526690391459074,0.053096085409252675,0.01766903914590747,0.75,0.2676245551601423
100000002015633100,3,False,1,0,94970.0,0.0,1,0,False,0.0,0.00028708968832013085,0.0,0.005411606451732061,7,0.0,0.0,10,0.0737855871886121,0.06217526690391458,0.19359430604982208,0.05526690391459074,0.017722419928825624,0.06515124555160143,1.0,0.4676957295373666
100000002028158100,2,False,1,0,34800.0,0.0,1,0,False,0.0,0.00029502313075088294,0.0,2.006727745590569e-06,7,0.0,0.0,3,0.0737855871886121,0.06217526690391458,0.12944839857651247,0.05526690391459074,0.05288256227758007,0.06515124555160143,1.0,0.4387099644128114
100000002032323100,3,False,1,1,300000.0,1050000.0,1,2,False,3.5,0.00040171646126698217,5.683818598156589e-48,5.590770854957624e-08,7,300000.0,0.2857142857142857,4,0.0737855871886121,0.13716192170818506,0.10222419928825624,0.13565836298932385,0.11338078291814947,0.06515124555160143,1.0,0.6273620996441281
100000002087788100,2,False,1,0,100500.0,0.0,1,0,False,0.0,0.0006541583953663447,0.0,3.8738380159069164e-82,7,0.0,0.0,10,0.0737855871886121,0.06217526690391458,0.028647686832740212,0.05526690391459074,0.14441281138790035,0.06515124555160143,1.0,0.4294395017793594
100000002095257100,3,False,1,0,8500.0,0.0,1,0,False,0.0,0.00039408622910180673,0.0,5.8716871350350936e-08,8,0.0,0.0,7,0.0737855871886121,0.06217526690391458,0.10258007117437724,0.05526690391459074,0.1121708185053381,0.10059608540925268,1.0,0.5065747330960854
100000002103448100,3,False,1,0,27000.0,0.0,1,0,False,0.0,0.000288220506593351,0.0,7.99589357657394e-33,1,0.0,0.0,22,0.0737855871886121,0.06217526690391458,0.06917259786476869,0.05526690391459074,0.026227758007117435,0.01766903914590747,1.0,0.304297153024911
100000002109656100,3,False,1,0,500000.0,0.0,1,0,False,0.0,0.00030768270637085334,0.0,5.628963963406095e-07,2,0.0,0.0,24,0.0737855871886121,0.06217526690391458,0.1166370106761566,0.05526690391459074,0.07494661921708186,0.03368327402135231,1.0,0.4164946619217082
100000002116705100,3,False,1,0,17600.0,0.0,1,0,False,0.0,0.00028676412583350015,0.0,6.45567200491732e-33,1,0.0,0.0,22,0.0737855871886121,0.06217526690391458,0.06583629893238434,0.05526690391459074,0.015160142348754449,0.01766903914590747,1.0,0.28989323843416365
100000002119762100,4,False,1,0,77000.0,0.0,6,0,True,0.0,0.0005263978442081985,0.0,5.164373943131086e-86,7,0.0,0.0,10,0.0737855871886121,0.06217526690391458,0.024555160142348757,0.05526690391459074,0.12704626334519575,0.06515124555160143,0.75,0.3059853202846975
100000002121357100,3,False,2,1,255300.0,113000.0,2,1,False,0.4426165295730513,0.0003244777888632823,6.900349987383334e-81,2.5102817274623484e-07,8,0.0,0.0,4,0.15409697508896797,0.13716192170818506,0.1117437722419929,0.12626334519572954,0.0901779359430605,0.10059608540925268,1.0,0.7200400355871885
100000002126791100,4,False,1,0,1313000.0,0.0,3,0,True,0.0,0.0005683342478644304,0.0,9.493945010792619e-45,9,0.0,0.0,4,0.0737855871886121,0.06217526690391458,0.05302491103202847,0.05526690391459074,0.13893238434163702,0.10908362989323844,0.75,0.369201512455516
100000002130400100,4,False,1,0,10000.0,0.0,1,0,True,0.0,0.00031577794180173463,0.0,2.170945960731445e-79,1,0.0,0.0,26,0.0737855871886121,0.06217526690391458,0.03087188612099644,0.05526690391459074,0.08405693950177937,0.01766903914590747,0.75,0.2428692170818505
100000002132479100,2,False,1,1,30000.0,20000.0,2,1,False,0.6666666666666666,0.0006016152484827285,1.1119626808106993e-06,5.332527878362372e-88,8,0.0,0.0,40,0.0737855871886121,0.13716192170818506,0.022953736654804272,0.14476868327402134,0.141423487544484,0.10059608540925268,1.0,0.6206895017793594
100000002152857100,1,False,1,5,105000.0,1230000.0,1,6,False,11.714285714285714,0.00029808658281178286,4.24315962857495e-06,5.280242385409481e-06,1,105000.0,0.08536585365853659,41,0.0737855871886121,0.17043149466192173,0.13843416370106762,0.14725978647686833,0.0601423487544484,0.01766903914590747,1.0,0.6077224199288256
100000002156381100,2,False,2,1,61000.0,21800.0,7,3,False,0.35737704918032787,0.0010744198062093452,3.4811667194059795e-105,4.444696744413136e-69,8,5000.0,0.22935779816513763,53,0.15409697508896797,0.13716192170818506,0.03612099644128114,0.11658362989323845,0.1528825622775801,0.10059608540925268,1.0,0.6974421708185053
100000002158488100,1,False,1,0,31723.0,0.0,1,0,False,0.0,0.0002906454390856041,0.0,2.790328743099189e-32,1,0.0,0.0,22,0.0737855871886121,0.06217526690391458,0.07891459074733097,0.05526690391459074,0.038149466192170814,0.01766903914590747,1.0,0.3259608540925267
100000002170580100,2,False,1,0,150000.0,0.0,1,0,False,0.0,0.0003549893160065133,0.0,4.873796527873298e-06,1,0.0,0.0,11,0.0737855871886121,0.06217526690391458,0.13718861209964414,0.05526690391459074,0.10227758007117439,0.01766903914590747,1.0,0.44836298932384344
100000002173070100,2,False,1,0,30000.0,0.0,1,0,False,0.0,0.0002889723516506699,0.0,2.8067822303808663e-06,7,0.0,0.0,16,0.0737855871886121,0.06217526690391458,0.13278469750889682,0.05526690391459074,0.030213523131672596,0.06515124555160143,1.0,0.41937722419928825
100000002173161100,1,False,3,0,1427500.0,0.0,5,0,False,0.0,0.0004328870259687805,0.0,0.000302784704883415,9,0.0,0.0,16,0.1683896797153025,0.06217526690391458,0.1713523131672598,0.05526690391459074,0.11779359430604983,0.10908362989323844,1.0,0.6840613879003559
100000002175422100,2,False,3,6,68500.0,1621188.0,5,14,False,23.66697810218978,0.0008395716046131361,0.000261981755980769,7.223884704410315e-68,7,48500.0,0.029916332960767043,36,0.1683896797153025,0.17211298932384342,0.03772241992882562,0.15480427046263345,0.1495373665480427,0.06515124555160143,1.0,0.7477179715302492
100000002182176100,1,False,1,0,42465.0,0.0,1,0,False,0.0,0.00029194376400804744,0.0,0.00041466593863793993,7,0.0,0.0,0,0.0737855871886121,0.06217526690391458,0.17544483985765125,0.05526690391459074,0.04313167259786477,0.06515124555160143,1.0,0.4749555160142349
100000002184107100,3,False,1,0,6066.0,0.0,1,0,False,0.0,0.0002886182012723,0.0,6.872146713325152e-50,7,0.0,0.0,38,0.0737855871886121,0.06217526690391458,0.051645907473309605,0.05526690391459074,0.028149466192170815,0.06515124555160143,1.0,0.3361743772241993
100000002185328100,3,False,1,4,15000.0,55000.0,1,4,False,3.6666666666666665,0.00034979266652625425,3.2365065202852303e-80,9.56413525864198e-87,7,0.0,0.0,32,0.0737855871886121,0.16814946619217083,0.023398576512455516,0.12647686832740215,0.100711743772242,0.06515124555160143,1.0,0.5576734875444841
100000002188586100,4,False,1,0,38310.0,0.0,1,0,True,0.0,0.0002982689159270635,0.0,5.273901926535922e-08,7,0.0,0.0,18,0.0737855871886121,0.06217526690391458,0.10160142348754449,0.05526690391459074,0.060498220640569395,0.06515124555160143,0.75,0.31385898576512455
100000002188829100,1,False,1,0,400000.0,0.0,1,0,False,0.0,0.00036348366668548373,0.0,0.0013070883439712958,10,0.0,0.0,2,0.0737855871886121,0.06217526690391458,0.18843416370106764,0.05526690391459074,0.10512455516014235,0.11530249110320284,1.0,0.6000889679715302
100000002193259100,2,False,2,3,48000.0,58000.0,2,3,False,1.2083333333333333,0.0008834378882258186,1.638680006505435e-05,2.1764215349146873e-84,8,40000.0,0.6896551724137931,7,0.15409697508896797,0.16390569395017793,0.026245551601423486,0.1495373665480427,0.1507473309608541,0.10059608540925268,1.0,0.7451290035587189
100000002194320100,4,False,1,0,275000.0,0.0,1,0,True,0.0,0.00048356941027140386,0.0,1.685689840993361e-55,7,0.0,0.0,45,0.0737855871886121,0.06217526690391458,0.049733096085409254,0.05526690391459074,0.12263345195729539,0.06515124555160143,0.75,0.32155916370106763
100000002194329100,3,False,1,0,25170.0,0.0,1,0,False,0.0,0.00028544496352247056,0.0,0.00035170229087779637,7,0.0,0.0,0,0.0737855871886121,0.06217526690391458,0.1734875444839858,0.05526690391459074,0.007829181494661922,0.06515124555160143,1.0,0.4376957295373666
100000002199091100,2,False,1,0,65000.0,0.0,1,0,False,0.0,0.00030594704025870717,0.0,6.112914211356013e-34,1,0.0,0.0,22,0.0737855871886121,0.06217526690391458,0.06103202846975089,0.05526690391459074,0.07281138790035586,0.01766903914590747,1.0,0.3427402135231316
100000002205022100,2,False,1,3,7100.0,518000.0,1,3,False,72.95774647887323,0.000542351333794209,1.892727157006808e-07,1.0782837740836903e-120,10,6000.0,0.011583011583011582,31,0.0737855871886121,0.16390569395017793,0.005782918149466193,0.14263345195729538,0.13430604982206407,0.11530249110320284,1.0,0.6357161921708185
100000002208836100,4,False,1,0,90000.0,0.0,1,0,True,0.0,0.00032798591103584007,0.0,4.316471659525911e-58,7,0.0,0.0,10,0.0737855871886121,0.06217526690391458,0.048665480427046263,0.05526690391459074,0.09188612099644129,0.06515124555160143,0.75,0.29769795373665486
100000002211413100,1,False,1,0,37000.0,0.0,1,0,False,0.0,0.00029174468025850304,0.0,3.0134855214236157e-32,1,0.0,0.0,22,0.0737855871886121,0.06217526690391458,0.0797153024911032,0.05526690391459074,0.042419928825622774,0.01766903914590747,1.0,0.3310320284697508
100000002212494100,3,False,1,0,160000.0,0.0,1,0,False,0.0,0.00035446819039533614,0.0,4.072774163711102e-06,7,0.0,0.0,36,0.0737855871886121,0.06217526690391458,0.1353202846975089,0.05526690391459074,0.10192170818505339,0.06515124555160143,1.0,0.4936209964412812
100000002214207100,4,False,1,0,97000.0,0.0,1,0,True,0.0,0.0006860180338415034,0.0,1.181493905804637e-82,1,0.0,0.0,26,0.0737855871886121,0.06217526690391458,0.027491103202846975,0.05526690391459074,0.14540925266903915,0.01766903914590747,0.75,0.28634786476868324
100000002214301100,1,False,1,1,21438.0,8000.0,1,1,False,0.373169138912212,0.0002880287862947309,1.5357314916243606e-54,0.00029462862043186405,7,0.0,0.0,0,0.0737855871886121,0.13716192170818506,0.1708185053380783,0.13473309608540926,0.024483985765124554,0.06515124555160143,1.0,0.6061343416370107
100000002214383100,4,False,1,0,213000.0,0.0,1,0,True,0.0,0.0005277341146250451,0.0,3.283183096585605e-71,1,0.0,0.0,22,0.0737855871886121,0.06217526690391458,0.034964412811387895,0.05526690391459074,0.12832740213523133,0.01766903914590747,0.75,0.2791414590747331
100000002214570100,1,False,1,0,26471.0,0.0,1,0,False,0.0,0.0002895514056120272,0.0,2.5489036616343536e-32,1,0.0,0.0,22,0.0737855871886121,0.06217526690391458,0.07829181494661921,0.05526690391459074,0.03295373665480427,0.01766903914590747,1.0,0.32014234875444836
100000002214664100,3,False,1,1,7950.0,76950.0,1,2,False,9.679245283018869,0.0002852690115428022,1.4631783352433035e-86,4.338790567951773e-33,1,7950.0,0.10331384015594541,22,0.0737855871886121,0.13716192170818506,0.06227758007117438,0.12348754448398577,0.0066903914590747335,0.01766903914590747,1.0,0.4210720640569395
100000002216999100,3,False,1,0,23677.0,0.0,1,0,False,0.0,0.0002877056605013314,0.0,7.48770042001999e-33,1,0.0,0.0,22,0.0737855871886121,0.06217526690391458,0.06752669039145907,0.05526690391459074,0.022704626334519574,0.01766903914590747,1.0,0.29912811387900357
100000002217161100,2,False,2,7,404750.0,995132.0,15,19,False,2.4586337245213095,0.0008841209656734939,9.165318551564932e-49,5.285634551270087e-06,7,232000.0,0.233134900696591,38,0.15409697508896797,0.17327402135231318,0.13852313167259786,0.13551601423487544,0.1508185053380783,0.06515124555160143,1.0,0.8173798932384342
100000002217806100,4,False,1,0,55000.0,0.0,2,0,True,0.0,0.000460932075318181,0.0,9.530663347133357e-81,7,0.0,0.0,19,0.0737855871886121,0.06217526690391458,0.029715302491103202,0.05526690391459074,0.12,0.06515124555160143,0.75,0.3045707295373666
100000002224132100,2,False,5,4,3951020.0,12115000.0,10,25,False,3.0662968043695047,0.006338446905608362,1.025182137206172e-11,5.0642012408532594e-14,2,1583275.0,0.13068716467189434,21,0.17655693950177936,0.16814946619217083,0.08318505338078291,0.1392170818505338,0.1599288256227758,0.03368327402135231,1.0,0.7607206405693949
100000002227960100,4,False,1,0,10000.0,0.0,1,0,True,0.0,0.0002977946813798125,0.0,2.950050816957124e-65,7,0.0,0.0,32,0.0737855871886121,0.06217526690391458,0.04283807829181495,0.05526690391459074,0.05925266903914591,0.06515124555160143,0.75,0.26885231316725977
100000002227989100,4,False,1,0,20000.0,0.0,1,0,True,0.0,0.0003921550185549665,0.0,3.4832263825306955e-80,7,0.0,0.0,32,0.0737855871886121,0.06217526690391458,0.03016014234875445,0.05526690391459074,0.11167259786476869,0.06515124555160143,0.75,0.2986588078291815
100000002229615100,4,False,1,0,25000.0,0.0,1,0,True,0.0,0.0007137725691573383,0.0,2.221102896440608e-102,7,0.0,0.0,32,0.0737855871886121,0.06217526690391458,0.012633451957295375,0.05526690391459074,0.14640569395017794,0.06515124555160143,0.75,0.3115636120996441
100000002231144100,4,False,1,0,15000.0,0.0,1,0,True,0.0,0.000365125585231691,0.0,3.0165625344037553e-80,7,0.0,0.0,32,0.0737855871886121,0.06217526690391458,0.029982206405693948,0.05526690391459074,0.10576512455516016,0.06515124555160143,0.75,0.2940947508896797
100000002232266100,3,False,1,0,45000.0,0.0,1,0,False,0.0,0.0002931207982901687,0.0,0.00020705708611291445,7,0.0,0.0,8,0.0737855871886121,0.06217526690391458,0.1661032028469751,0.05526690391459074,0.04733096085409253,0.06515124555160143,1.0,0.4698131672597865
100000002236528100,3,False,1,0,66000.0,0.0,1,0,False,0.0,0.00030555125766027787,0.0,8.268156631386229e-06,7,0.0,0.0,1,0.0737855871886121,0.06217526690391458,0.14217081850533808,0.05526690391459074,0.07238434163701067,0.06515124555160143,1.0,0.47093416370106767
100000002241986100,3,False,1,6,280000.0,3077000.0,1,12,False,10.989285714285714,0.00029303668355937495,4.2710918671583665e-32,0.009292059938235175,7,0.0,0.0,30,0.0737855871886121,0.17211298932384342,0.1970640569395018,0.13822064056939504,0.04704626334519573,0.06515124555160143,1.0,0.6933807829181494
100000002242066100,4,False,1,0,60000.0,0.0,1,0,True,0.0,0.0005306041951614819,0.0,1.2123981801281476e-89,7,0.0,0.0,38,0.0737855871886121,0.06217526690391458,0.021530249110320285,0.05526690391459074,0.1305338078291815,0.06515124555160143,0.75,0.30633229537366546
100000002242455100,4,False,1,0,110000.0,0.0,1,0,True,0.0,0.0005290205259978644,0.0,7.984235545808898e-81,7,0.0,0.0,10,0.0737855871886121,0.06217526690391458,0.029448398576512453,0.05526690391459074,0.1296085409252669,0.06515124555160143,0.75,0.3115769572953737
100000002243354100,1,False,1,0,20879.0,0.0,1,0,False,0.0,0.0002883865474276704,0.0,2.263722014323394e-32,1,0.0,0.0,22,0.0737855871886121,0.06217526690391458,0.07633451957295373,0.05526690391459074,0.02676156583629893,0.01766903914590747,1.0,0.3119928825622775
100000002255058100,3,False,1,0,491500.0,0.0,2,0,False,0.0,0.0004236117150079548,0.0,7.0633315969427075e-06,1,0.0,0.0,2,0.0737855871886121,0.06217526690391458,0.14119217081850535,0.05526690391459074,0.11601423487544485,0.01766903914590747,1.0,0.46610320284697504
100000002257794100,3,False,1,0,154000.0,0.0,1,0,False,0.0,0.0008545062954237598,0.0,6.273682498940926e-76,1,0.0,0.0,34,0.0737855871886121,0.06217526690391458,0.03238434163701067,0.05526690391459074,0.1498220640569395,0.01766903914590747,1.0,0.3911032028469751
100000002258492100,4,False,1,0,9000.0,0.0,1,0,True,0.0,0.0005369136656115085,0.0,3.038802354039751e-117,8,0.0,0.0,49,0.0737855871886121,0.06217526690391458,0.006361209964412812,0.05526690391459074,0.1330604982206406,0.10059608540925268,0.75,0.32343416370106765
100000002267998100,2,False,2,3,420000.0,1115000.0,4,12,False,2.6547619047619047,0.0015903175477344944,0.0002452282829135412,1.6493745146276556e-06,7,250000.0,0.2242152466367713,29,0.15409697508896797,0.16390569395017793,0.12740213523131674,0.15459074733096087,0.15601423487544486,0.06515124555160143,1.0,0.8211610320284698
100000002284426100,3,False,1,0,90000.0,0.0,2,0,False,0.0,0.00028692994900035004,0.0,0.005268102806587816,7,0.0,0.0,10,0.0737855871886121,0.06217526690391458,0.1934163701067616,0.05526690391459074,0.016441281138790037,0.06515124555160143,1.0,0.46623665480427057
100000002289937100,1,False,1,0,20000.0,0.0,1,0,False,0.0,0.000288203444719507,0.0,2.2155586188186246e-32,1,0.0,0.0,22,0.0737855871886121,0.06217526690391458,0.07597864768683274,0.05526690391459074,0.02597864768683274,0.01766903914590747,1.0,0.31085409252669033
100000002293421100,2,False,2,2,41000.0,47000.0,6,5,False,1.146341463414634,0.0009669905156328112,8.655411703337229e-05,1.2430221987337408e-07,7,15000.0,0.3191489361702128,0,0.15409697508896797,0.1554581850533808,0.10693950177935946,0.1523843416370107,0.15188612099644128,0.06515124555160143,1.0,0.7859163701067616
100000002299948100,2,False,1,0,6750.0,0.0,1,0,False,0.0,0.00029143159001429164,0.0,1.5934512456723233e-67,8,0.0,0.0,42,0.0737855871886121,0.06217526690391458,0.03896797153024911,0.05526690391459074,0.040996441281138794,0.10059608540925268,1.0,0.371788256227758
100000002301828100,3,False,1,0,46977.0,0.0,1,0,False,0.0,0.00029137746965399766,0.0,7.10179793088712e-05,7,0.0,0.0,28,0.0737855871886121,0.06217526690391458,0.15676156583629897,0.05526690391459074,0.04085409252669039,0.06515124555160143,1.0,0.45399466192170823
100000002304943100,4,False,1,0,15000.0,0.0,1,0,True,0.0,0.0003046733794387864,0.0,3.613059608412805e-65,7,0.0,0.0,32,0.0737855871886121,0.06217526690391458,0.04306049822064057,0.05526690391459074,0.07124555160142348,0.06515124555160143,0.75,0.27801379003558724
100000002305007100,3,False,1,0,56000.0,0.0,1,0,False,0.0,0.00029271359617161425,0.0,1.1515402871520157e-32,1,0.0,0.0,22,0.0737855871886121,0.06217526690391458,0.07170818505338078,0.05526690391459074,0.04597864768683274,0.01766903914590747,1.0,0.32658362989323836
100000002305477100,4,False,1,0,20000.0,0.0,1,0,True,0.0,0.00031155207749776037,0.0,4.172001875030594e-65,7,0.0,0.0,32,0.0737855871886121,0.06217526690391458,0.04314946619217082,0.05526690391459074,0.0797153024911032,0.06515124555160143,0.75,0.2844328291814947
100000002306369100,1,False,1,6,73166.0,260900.0,1,9,False,3.5658639258672062,0.00029765992564672776,0.0003640575209520467,0.0005442988983222354,7,0.0,0.0,2,0.0737855871886121,0.17211298932384342,0.18042704626334521,0.15580071174377227,0.05843416370106762,0.06515124555160143,1.0,0.705711743772242
100000002308091100,3,False,1,0,186720.0,0.0,1,0,False,0.0,0.0005577182795091786,0.0,1.3425516407072618e-72,1,0.0,0.0,24,0.0737855871886121,0.06217526690391458,0.03469750889679715,0.05526690391459074,0.13800711743772243,0.01766903914590747,1.0,0.38160142348754444
100000002320495100,4,False,1,0,13526.27,0.0,1,0,True,0.0,0.0005322429220083298,0.0,2.570651101308465e-111,7,0.0,0.0,28,0.0737855871886121,0.06217526690391458,0.008985765124555161,0.05526690391459074,0.1312455516014235,0.06515124555160143,0.75,0.29745774021352317
100000002324543100,1,False,1,0,30202.0,0.0,1,0,False,0.0,0.0002872596208007716,0.0,1.9017288059019056e-06,1,0.0,0.0,4,0.0737855871886121,0.06217526690391458,0.1287366548042705,0.05526690391459074,0.01914590747330961,0.01766903914590747,1.0,0.35677935943060496
100000002335358100,2,False,1,0,140000.0,0.0,2,0,False,0.0,0.0006085156749016258,0.0,3.667900964894456e-67,7,0.0,0.0,16,0.0737855871886121,0.06217526690391458,0.0400355871886121,0.05526690391459074,0.1418505338078292,0.06515124555160143,1.0,0.4382651245551602
100000002340562100,2,False,1,0,36650.0,0.0,2,0,False,0.0,0.0005277216136092519,0.0,8.166889578262106e-97,1,0.0,0.0,1,0.0737855871886121,0.06217526690391458,0.01619217081850534,0.05526690391459074,0.12825622775800713,0.01766903914590747,1.0,0.3533451957295373
100000002343825100,3,False,3,2,350000.0,89800.0,4,2,False,0.25657142857142856,0.00033182820033043236,2.7899697022503253e-84,1.9793459205285007e-06,8,50000.0,0.5567928730512249,4,0.1683896797153025,0.1554581850533808,0.12927046263345196,0.12455516014234876,0.09380782918149468,0.10059608540925268,1.0,0.7720774021352315
100000002346166100,3,False,1,0,6000.0,0.0,1,0,False,0.0,0.0002849668900021949,0.0,3.7693003797609256e-33,1,0.0,0.0,22,0.0737855871886121,0.06217526690391458,0.06218861209964413,0.05526690391459074,0.005622775800711744,0.01766903914590747,1.0,0.27670818505338074
100000002356167100,3,False,1,2,300000.0,29500.0,1,3,False,0.09833333333333333,0.0002936794977234828,1.0189493195722766e-100,0.009618195808081405,7,5500.0,0.1864406779661017,10,0.0737855871886121,0.1554581850533808,0.19719750889679719,0.11822064056939503,0.04900355871886121,0.06515124555160143,1.0,0.6588167259786478
100000002369443100,3,False,1,0,50000.0,0.0,1,0,False,0.0,0.0002917839914312839,0.0,1.0881032944557646e-32,1,0.0,0.0,22,0.0737855871886121,0.06217526690391458,0.07135231316725979,0.05526690391459074,0.04249110320284698,0.01766903914590747,1.0,0.32274021352313165
100000002369454100,4,False,1,0,25000.0,0.0,1,0,True,0.0,0.00042634752850913705,0.0,1.9079128602526573e-92,7,0.0,0.0,8,0.0737855871886121,0.06217526690391458,0.018816725978647687,0.05526690391459074,0.11661921708185054,0.06515124555160143,0.75,0.29386120996441284
100000002369510100,3,False,1,0,37150.0,0.0,1,0,False,0.0,0.00028979308794574313,0.0,9.379172687920177e-33,1,0.0,0.0,22,0.0737855871886121,0.06217526690391458,0.07041814946619217,0.05526690391459074,0.03441281138790036,0.01766903914590747,1.0,0.31372775800711744
100000002369874100,3,False,4,0,600000.0,0.0,4,0,False,0.0,0.0003355310766508474,0.0,8.071426585028158e-06,9,0.0,0.0,4,0.17435498220640572,0.06217526690391458,0.14199288256227757,0.05526690391459074,0.09523131672597865,0.10908362989323844,1.0,0.6381049822064058
100000002371751100,1,False,1,1,200000.0,250000.0,5,1,False,1.25,0.0005254689777410252,3.6657625934096915e-69,3.98183484411921e-72,1,170000.0,0.68,37,0.0737855871886121,0.13716192170818506,0.034875444839857654,0.12982206405693952,0.12654804270462633,0.01766903914590747,1.0,0.5198620996441281
100000002371892100,4,False,1,0,43830.0,0.0,1,0,True,0.0,0.00030485945151147913,0.0,7.377137273069713e-58,7,0.0,0.0,54,0.0737855871886121,0.06217526690391458,0.04884341637010676,0.05526690391459074,0.07145907473309608,0.06515124555160143,0.75,0.28251112099644127
100000002373144100,3,False,1,1,46468.0,10764.0,1,1,False,0.2316432813979513,0.0002881268225299556,1.3222374983684476e-115,0.0008249591176964313,7,0.0,0.0,0,0.0737855871886121,0.13716192170818506,0.1856761565836299,0.11402135231316728,0.02562277580071174,0.06515124555160143,1.0,0.6014190391459074
100000002373386100,3,False,1,0,24000.0,0.0,1,0,False,0.0,0.00028775570422318584,0.0,7.538600759521851e-33,1,0.0,0.0,22,0.0737855871886121,0.06217526690391458,0.06779359430604982,0.05526690391459074,0.02284697508896797,0.01766903914590747,1.0,0.2995373665480427
100000002380341100,3,False,1,0,57566.4,0.0,1,0,False,0.0,0.00030743128347908135,0.0,8.358702954373852e-05,7,0.0,0.0,0,0.0737855871886121,0.06217526690391458,0.15854092526690394,0.05526690391459074,0.07430604982206405,0.06515124555160143,1.0,0.4892259786476868
100000002391278100,3,False,1,1,30000.0,52700.0,5,2,False,1.7566666666666666,0.0003963265328228831,2.9225490690485517e-07,8.435978322587446e-54,1,20000.0,0.3795066413662239,41,0.0737855871886121,0.13716192170818506,0.05008896797153026,0.14313167259786477,0.11252669039145909,0.01766903914590747,1.0,0.5343638790035588
100000002394199100,3,False,1,1,277398.0,76777.0,3,1,False,0.2767756076107254,0.003160098543203545,1.1002935033048393e-78,6.340436700867753e-67,1,76777.0,1.0,1,0.0737855871886121,0.13716192170818506,0.040569395017793594,0.12725978647686834,0.15950177935943063,0.01766903914590747,1.0,0.5559475088967972
100000002398779100,2,False,13,1,1095690.0,66000.0,28,3,False,0.06023601566136407,0.0015896782248303986,1.3599768887766273e-06,7.282825065157036e-05,8,66000.0,1.0,0,0.17963967971530248,0.13716192170818506,0.15729537366548044,0.14533807829181494,0.15594306049822065,0.10059608540925268,1.0,0.8759741992882562
100000002404112100,4,False,1,0,60000.0,0.0,1,0,True,0.0,0.00032816417044606144,0.0,1.3553873299127618e-10,7,0.0,0.0,14,0.0737855871886121,0.06217526690391458,0.08612099644128114,0.05526690391459074,0.09209964412811388,0.06515124555160143,0.75,0.32594973309608544
100000002432143100,2,False,1,0,81310.0,0.0,1,0,False,0.0,0.0003333457529066536,0.0,0.00011409172052824063,9,0.0,0.0,2,0.0737855871886121,0.06217526690391458,0.1610320284697509,0.05526690391459074,0.09437722419928828,0.10908362989323844,1.0,0.5557206405693951
100000002433697100,3,False,1,1,130000.0,110000.0,1,1,False,0.8461538461538461,0.0002882155773285658,2.764110086627216e-81,0.006331471597856039,7,110000.0,1.0,10,0.0737855871886121,0.13716192170818506,0.19475088967971532,0.12612099644128116,0.026120996441281137,0.06515124555160143,1.0,0.6230916370106763
100000002435265100,3,False,1,0,132628.0,0.0,3,0,False,0.0,0.0002914547486050371,0.0,0.000807330202170697,7,0.0,0.0,0,0.0737855871886121,0.06217526690391458,0.18549822064056942,0.05526690391459074,0.04113879003558719,0.06515124555160143,1.0,0.4830160142348755
100000002443664100,2,False,3,0,556880.0,0.0,3,0,False,0.0,0.00033688887997857913,0.0,5.65340069167237e-07,9,0.0,0.0,24,0.1683896797153025,0.06217526690391458,0.1168149466192171,0.05526690391459074,0.09622775800711746,0.10908362989323844,1.0,0.6079581850533808
100000002445750100,2,False,1,1,70000.0,10000.0,1,1,False,0.14285714285714285,0.000534091662057598,1.0819421503297013e-116,2.120131157205043e-87,7,0.0,0.0,0,0.0737855871886121,0.13716192170818506,0.023220640569395018,0.11327402135231317,0.13174377224199288,0.06515124555160143,1.0,0.5443371886120997
100000002448088100,3,False,3,1,20000.0,25000.0,3,1,False,1.25,0.0005055709222145073,3.665762593409714e-103,1.9922805000231136e-79,7,10000.0,0.4,32,0.1683896797153025,0.13716192170818506,0.03078291814946619,0.11736654804270463,0.12483985765124557,0.06515124555160143,1.0,0.6436921708185055
100000002454724100,2,False,1,0,125000.0,0.0,3,0,False,0.0,0.00029951105578395273,0.0,2.4024544005269156e-07,7,0.0,0.0,33,0.0737855871886121,0.06217526690391458,0.11156583629893241,0.05526690391459074,0.06348754448398576,0.06515124555160143,1.0,0.431432384341637
100000002457464100,2,False,1,0,66647.0,0.0,1,0,False,0.0,0.00032039621189785736,0.0,4.927725929494515e-59,8,0.0,0.0,2,0.0737855871886121,0.06217526690391458,0.04795373665480427,0.05526690391459074,0.08825622775800712,0.10059608540925268,1.0,0.4280338078291815
100000002459093100,2,False,1,1,500000.0,55000.0,2,3,False,0.11,0.00038703468176470206,1.6089238264989212e-91,1.166094270359575e-07,1,0.0,0.0,41,0.0737855871886121,0.13716192170818506,0.10658362989323844,0.12163701067615659,0.1101067615658363,0.01766903914590747,1.0,0.566943950177936
100000002459163100,2,False,1,0,20180.0,0.0,1,0,False,0.0,0.0003626489183023349,0.0,1.5386796150275137e-58,1,0.0,0.0,39,0.0737855871886121,0.06217526690391458,0.04839857651245552,0.05526690391459074,0.10483985765124557,0.01766903914590747,1.0,0.362135231316726
100000002459164100,3,False,1,0,20000.0,0.0,1,0,False,0.0,0.0005386020384945116,0.0,1.2591667374038265e-105,7,0.0,0.0,0,0.0737855871886121,0.06217526690391458,0.010854092526690392,0.05526690391459074,0.13366548042704626,0.06515124555160143,1.0,0.40089857651245553
100000002459240100,3,False,1,0,150000.0,0.0,1,0,False,0.0,0.0002888583914926737,0.0,0.006801091478674387,7,0.0,0.0,10,0.0737855871886121,0.06217526690391458,0.19555160142348757,0.05526690391459074,0.029395017793594304,0.06515124555160143,1.0,0.4813256227758008
100000002459832100,3,False,2,0,880606.0,0.0,2,0,False,0.0,0.00039085522133751934,0.0,0.0006285770501446251,7,0.0,0.0,35,0.15409697508896797,0.06217526690391458,0.1822064056939502,0.05526690391459074,0.1112455516014235,0.06515124555160143,1.0,0.6301423487544484
100000002462183100,1,False,1,0,107500.0,0.0,3,0,False,0.0,0.0003781123779327592,0.0,1.1893496104975649e-67,1,0.0,0.0,55,0.0737855871886121,0.06217526690391458,0.03834519572953737,0.05526690391459074,0.10846975088967974,0.01766903914590747,1.0,0.35571174377224196
100000002469065100,2,False,1,0,200000.0,0.0,1,0,False,0.0,0.0003169377278539003,0.0,7.247080556464004e-06,7,0.0,0.0,16,0.0737855871886121,0.06217526690391458,0.14137010676156586,0.05526690391459074,0.08512455516014235,0.06515124555160143,1.0,0.482873665480427
100000002472632100,3,False,2,1,502400.0,20000.0,3,1,False,0.03980891719745223,0.000978855505826558,1.858762460731998e-106,1.1815519624988406e-07,7,0.0,0.0,13,0.15409697508896797,0.13716192170818506,0.10667259786476868,0.11608540925266905,0.1520996441281139,0.06515124555160143,1.0,0.7312677935943062
100000002474570100,4,False,1,0,6750.0,0.0,1,0,True,0.0,0.0002876257256481767,0.0,9.981419808438974e-09,1,0.0,0.0,47,0.0737855871886121,0.06217526690391458,0.09190391459074733,0.05526690391459074,0.021708185053380784,0.01766903914590747,0.75,0.24188167259786475
100000002475601100,3,False,1,0,232301.0,0.0,1,0,False,0.0,0.0003004666314713493,0.0,0.00018173350811288069,1,0.0,0.0,35,0.0737855871886121,0.06217526690391458,0.16467971530249112,0.05526690391459074,0.06512455516014234,0.01766903914590747,1.0,0.4387010676156584
100000002478829100,4,False,1,0,34000.0,0.0,1,0,True,0.0,0.00038507250327418185,0.0,4.338078715833075e-79,7,0.0,0.0,32,0.0737855871886121,0.06217526690391458,0.03131672597864769,0.05526690391459074,0.10967971530249111,0.06515124555160143,0.75,0.29803158362989324
100000002479804100,1,False,1,2,46000.0,35300.0,1,2,False,0.7673913043478261,0.00029535997257801013,8.066354735171038e-80,1.4301907420766885e-05,1,23000.0,0.6515580736543909,2,0.0737855871886121,0.1554581850533808,0.1459964412811388,0.12661921708185053,0.053594306049822064,0.01766903914590747,1.0,0.5731227758007117
100000002480800100,1,False,2,0,569251.0,0.0,2,0,False,0.0,0.000636975461303058,0.0,0.001004980128219499,10,0.0,0.0,2,0.15409697508896797,0.06217526690391458,0.18718861209964416,0.05526690391459074,0.1434163701067616,0.11530249110320284,1.0,0.7174466192170819
100000002481735100,2,False,1,0,22436.0,0.0,2,0,False,0.0,0.0003606560876489171,0.0,2.2697988315729286e-07,7,0.0,0.0,16,0.0737855871886121,0.06217526690391458,0.1110320284697509,0.05526690391459074,0.10419928825622776,0.06515124555160143,1.0,0.4716103202846975
100000002481974100,3,False,2,2,89447.0,318000.0,2,4,False,3.5551779265934016,0.0003298120200739926,1.3083565707976173e-65,0.00015949462730392204,7,59000.0,0.18553459119496854,8,0.15409697508896797,0.1554581850533808,0.1631672597864769,0.13209964412811387,0.09288256227758009,0.06515124555160143,1.0,0.762855871886121
100000002487222100,4,False,1,0,90000.0,0.0,2,0,True,0.0,0.0003087289819581978,0.0,2.2098142842055343e-50,7,0.0,0.0,10,0.0737855871886121,0.06217526690391458,0.051067615658362986,0.05526690391459074,0.07608540925266903,0.06515124555160143,0.75,0.2876490213523132
100000002488629100,2,False,1,0,73050.0,0.0,1,0,False,0.0,0.0002977893319968956,0.0,1.0244371055780048e-06,1,0.0,0.0,41,0.0737855871886121,0.06217526690391458,0.1220640569395018,0.05526690391459074,0.059145907473309604,0.01766903914590747,1.0,0.39010676156583624
100000002489253100,2,False,1,0,51000.0,0.0,1,0,False,0.0,0.00030018469775148896,0.0,7.69929503338897e-10,7,0.0,0.0,16,0.0737855871886121,0.06217526690391458,0.08727758007117438,0.05526690391459074,0.06491103202846975,0.06515124555160143,1.0,0.40856761565836297
100000002492277100,2,False,1,0,138500.0,0.0,1,0,False,0.0,0.00030572446586011026,0.0,4.652647802491003e-05,7,0.0,0.0,2,0.0737855871886121,0.06217526690391458,0.15355871886120998,0.05526690391459074,0.07259786476868327,0.06515124555160143,1.0,0.4825355871886121
100000002505277100,4,False,1,0,60000.0,0.0,1,0,True,0.0,0.0004053235851470022,0.0,1.0414421066760622e-79,7,0.0,0.0,0,0.0737855871886121,0.06217526690391458,0.03047153024911032,0.05526690391459074,0.11398576512455516,0.06515124555160143,0.75,0.3006272241992883
100000002506987100,4,False,1,0,28200.0,0.0,1,0,True,0.0,0.00029451319193789195,0.0,4.5248118750941546e-08,7,0.0,0.0,18,0.0737855871886121,0.06217526690391458,0.10044483985765125,0.05526690391459074,0.05138790035587189,0.06515124555160143,0.75,0.3061588078291814
100000002508637100,3,False,1,1,306410.0,8000.0,1,1,False,0.02610880845925394,0.0003057079451903549,5.4860984651106914e-120,0.00020871849659394805,1,0.0,0.0,35,0.0737855871886121,0.13716192170818506,0.16619217081850535,0.11256227758007117,0.07252669039145908,0.01766903914590747,1.0,0.5798976868327402
100000002509598100,3,False,1,0,305550.0,0.0,1,0,False,0.0,0.00029848700210156757,0.0,4.400323544086204e-07,2,0.0,0.0,24,0.0737855871886121,0.06217526690391458,0.11512455516014236,0.05526690391459074,0.06106761565836299,0.03368327402135231,1.0,0.40110320284697504
100000002511581100,3,False,1,0,17600.0,0.0,1,0,False,0.0,0.00028676412583350015,0.0,6.45567200491732e-33,1,0.0,0.0,22,0.0737855871886121,0.06217526690391458,0.06583629893238434,0.05526690391459074,0.015160142348754449,0.01766903914590747,1.0,0.28989323843416365
100000002511825100,1,False,1,0,65000.0,0.0,1,0,False,0.0,0.00029613951341450525,0.0,0.0005130261201082986,7,0.0,0.0,0,0.0737855871886121,0.06217526690391458,0.17953736654804273,0.05526690391459074,0.055444839857651244,0.06515124555160143,1.0,0.4913612099644129
100000002512742100,4,False,1,0,6000.0,0.0,1,0,True,0.0,0.0002872270100496976,0.0,9.410572843222573e-09,1,0.0,0.0,47,0.0737855871886121,0.06217526690391458,0.09168149466192171,0.05526690391459074,0.018754448398576512,0.01766903914590747,0.75,0.23949955516014232
100000002513028100,3,False,1,3,9500.0,332709.0,1,24,False,35.022,0.00030391711574902057,6.086935584059995e-65,2.6121366497591708e-05,7,0.0,0.0,56,0.0737855871886121,0.16390569395017793,0.14937722419928828,0.13224199288256228,0.07024911032028469,0.06515124555160143,1.0,0.6547108540925267
100000002514975100,4,False,1,0,17920.0,0.0,1,0,True,0.0,0.0005278984509395557,0.0,3.179812896304769e-107,7,0.0,0.0,14,0.0737855871886121,0.06217526690391458,0.0101423487544484,0.05526690391459074,0.12861209964412812,0.06515124555160143,0.75,0.2963500889679715
100000002516862100,4,False,1,0,81710.0,0.0,5,0,True,0.0,0.00034748043648188644,0.0,5.0100967155273555e-65,7,0.0,0.0,56,0.0737855871886121,0.06217526690391458,0.04332740213523131,0.05526690391459074,0.1,0.06515124555160143,0.75,0.2997798042704627
100000002521039100,3,False,1,0,349370.0,0.0,1,0,False,0.0,0.000303576441158087,0.0,0.0013103170566399172,7,0.0,0.0,0,0.0737855871886121,0.06217526690391458,0.18861209964412814,0.05526690391459074,0.06975088967971531,0.06515124555160143,1.0,0.5147419928825624
100000002527114100,0,True,3,111,129000.0,3289249.0,4,113,False,25.49805426356589,0.000806090342909785,5.401806492722592e-31,7.278964734302202e-34,0,129000.0,0.039218678792636255,22,0.1683896797153025,0.17983985765124555,0.06112099644128114,0.13843416370106762,0.14882562277580072,0.001307829181494662,1.0,0.6979181494661921
100000002528544100,3,False,1,0,192912.0,0.0,1,0,False,0.0,0.000297680868526526,0.0,0.00016561096670209357,1,0.0,0.0,35,0.0737855871886121,0.06217526690391458,0.16352313167259788,0.05526690391459074,0.058647686832740215,0.01766903914590747,1.0,0.43106761565836305
100000002528978100,4,False,1,0,15900.0,0.0,1,0,True,0.0,0.0002899439134940928,0.0,3.39761789638513e-08,7,0.0,0.0,18,0.0737855871886121,0.06217526690391458,0.09928825622775801,0.05526690391459074,0.035088967971530244,0.06515124555160143,0.75,0.2930671708185053
100000002529877100,4,False,1,0,232000.0,0.0,1,0,True,0.0,0.00030417009004962757,0.0,2.68247402333792e-07,8,0.0,0.0,24,0.0737855871886121,0.06217526690391458,0.11236654804270463,0.05526690391459074,0.07053380782918149,0.10059608540925268,0.75,0.3560431494661922
100000002529880100,3,False,2,0,147000.0,0.0,2,0,False,0.0,0.0003046105376666679,0.0,2.340967047817681e-06,8,0.0,0.0,4,0.15409697508896797,0.06217526690391458,0.1306049822064057,0.05526690391459074,0.0711743772241993,0.10059608540925268,1.0,0.573914590747331
100000002530224100,3,False,1,0,113000.0,0.0,1,0,False,0.0,0.0002898197832897383,0.0,2.958964954741034e-06,9,0.0,0.0,4,0.0737855871886121,0.06217526690391458,0.13291814946619218,0.05526690391459074,0.034875444839857654,0.10908362989323844,1.0,0.46810498220640573
100000002531406100,3,False,1,1,520000.0,500000.0,1,1,False,0.9615384615384616,0.00032081396736367254,6.297732181437913e-59,0.0002719012112537736,1,0.0,0.0,35,0.0737855871886121,0.13716192170818506,0.16983985765124557,0.13380782918149467,0.08846975088967973,0.01766903914590747,1.0,0.6207339857651245
100000002534091100,3,False,1,0,22200.0,0.0,1,0,False,0.0,0.0002947611183230156,0.0,3.927480345458497e-06,7,0.0,0.0,8,0.0737855871886121,0.06217526690391458,0.13505338078291815,0.05526690391459074,0.05217081850533807,0.06515124555160143,1.0,0.4436032028469751
100000002537811100,3,False,1,1,52000.0,15000.0,1,1,False,0.28846153846153844,0.001219191469258656,1.0502842388567766e-110,3.3304722024927824e-89,11,0.0,0.0,11,0.0737855871886121,0.13716192170818506,0.02206405693950178,0.11512455516014235,0.15437722419928826,0.11901245551601423,1.0,0.6215258007117438
100000002539625100,2,False,1,0,94700.0,0.0,1,0,False,0.0,0.0003430943791937178,0.0,1.1285087707115252e-06,9,0.0,0.0,4,0.0737855871886121,0.06217526690391458,0.12286476868327403,0.05526690391459074,0.09836298932384342,0.10908362989323844,1.0,0.5215391459074733
100000002540033100,4,False,1,0,10000.0,0.0,1,0,True,0.0,0.0005924161595185359,0.0,1.0365216744397587e-115,9,0.0,0.0,46,0.0737855871886121,0.06217526690391458,0.0074288256227758006,0.05526690391459074,0.140711743772242,0.10908362989323844,0.75,0.33633896797153023
100000002540623100,2,False,1,0,100000.0,0.0,1,0,False,0.0,0.00033133863909163034,0.0,3.97943820114597e-06,1,0.0,0.0,11,0.0737855871886121,0.06217526690391458,0.13514234875444842,0.05526690391459074,0.09359430604982207,0.01766903914590747,1.0,0.43763345195729536
100000002546921100,3,False,1,0,20000.0,0.0,1,0,False,0.0,0.0002896709717059993,0.0,6.494601149907591e-07,7,0.0,0.0,40,0.0737855871886121,0.06217526690391458,0.11761565836298933,0.05526690391459074,0.03359430604982206,0.06515124555160143,1.0,0.4075889679715302
100000002547110100,3,False,6,0,1500000.0,0.0,10,0,False,0.0,0.0005487451833899909,0.0,4.7155261574400335e-06,8,0.0,0.0,4,0.17771797153024912,0.06217526690391458,0.1369217081850534,0.05526690391459074,0.13608540925266904,0.10059608540925268,1.0,0.6687633451957296
100000002548759100,3,False,2,0,375000.0,0.0,2,0,False,0.0,0.0003069181108470046,0.0,4.517634874323503e-06,9,0.0,0.0,4,0.15409697508896797,0.06217526690391458,0.13647686832740213,0.05526690391459074,0.07395017793594306,0.10908362989323844,1.0,0.591049822064057
100000002550141100,3,False,1,0,100586.0,0.0,1,0,False,0.0,0.00030608403712002985,0.0,0.00019760727581836653,7,0.0,0.0,8,0.0737855871886121,0.06217526690391458,0.1653914590747331,0.05526690391459074,0.07316725978647687,0.06515124555160143,1.0,0.49493772241992884
100000002554175100,3,False,1,0,24621.0,0.0,1,0,False,0.0,0.0002931468830436536,0.0,2.799686328450117e-08,7,0.0,0.0,18,0.0737855871886121,0.06217526690391458,0.09777580071174377,0.05526690391459074,0.047473309608540924,0.06515124555160143,1.0,0.40162811387900355
100000002556775100,3,False,1,0,300000.0,0.0,1,0,False,0.0,0.0002936794977234828,0.0,0.009618195808081405,7,0.0,0.0,10,0.0737855871886121,0.06217526690391458,0.19719750889679719,0.05526690391459074,0.04900355871886121,0.06515124555160143,1.0,0.5025800711743773
100000002558173100,2,False,1,0,9300.0,0.0,1,0,False,0.0,0.00029422499403187525,0.0,1.870373617369001e-67,8,0.0,0.0,42,0.0737855871886121,0.06217526690391458,0.03923487544483986,0.05526690391459074,0.050676156583629894,0.10059608540925268,1.0,0.38173487544483986
100000002559089100,3,False,2,0,715000.0,0.0,2,0,False,0.0,0.00039017231458992474,0.0,5.983028819916199e-06,9,0.0,0.0,24,0.15409697508896797,0.06217526690391458,0.13932384341637014,0.05526690391459074,0.11117437722419929,0.10908362989323844,1.0,0.6311209964412812
100000002565277100,1,False,1,0,483319.0,0.0,1,0,False,0.0,0.00038003214932007007,0.0,0.0014367853141747208,10,0.0,0.0,2,0.0737855871886121,0.06217526690391458,0.18914590747330962,0.05526690391459074,0.10861209964412812,0.11530249110320284,1.0,0.6042882562277581
100000002566204100,2,False,1,0,80805.0,0.0,1,0,False,0.0,0.0003222591442240068,0.0,3.577180725234001e-06,1,0.0,0.0,11,0.0737855871886121,0.06217526690391458,0.13425266903914593,0.05526690391459074,0.08925266903914592,0.01766903914590747,1.0,0.4324021352313167
100000002567887100,3,False,1,0,50915.0,0.0,1,0,False,0.0,0.0002856737294201422,0.0,0.003962377609900025,7,0.0,0.0,10,0.0737855871886121,0.06217526690391458,0.1925266903914591,0.05526690391459074,0.008612099644128113,0.06515124555160143,1.0,0.4575177935943061
100000002570206100,2,False,2,0,166959.6,0.0,2,0,False,0.0,0.0003167429605282902,0.0,0.0002393921708486734,7,0.0,0.0,28,0.15409697508896797,0.06217526690391458,0.16877224199288257,0.05526690391459074,0.08498220640569397,0.06515124555160143,1.0,0.5904448398576513
100000002575080100,3,False,1,1,13000.0,12500.0,1,1,False,0.9615384615384616,0.0005476438013874525,2.1337546602646373e-113,1.8436303617672486e-90,7,12500.0,1.0,3,0.0737855871886121,0.13716192170818506,0.020551601423487546,0.11434163701067616,0.13558718861209965,0.06515124555160143,1.0,0.546579181494662
100000002578405100,2,False,2,116,1200351.0,3108352.0,7,120,False,2.589535894084314,0.000566576226221159,1.6498698111322865e-31,1.2340768878362398e-33,1,1200351.0,0.3861695843971339,22,0.15409697508896797,0.17991992882562277,0.06147686832740214,0.13836298932384342,0.13879003558718864,0.01766903914590747,1.0,0.6903158362989323
100000002578653100,3,False,1,0,20000.0,0.0,1,0,False,0.0,0.00030959962130824295,0.0,1.9866148245851372e-69,7,0.0,0.0,57,0.0737855871886121,0.06217526690391458,0.03585409252669039,0.05526690391459074,0.07701067615658362,0.06515124555160143,1.0,0.3692437722419929
100000002580377100,1,False,1,1,37750.0,5000.0,2,1,False,0.13245033112582782,0.0002880693938349812,6.2977321814379195e-127,6.131696818123762e-05,7,0.0,0.0,16,0.0737855871886121,0.13716192170818506,0.15560498220640573,0.111067615658363,0.02469750889679715,0.06515124555160143,1.0,0.5674688612099644
100000002581346100,3,False,1,0,166400.0,0.0,1,0,False,0.0,0.00028938549910724216,0.0,0.007163242402774449,7,0.0,0.0,10,0.0737855871886121,0.06217526690391458,0.19608540925266904,0.05526690391459074,0.03202846975088968,0.06515124555160143,1.0,0.4844928825622776
100000002589019100,1,False,1,0,34710.0,0.0,1,0,False,0.0,0.00028976000944327946,0.0,2.1792184673137738e-07,1,0.0,0.0,7,0.0737855871886121,0.06217526690391458,0.11058718861209967,0.05526690391459074,0.034306049822064054,0.01766903914590747,1.0,0.3537900355871885
100000002591469100,1,False,1,0,235670.0,0.0,1,0,False,0.0,0.00029746297680624,0.0,6.856401062761418e-06,1,0.0,0.0,1,0.0737855871886121,0.06217526690391458,0.14101423487544484,0.05526690391459074,0.05800711743772242,0.01766903914590747,1.0,0.40791814946619215
100000002592567100,1,False,1,2,5297.0,48600.0,1,2,False,9.175004719652634,0.0002846030621919784,1.9975787125347553e-07,2.2968740519095084e-05,7,0.0,0.0,16,0.0737855871886121,0.1554581850533808,0.14839857651245553,0.14270462633451958,0.003629893238434164,0.06515124555160143,1.0,0.5891281138790037
100000002593038100,2,False,1,0,28500.0,0.0,1,0,False,0.0,0.0006533671302229494,0.0,1.8136314112814732e-84,8,0.0,0.0,7,0.0737855871886121,0.06217526690391458,0.026067615658362988,0.05526690391459074,0.14434163701067618,0.10059608540925268,1.0,0.4622330960854093
100000002593344100,3,False,2,0,431000.0,0.0,2,0,False,0.0,0.00035694247072282466,0.0,2.951062205870052e-07,9,0.0,0.0,4,0.15409697508896797,0.06217526690391458,0.11281138790035589,0.05526690391459074,0.10298932384341639,0.10908362989323844,1.0,0.596423487544484
100000002594214100,4,False,1,0,1000000.0,0.0,1,0,True,0.0,0.00036498664536337665,0.0,1.3297982715039454e-32,7,0.0,0.0,30,0.0737855871886121,0.06217526690391458,0.07215302491103202,0.05526690391459074,0.10569395017793594,0.06515124555160143,0.75,0.3256694839857651
100000002596035100,1,False,1,0,231570.0,0.0,1,0,False,0.0,0.0003189633741280226,0.0,0.0005263646095202132,8,0.0,0.0,11,0.0737855871886121,0.06217526690391458,0.17989323843416372,0.05526690391459074,0.08718861209964414,0.10059608540925268,1.0,0.558905693950178
100000002596039100,4,False,1,0,280000.0,0.0,1,0,True,0.0,0.0003026849542484925,0.0,0.0001207326001321782,7,0.0,0.0,8,0.0737855871886121,0.06217526690391458,0.16147686832740216,0.05526690391459074,0.06882562277580072,0.06515124555160143,0.75,0.36501112099644134
100000002597003100,1,False,1,1,17700.0,11000.0,1,1,False,0.6214689265536724,0.0002873328150818913,2.7641100866272126e-115,0.0002677129823140598,7,0.0,0.0,0,0.0737855871886121,0.13716192170818506,0.16966192170818506,0.11416370106761567,0.020142348754448397,0.06515124555160143,1.0,0.5800667259786477
100000002597074100,4,False,1,0,8000.0,0.0,1,0,True,0.0,0.00030873031947248753,0.0,1.6221973349896815e-85,7,0.0,0.0,0,0.0737855871886121,0.06217526690391458,0.0251779359430605,0.05526690391459074,0.07615658362989323,0.06515124555160143,0.75,0.26828514234875445
100000002597623100,3,False,1,0,16418.0,0.0,1,0,False,0.0,0.0002849554919238681,0.0,0.00028404929458316426,7,0.0,0.0,0,0.0737855871886121,0.06217526690391458,0.17064056939501782,0.05526690391459074,0.005551601423487544,0.06515124555160143,1.0,0.43257117437722425
100000002599729100,4,False,1,0,65000.0,0.0,2,0,True,0.0,0.0004829428724576898,0.0,1.674960759637802e-85,7,0.0,0.0,0,0.0737855871886121,0.06217526690391458,0.025266903914590744,0.05526690391459074,0.12241992882562279,0.06515124555160143,0.75,0.3030493772241992
100000002600345100,1,False,2,0,52400.0,0.0,2,0,False,0.0,0.00029411832337428693,0.0,6.95957944297214e-05,7,0.0,0.0,16,0.15409697508896797,0.06217526690391458,0.1566725978647687,0.05526690391459074,0.050249110320284694,0.06515124555160143,1.0,0.5436120996441282
100000002603371100,3,False,1,0,9300.0,0.0,1,0,False,0.0,0.0002878166458510297,0.0,3.359663882695746e-05,7,0.0,0.0,0,0.0737855871886121,0.06217526690391458,0.15186832740213527,0.05526690391459074,0.023487544483985767,0.06515124555160143,1.0,0.4317348754448399
100000002603478100,1,False,1,0,23500.0,0.0,1,0,False,0.0,0.0002879117888130962,0.0,1.7931119087587777e-07,1,0.0,0.0,7,0.0737855871886121,0.06217526690391458,0.1093861209964413,0.05526690391459074,0.02387900355871886,0.01766903914590747,1.0,0.34216192170818505
100000002603769100,1,False,3,0,1185368.0,0.0,3,0,False,0.0,0.0005381790458941644,0.0,0.0016069962253384782,7,0.0,0.0,0,0.1683896797153025,0.06217526690391458,0.18959074733096087,0.05526690391459074,0.13345195729537368,0.06515124555160143,1.0,0.6740258007117439
100000002605184100,2,False,1,0,140000.0,0.0,1,0,False,0.0,0.0003888473196299421,0.0,1.1019956479709724e-64,7,0.0,0.0,3,0.0737855871886121,0.06217526690391458,0.04386120996441281,0.05526690391459074,0.1106761565836299,0.06515124555160143,1.0,0.4109163701067615
100000002605308100,2,False,3,0,2569521.84,0.0,7,0,False,0.0,0.0008781271869955982,0.0,2.737796911862015e-08,11,0.0,0.0,40,0.1683896797153025,0.06217526690391458,0.09733096085409254,0.05526690391459074,0.15053380782918152,0.11901245551601423,1.0,0.6527090747330963
100000002605548100,1,False,2,0,116695.0,0.0,2,0,False,0.0,0.0003126136289523951,0.0,0.0003349884814648461,10,0.0,0.0,11,0.15409697508896797,0.06217526690391458,0.1725978647686833,0.05526690391459074,0.08120996441281139,0.11530249110320284,1.0,0.6406494661921709
100000002606567100,1,False,1,1,14095.0,53000.0,1,1,False,3.7601986520042567,0.0002866616068897333,4.5665015227613585e-92,0.000238899554038255,7,0.0,0.0,0,0.0737855871886121,0.13716192170818506,0.16859430604982206,0.121423487544484,0.013879003558718862,0.06515124555160143,1.0,0.5799955516014235
100000002609774100,1,False,1,1,7700.0,27500.0,1,1,False,3.5714285714285716,0.0002848597285999572,1.1564414583086531e-07,2.7692843898084888e-05,7,0.0,0.0,18,0.0737855871886121,0.13716192170818506,0.15008896797153026,0.14199288256227757,0.004911032028469751,0.06515124555160143,1.0,0.5730916370106762
100000002611334100,3,False,1,1,48288.0,15500.0,1,1,False,0.3209907223326706,0.00030366070075967173,3.202445725776871e-110,7.655507131173595e-05,7,0.0,0.0,0,0.0737855871886121,0.13716192170818506,0.15800711743772244,0.11537366548042705,0.0698220640569395,0.06515124555160143,1.0,0.6193016014234876
100000002612809100,3,False,1,3,30000.0,114000.0,2,4,False,3.8,0.00042569821711005494,2.8306905765613976e-79,1.795308203276027e-82,1,15000.0,0.13157894736842105,26,0.0737855871886121,0.16390569395017793,0.027713523131672597,0.12697508896797152,0.11640569395017794,0.01766903914590747,1.0,0.5264546263345196
100000002613776100,2,False,1,0,30000.0,0.0,2,0,False,0.0,0.00029984781845741215,0.0,8.912737285419359e-06,7,0.0,0.0,2,0.0737855871886121,0.06217526690391458,0.1428825622775801,0.05526690391459074,0.06427046263345196,0.06515124555160143,1.0,0.46353202846975095
100000002613929100,3,False,1,0,28560.0,0.0,1,0,False,0.0,0.000775811384917042,0.0,1.9207825073769574e-100,8,0.0,0.0,4,0.0737855871886121,0.06217526690391458,0.013701067615658364,0.05526690391459074,0.14790035587188613,0.10059608540925268,1.0,0.4534252669039146
100000002614095100,3,False,1,0,5300.0,0.0,1,0,False,0.0,0.000284858436115823,0.0,3.5426076640940894e-33,1,0.0,0.0,22,0.0737855871886121,0.06217526690391458,0.062010676156583636,0.05526690391459074,0.004839857651245552,0.01766903914590747,1.0,0.2757473309608541
100000002615479100,1,False,1,0,220000.0,0.0,1,0,False,0.0,0.0003075096982993972,0.0,5.13265500331612e-06,1,0.0,0.0,4,0.0737855871886121,0.06217526690391458,0.13807829181494663,0.05526690391459074,0.07437722419928826,0.01766903914590747,1.0,0.42135231316725974
100000002618492100,1,False,2,0,296500.0,0.0,2,0,False,0.0,0.0003669358887433664,0.0,0.00046581474193080336,8,0.0,0.0,11,0.15409697508896797,0.06217526690391458,0.177846975088968,0.05526690391459074,0.10604982206405694,0.10059608540925268,1.0,0.656032028469751
100000002621434100,3,False,1,0,81000.0,0.0,1,0,False,0.0,0.00028818226172432277,0.0,2.5052040735665562e-06,9,0.0,0.0,4,0.0737855871886121,0.06217526690391458,0.13167259786476868,0.05526690391459074,0.02583629893238434,0.10908362989323844,1.0,0.4578202846975089
100000002621915100,2,False,1,0,5000.0,0.0,1,0,False,0.0,0.0005288962700283426,0.0,8.532445701341959e-126,7,0.0,0.0,16,0.0737855871886121,0.06217526690391458,0.004314946619217082,0.05526690391459074,0.1293238434163701,0.06515124555160143,1.0,0.390017793594306
100000002621949100,1,False,1,0,164612.0,0.0,1,0,False,0.0,0.0003167318546091265,0.0,0.0008385050681267781,10,0.0,0.0,2,0.0737855871886121,0.06217526690391458,0.18594306049822065,0.05526690391459074,0.08491103202846975,0.11530249110320284,1.0,0.5773843416370106
100000002622822100,4,False,1,0,750000.0,0.0,1,0,True,0.0,0.0009015526151585445,0.0,6.762864897571053e-53,9,0.0,0.0,46,0.0737855871886121,0.06217526690391458,0.050711743772241996,0.05526690391459074,0.1513167259786477,0.10908362989323844,0.75,0.37675489323843414
100000002628146100,2,False,1,0,30500.0,0.0,2,0,False,0.0,0.00031744858821727595,0.0,3.3871685893636166e-67,8,0.0,0.0,42,0.0737855871886121,0.06217526690391458,0.03994661921708185,0.05526690391459074,0.08576512455516015,0.10059608540925268,1.0,0.4175355871886121
100000002628576100,3,False,2,2,727882.0,539000.0,3,2,False,0.7405046422359668,0.00030965110184972986,8.095096993411626e-58,0.014665839908004942,7,539000.0,1.0,10,0.15409697508896797,0.1554581850533808,0.1991992882562278,0.13423487544483986,0.07715302491103203,0.06515124555160143,1.0,0.7852935943060498
100000002632742100,3,False,2,0,235500.0,0.0,2,0,False,0.0,0.0003158215766429805,0.0,1.9004477206358392e-06,8,0.0,0.0,4,0.15409697508896797,0.06217526690391458,0.12855871886120998,0.05526690391459074,0.08419928825622776,0.10059608540925268,1.0,0.5848932384341636
100000002633108100,3,False,1,0,320000.0,0.0,3,0,False,0.0,0.0003741762683680212,0.0,2.5978404599630365e-06,7,0.0,0.0,40,0.0737855871886121,0.06217526690391458,0.13185053380782918,0.05526690391459074,0.10761565836298934,0.06515124555160143,1.0,0.49584519572953745
100000002633701100,2,False,1,0,266850.0,0.0,1,0,False,0.0,0.00030898001510453057,0.0,2.0646442069248017e-07,1,0.0,0.0,4,0.0737855871886121,0.06217526690391458,0.11014234875444842,0.05526690391459074,0.07651245551601424,0.01766903914590747,1.0,0.39555160142348755
100000002635746100,4,False,1,0,5300.0,0.0,1,0,True,0.0,0.00028685487549111706,0.0,8.8446035388749e-09,1,0.0,0.0,47,0.0737855871886121,0.06217526690391458,0.09119217081850534,0.05526690391459074,0.01608540925266904,0.01766903914590747,0.75,0.23713078291814943
100000002635780100,2,False,1,0,163000.02,0.0,1,0,False,0.0,0.0005520442703517193,0.0,4.205957893816704e-75,9,0.0,0.0,1,0.0737855871886121,0.06217526690391458,0.032740213523131674,0.05526690391459074,0.13686832740213523,0.10908362989323844,1.0,0.4699199288256228
100000002644285100,3,False,1,0,500000.0,0.0,1,0,False,0.0,0.00030768270637085334,0.0,5.628963963406095e-07,2,0.0,0.0,24,0.0737855871886121,0.06217526690391458,0.1166370106761566,0.05526690391459074,0.07494661921708186,0.03368327402135231,1.0,0.4164946619217082
100000002645046100,4,False,1,0,12000.0,0.0,1,0,True,0.0,0.00029041673483753066,0.0,1.33085597445853e-08,1,0.0,0.0,47,0.0737855871886121,0.06217526690391458,0.09332740213523133,0.05526690391459074,0.03679715302491103,0.01766903914590747,0.75,0.2542660142348754
100000002645609100,1,False,4,0,546820.6799999999,0.0,5,0,False,0.0,0.00035331706591192107,0.0,0.0019601928478577744,7,0.0,0.0,0,0.17435498220640572,0.06217526690391458,0.19048042704626336,0.05526690391459074,0.1015658362989324,0.06515124555160143,1.0,0.6489946619217082
100000002645993100,3,False,2,5,49650.0,86980.0,4,9,False,1.7518630412890233,0.0002917204367065466,2.034078441585288e-05,0.0004597864159459317,7,49650.0,0.570820878362842,0,0.15409697508896797,0.17043149466192173,0.177491103202847,0.14996441281138792,0.04227758007117438,0.06515124555160143,1.0,0.7594128113879004
100000002646745100,3,False,1,0,12300.0,0.0,1,0,False,0.0,0.0002859429749795417,0.0,5.3968168371156546e-33,1,0.0,0.0,22,0.0737855871886121,0.06217526690391458,0.06307829181494662,0.05526690391459074,0.0101067615658363,0.01766903914590747,1.0,0.2820818505338078
100000002646887100,3,False,1,0,24354.0,0.0,1,0,False,0.0,0.00029359048076995996,0.0,1.592928255867039e-08,7,0.0,0.0,4,0.0737855871886121,0.06217526690391458,0.09439501779359431,0.05526690391459074,0.04875444839857651,0.06515124555160143,1.0,0.3995284697508896
100000002648315100,1,False,1,2,132000.0,76000.0,1,3,False,0.5757575757575758,0.0002915570853376381,9.591050504997862e-87,5.131342794508579e-06,1,0.0,0.0,1,0.0737855871886121,0.1554581850533808,0.1379893238434164,0.12341637010676157,0.04142348754448398,0.01766903914590747,1.0,0.5497419928825623
100000002653187100,4,False,1,0,15000.0,0.0,1,0,True,0.0,0.00046993568558796996,0.0,7.443608265455445e-85,8,0.0,0.0,7,0.0737855871886121,0.06217526690391458,0.02571174377224199,0.05526690391459074,0.12106761565836299,0.10059608540925268,0.75,0.3289524021352313
100000002653948100,3,False,1,0,85200.0,0.0,1,0,False,0.0,0.00028677567360096414,0.0,0.00512569528270428,7,0.0,0.0,10,0.0737855871886121,0.06217526690391458,0.19332740213523134,0.05526690391459074,0.015516014234875447,0.06515124555160143,1.0,0.46522241992882574
100000002659103100,4,False,1,0,165000.0,0.0,1,0,True,0.0,0.00034757646158538346,0.0,5.501416665961825e-08,7,0.0,0.0,50,0.0737855871886121,0.06217526690391458,0.102135231316726,0.05526690391459074,0.1001423487544484,0.06515124555160143,0.75,0.34399243772241994
100000002659265100,4,False,1,0,141000.0,0.0,1,0,True,0.0,0.00031794481771916985,0.0,1.1603689496566202e-08,8,0.0,0.0,4,0.0737855871886121,0.06217526690391458,0.09279359430604983,0.05526690391459074,0.08633451957295375,0.10059608540925268,0.75,0.35321396797153026
100000002660298100,4,False,1,0,30900.0,0.0,1,0,True,0.0,0.0002955162042792137,0.0,4.7364746047036976e-08,7,0.0,0.0,18,0.0737855871886121,0.06217526690391458,0.10080071174377225,0.05526690391459074,0.05416370106761566,0.06515124555160143,0.75,0.30850756227758
100000002662768100,1,False,1,0,84300.0,0.0,1,0,False,0.0,0.0003047873404955835,0.0,1.9361046762499224e-05,1,0.0,0.0,2,0.0737855871886121,0.06217526690391458,0.1474199288256228,0.05526690391459074,0.07138790035587189,0.01766903914590747,1.0,0.4277046263345196
100000002663511100,3,False,1,0,268940.0,0.0,1,0,False,0.0,0.00030770604984997705,0.0,0.00198464638201649,7,0.0,0.0,0,0.0737855871886121,0.06217526690391458,0.1905693950177936,0.05526690391459074,0.07508896797153025,0.06515124555160143,1.0,0.5220373665480427
100000002666248100,1,False,1,0,70032.0,0.0,1,0,False,0.0,0.0002979467577215118,0.0,0.0005469192515450521,10,0.0,0.0,2,0.0737855871886121,0.06217526690391458,0.18069395017793596,0.05526690391459074,0.059715302491103205,0.11530249110320284,1.0,0.5469395017793595
100000002670463100,4,False,1,0,31500.0,0.0,1,0,True,0.0,0.00030078334039798806,0.0,2.156233119348162e-08,1,0.0,0.0,47,0.0737855871886121,0.06217526690391458,0.0956405693950178,0.05526690391459074,0.06569395017793594,0.01766903914590747,0.75,0.27767348754448395
100000002670860100,1,False,2,0,450000.0,0.0,2,0,False,0.0,0.00030725363229480376,0.0,6.714274211979085e-06,3,0.0,0.0,24,0.15409697508896797,0.06217526690391458,0.14083629893238434,0.05526690391459074,0.07416370106761566,0.03472419928825622,1.0,0.5212633451957296
100000002670960100,3,False,1,0,480310.0,0.0,1,0,False,0.0,0.00030675154968758133,0.0,5.517016470444718e-07,2,0.0,0.0,24,0.0737855871886121,0.06217526690391458,0.11610320284697512,0.05526690391459074,0.07387900355871886,0.03368327402135231,1.0,0.41489323843416365
100000002671326100,4,False,1,0,1050000.0,0.0,2,0,True,0.0,0.0006254962773487405,0.0,5.313979892898473e-48,7,0.0,0.0,4,0.0737855871886121,0.06217526690391458,0.05249110320284697,0.05526690391459074,0.14291814946619216,0.06515124555160143,0.75,0.3388411921708185
100000002671806100,1,False,1,0,12440.0,0.0,1,0,False,0.0,0.0002860882990566442,0.0,1.3046188641705497e-07,1,0.0,0.0,7,0.0737855871886121,0.06217526690391458,0.10756227758007118,0.05526690391459074,0.011103202846975089,0.01766903914590747,1.0,0.32756227758007117
100000002677201100,3,False,1,1,150000.0,87750.0,1,1,False,0.585,0.00030738792959446304,1.272349123796377e-84,2.2914926243409366e-06,8,0.0,0.0,4,0.0737855871886121,0.13716192170818506,0.13033807829181496,0.12448398576512457,0.07423487544483985,0.10059608540925268,1.0,0.6406005338078292
100000002679516100,1,False,3,0,102335.0,0.0,3,0,False,0.0,0.0003249979724455448,0.0,7.684008740974454e-05,10,0.0,0.0,7,0.1683896797153025,0.06217526690391458,0.15818505338078293,0.05526690391459074,0.09046263345195729,0.11530249110320284,1.0,0.6497820284697509
100000002680477100,2,False,1,0,25000.0,0.0,1,0,False,0.0,0.0002929678330753591,0.0,5.9792357457526956e-09,1,0.0,0.0,24,0.0737855871886121,0.06217526690391458,0.08994661921708186,0.05526690391459074,0.04683274021352313,0.01766903914590747,1.0,0.3456761565836298
100000002681449100,1,False,2,2,94638.0,133000.0,2,2,False,1.4053551427544961,0.0002935344969613828,4.354022437529342e-06,0.0013203097915077784,7,11900.0,0.08947368421052632,51,0.15409697508896797,0.1554581850533808,0.18870106761565839,0.14733096085409253,0.04846975088967971,0.06515124555160143,1.0,0.7592081850533808
100000002681544100,3,False,2,0,166072.0,0.0,2,0,False,0.0,0.00033381440500816344,0.0,0.000194533108194408,7,0.0,0.0,1,0.15409697508896797,0.06217526690391458,0.16512455516014235,0.05526690391459074,0.09459074733096086,0.06515124555160143,1.0,0.596405693950178
100000002686226100,4,False,1,0,430000.0,0.0,2,0,True,0.0,0.0006504186535278164,0.0,5.454709794232908e-61,7,0.0,0.0,28,0.0737855871886121,0.06217526690391458,0.046263345195729534,0.05526690391459074,0.14419928825622777,0.06515124555160143,0.75,0.3351312277580071
100000002689717100,4,False,1,0,47500.0,0.0,1,0,True,0.0,0.00030168287274808095,0.0,5.872496656905022e-08,7,0.0,0.0,18,0.0737855871886121,0.06217526690391458,0.10266903914590748,0.05526690391459074,0.06768683274021353,0.06515124555160143,0.75,0.3200511565836298
100000002691583100,3,False,1,0,285200.0,0.0,1,0,False,0.0,0.0003549207385806874,0.0,1.1133716593327364e-35,7,0.0,0.0,14,0.0737855871886121,0.06217526690391458,0.05756227758007118,0.05526690391459074,0.10220640569395018,0.06515124555160143,1.0,0.41614768683274017
100000002691858100,2,False,1,0,51500.0,0.0,1,0,False,0.0,0.00034045309189149366,0.0,4.401396645766919e-67,8,0.0,0.0,42,0.0737855871886121,0.06217526690391458,0.0402135231316726,0.05526690391459074,0.09758007117437723,0.10059608540925268,1.0,0.4296174377224199
100000002692044100,1,False,1,0,97000.0,0.0,1,0,False,0.0,0.00030002991694141646,0.0,3.643001339095175e-07,1,0.0,0.0,7,0.0737855871886121,0.06217526690391458,0.11423487544483986,0.05526690391459074,0.06455516014234874,0.01766903914590747,1.0,0.3876868327402134
100000002692750100,2,False,3,1,112830.0,77000.0,3,8,False,0.682442612780289,0.002115774374378247,1.4958522404206486e-86,1.1557722676832192e-06,7,12000.0,0.15584415584415584,41,0.1683896797153025,0.13716192170818506,0.12366548042704628,0.12362989323843417,0.15800711743772244,0.06515124555160143,1.0,0.776005338078292
100000002695812100,4,False,1,0,95000.0,0.0,1,0,True,0.0,0.00031932846023429736,0.0,8.304964417185744e-08,7,0.0,0.0,18,0.0737855871886121,0.06217526690391458,0.10480427046263346,0.05526690391459074,0.08782918149466193,0.06515124555160143,0.75,0.33675934163701066
100000002696152100,3,False,1,2,21800.0,69000.0,3,8,False,3.165137614678899,0.0011972941205944747,1.1269046436698588e-69,2.25876434498576e-104,8,12800.0,0.1855072463768116,53,0.0737855871886121,0.1554581850533808,0.011476868327402136,0.12967971530249112,0.15423487544483988,0.10059608540925268,1.0,0.6252313167259786
100000002697752100,3,False,2,0,190785.0,0.0,2,0,False,0.0,0.00032769376179751536,0.0,0.0007534377260885821,7,0.0,0.0,8,0.15409697508896797,0.06217526690391458,0.18443060498220643,0.05526690391459074,0.0916725978647687,0.06515124555160143,1.0,0.6127935943060498
100000002700161100,4,False,1,0,39000.0,0.0,1,0,True,0.0,0.0008962265667206511,0.0,6.550021466777794e-96,10,0.0,0.0,48,0.0737855871886121,0.06217526690391458,0.016637010676156583,0.05526690391459074,0.1512455516014235,0.11530249110320284,0.75,0.35580960854092525
100000002702968100,4,False,1,0,31600.0,0.0,1,0,True,0.0,0.0002957762445158527,0.0,4.789823547430964e-08,7,0.0,0.0,18,0.0737855871886121,0.06217526690391458,0.10115658362989324,0.05526690391459074,0.05480427046263345,0.06515124555160143,0.75,0.3092548932384342
100000002703376100,2,False,1,0,46501.0,0.0,1,0,False,0.0,0.00029122199653336227,0.0,4.884911512012384e-06,7,0.0,0.0,0,0.0737855871886121,0.06217526690391458,0.13727758007117438,0.05526690391459074,0.040284697508896794,0.06515124555160143,1.0,0.43394128113879005
100000002704875100,1,False,3,0,244891.0,0.0,4,0,False,0.0,0.00031331225020764773,0.0,0.0059819088232310365,7,0.0,0.0,8,0.1683896797153025,0.06217526690391458,0.19439501779359433,0.05526690391459074,0.08220640569395019,0.06515124555160143,1.0,0.6275845195729538
100000002705460100,3,False,1,0,95000.0,0.0,1,0,False,0.0,0.0005542386260639224,0.0,9.308674960615548e-07,7,0.0,0.0,16,0.0737855871886121,0.06217526690391458,0.1209964412811388,0.05526690391459074,0.13736654804270462,0.06515124555160143,1.0,0.5147419928825623
100000002706810100,4,False,1,0,45000.0,0.0,1,0,True,0.0,0.00030796022117061245,0.0,2.5771915126392652e-08,1,0.0,0.0,47,0.0737855871886121,0.06217526690391458,0.09679715302491104,0.05526690391459074,0.07523131672597864,0.01766903914590747,0.75,0.2856939501779359
100000002707106100,4,False,1,0,15000.0,0.0,2,0,True,0.0,0.0002850683828265867,0.0,2.584958065546007e-09,7,0.0,0.0,40,0.0737855871886121,0.06217526690391458,0.08887900355871886,0.05526690391459074,0.005907473309608541,0.06515124555160143,0.75,0.2633741103202847
100000002708624100,3,False,1,0,25000.0,0.0,1,0,False,0.0,0.0003268705895965557,0.0,3.3317010878905986e-08,7,0.0,0.0,13,0.0737855871886121,0.06217526690391458,0.09919928825622776,0.05526690391459074,0.09131672597864769,0.06515124555160143,1.0,0.4468950177935943
100000002710570100,2,False,1,0,225015.0,0.0,1,0,False,0.0,0.0005357457698734213,0.0,1.4383783681535165e-67,7,0.0,0.0,36,0.0737855871886121,0.06217526690391458,0.03870106761565836,0.05526690391459074,0.1324555160142349,0.06515124555160143,1.0,0.42753558718861207
100000002712416100,3,False,2,0,116800.0,0.0,2,0,False,0.0,0.00030101033473391256,0.0,2.369387450333141e-06,9,0.0,0.0,24,0.15409697508896797,0.06217526690391458,0.13078291814946622,0.05526690391459074,0.06619217081850534,0.10908362989323844,1.0,0.5775978647686832
100000002713074100,3,False,2,1,700000.0,430000.0,2,2,False,0.6142857142857143,0.00043103690382945137,3.7336321716391915e-61,0.0004052571909099921,7,0.0,0.0,28,0.15409697508896797,0.13716192170818506,0.17508896797153028,0.1330960854092527,0.11736654804270463,0.06515124555160143,1.0,0.781961743772242
100000002713974100,4,False,1,0,50000.0,0.0,1,0,True,0.0,0.00032811593574469833,0.0,8.813701738299746e-66,7,0.0,0.0,8,0.0737855871886121,0.06217526690391458,0.042437722419928825,0.05526690391459074,0.09202846975088969,0.06515124555160143,0.75,0.293133896797153
100000002718366100,2,False,6,0,2525000.0,0.0,10,0,False,0.0,0.0006774848914768285,0.0,1.2476308126157534e-05,9,0.0,0.0,4,0.17771797153024912,0.06217526690391458,0.14501779359430608,0.05526690391459074,0.14512455516014236,0.10908362989323844,1.0,0.6943861209964413
100000002720627100,1,False,1,0,199300.0,0.0,1,0,False,0.0,0.00031409631497653095,0.0,0.0004883140082208497,8,0.0,0.0,11,0.0737855871886121,0.06217526690391458,0.17882562277580072,0.05526690391459074,0.08270462633451958,0.10059608540925268,1.0,0.5533540925266904
100000002721825100,2,False,1,0,11000.0,0.0,1,0,False,0.0,0.0005282701780881545,0.0,2.524836970003374e-114,7,0.0,0.0,0,0.0737855871886121,0.06217526690391458,0.008362989323843417,0.05526690391459074,0.1288256227758007,0.06515124555160143,1.0,0.39356761565836296
100000002722108100,3,False,1,0,800000.0,0.0,2,0,False,0.0,0.0003218699590362466,0.0,7.120138796548782e-07,2,0.0,0.0,24,0.0737855871886121,0.06217526690391458,0.11930604982206408,0.05526690391459074,0.08911032028469752,0.03368327402135231,1.0,0.4333274021352313
100000002723439100,4,False,1,0,18000.0,0.0,2,0,True,0.0,0.0005495242424533402,0.0,5.652986463614688e-70,8,0.0,0.0,53,0.0737855871886121,0.06217526690391458,0.03558718861209964,0.05526690391459074,0.13637010676156586,0.10059608540925268,0.75,0.3478358540925267
100000002723538100,2,False,3,12,105647.0,560499.0,3,14,False,5.305394379395534,0.0003185319399455808,0.0006782319493914491,0.0005329431311469372,7,105647.0,0.18848740140481962,8,0.1683896797153025,0.17583629893238434,0.1802491103202847,0.15701067615658365,0.08690391459074734,0.06515124555160143,1.0,0.8335409252669039
100000002723674100,4,False,1,0,30000.0,0.0,1,0,True,0.0,0.0003253094736157083,0.0,5.109637899879813e-65,7,0.0,0.0,32,0.0737855871886121,0.06217526690391458,0.04341637010676157,0.05526690391459074,0.0906049822064057,0.06515124555160143,0.75,0.2928002669039146
100000002726055100,4,False,1,0,10000.0,0.0,1,0,True,0.0,0.00033809615190841556,0.0,2.463012995495342e-80,7,0.0,0.0,32,0.0737855871886121,0.06217526690391458,0.0298932384341637,0.05526690391459074,0.09672597864768685,0.06515124555160143,0.75,0.28724866548042705
100000002727288100,3,False,1,0,16000.0,0.0,1,0,False,0.0,0.00036410325743339216,0.0,2.4421031182126146e-89,7,0.0,0.0,3,0.0737855871886121,0.06217526690391458,0.021886120996441282,0.05526690391459074,0.10519572953736656,0.06515124555160143,1.0,0.3834608540925267
100000002728246100,4,False,1,0,10000.0,0.0,1,0,True,0.0,0.0005354204159566886,0.0,1.0365216744397587e-115,7,0.0,0.0,10,0.0737855871886121,0.06217526690391458,0.0074288256227758006,0.05526690391459074,0.1321708185053381,0.06515124555160143,0.75,0.2969839857651246
100000002729875100,4,False,1,0,76000.0,0.0,1,0,True,0.0,0.0003122702252398108,0.0,7.428185995017699e-08,7,0.0,0.0,18,0.0737855871886121,0.06217526690391458,0.10391459074733096,0.05526690391459074,0.08056939501779359,0.06515124555160143,0.75,0.33064724199288253
100000002731501100,1,False,3,7,570370.0,833960.0,7,20,False,1.4621386117783193,0.00048258525626971286,6.869576711254891e-41,6.665396577538799e-41,1,200000.0,0.23981965561897453,34,0.1683896797153025,0.17327402135231318,0.055604982206405695,0.13708185053380784,0.12234875444839859,0.01766903914590747,1.0,0.6743683274021351
100000002733083100,4,False,1,0,15200.0,0.0,1,0,True,0.0,0.0002896838732574538,0.0,3.321985766874298e-08,7,0.0,0.0,18,0.0737855871886121,0.06217526690391458,0.09911032028469752,0.05526690391459074,0.03373665480427046,0.06515124555160143,0.75,0.2919194839857651
100000002733905100,2,False,3,2,100000.0,717839.0,5,3,False,7.17839,0.0030642023822652744,1.0843468989717137e-33,5.172351615245841e-34,1,60000.0,0.08358420202858859,22,0.1683896797153025,0.1554581850533808,0.060765124555160144,0.13786476868327405,0.1594306049822064,0.01766903914590747,1.0,0.6995774021352313
100000002734815100,4,False,1,0,110000.0,0.0,1,0,True,0.0,0.0003104899701576346,0.0,1.0249032852693849e-08,8,0.0,0.0,4,0.0737855871886121,0.06217526690391458,0.09217081850533809,0.05526690391459074,0.07814946619217082,0.10059608540925268,0.75,0.34660809608540927
100000002736033100,3,False,1,1,34530.0,11000.0,1,1,False,0.3185635679119606,0.0002935786994094739,2.7641100866272126e-115,2.097566895301984e-06,7,0.0,0.0,28,0.0737855871886121,0.13716192170818506,0.12980427046263346,0.11416370106761567,0.04868327402135231,0.06515124555160143,1.0,0.56875
100000002736316100,3,False,3,0,266921.0,0.0,3,0,False,0.0,0.00038156277623969156,0.0,0.000381650598273793,7,0.0,0.0,0,0.1683896797153025,0.06217526690391458,0.17446619217081852,0.05526690391459074,0.10896797153024912,0.06515124555160143,1.0,0.634417259786477
100000002737980100,3,False,1,0,32900.0,0.0,1,0,False,0.0,0.0002938265647112542,0.0,1.3221006824679093e-05,7,0.0,0.0,16,0.0737855871886121,0.06217526690391458,0.14537366548042704,0.05526690391459074,0.04925266903914591,0.06515124555160143,1.0,0.4510053380782919
100000002738256100,2,False,1,1,150200.0,175000.0,1,1,False,1.1651131824234353,0.0005062533989618606,1.7444566354069653e-42,1.497722253767626e-48,1,150200.0,0.8582857142857143,58,0.0737855871886121,0.13716192170818506,0.05222419928825622,0.13644128113879003,0.12505338078291817,0.01766903914590747,1.0,0.542335409252669
100000002741024100,2,False,5,6,817980.85,434989.0,9,7,False,0.5317838431058625,0.00292051085068619,4.2681828197121885e-05,2.4988796432203965e-05,7,28203.0,0.06483612229274763,0,0.17655693950177936,0.17211298932384342,0.14902135231316727,0.1513167259786477,0.15928825622775802,0.06515124555160143,1.0,0.8734475088967972
100000002742067100,2,False,1,0,12730.0,0.0,1,0,False,0.0,0.0002880559580513819,0.0,1.2137047042564316e-06,7,0.0,0.0,3,0.0737855871886121,0.06217526690391458,0.12411032028469754,0.05526690391459074,0.02462633451957295,0.06515124555160143,1.0,0.40511565836298935
100000002744581100,2,False,1,0,12000.0,0.0,1,0,False,0.0,0.00032316731513719766,0.0,1.3243950724211048e-86,1,0.0,0.0,1,0.0737855871886121,0.06217526690391458,0.023487544483985767,0.05526690391459074,0.08967971530249111,0.01766903914590747,1.0,0.32206405693950174
100000002748040100,4,False,1,0,18000.0,0.0,1,0,True,0.0,0.0002907240342040097,0.0,3.615032665606195e-08,7,0.0,0.0,18,0.0737855871886121,0.06217526690391458,0.09973309608540926,0.05526690391459074,0.038434163701067614,0.06515124555160143,0.75,0.2959096975088968
100000002748180100,1,False,1,8,9900.0,679743.0,1,9,False,68.66090909090909,0.0002856695229281281,9.73007938526007e-07,1.1638340552470788e-07,1,9900.0,0.014564327988666305,24,0.0737855871886121,0.17407473309608543,0.1064946619217082,0.14448398576512456,0.008540925266903915,0.01766903914590747,1.0,0.5250489323843416
100000002748511100,4,False,1,0,20000.0,0.0,1,0,True,0.0,0.0005633632562092583,0.0,1.4339578313240382e-11,7,0.0,0.0,16,0.0737855871886121,0.06217526690391458,0.08434163701067615,0.05526690391459074,0.13843416370106762,0.06515124555160143,0.75,0.359366103202847
100000002748532100,2,False,3,2,355575.0,646685.0,3,7,False,1.8187021022287844,0.0003372625956751055,9.748052981285066e-08,1.3520856966362417e-06,9,0.0,0.0,46,0.1683896797153025,0.1554581850533808,0.12553380782918153,0.141779359430605,0.09644128113879004,0.10908362989323844,1.0,0.7966859430604984
100000002748581100,3,False,1,0,41180.0,0.0,1,0,False,0.0,0.00029563704565033807,0.0,9.31924347758167e-07,7,0.0,0.0,40,0.0737855871886121,0.06217526690391458,0.12108540925266904,0.05526690391459074,0.05444839857651245,0.06515124555160143,1.0,0.4319128113879003
100000002748761100,3,False,1,0,796800.0,0.0,3,0,False,0.0,0.0003217186283411491,0.0,7.105884250126134e-07,2,0.0,0.0,24,0.0737855871886121,0.06217526690391458,0.11921708185053381,0.05526690391459074,0.08896797153024912,0.03368327402135231,1.0,0.43309608540925265
100000002750332100,1,False,1,0,11360.0,0.0,1,0,False,0.0,0.0002852493153168935,0.0,1.1663258438197934e-06,1,0.0,0.0,4,0.0737855871886121,0.06217526690391458,0.12375444839857652,0.05526690391459074,0.0066192170818505335,0.01766903914590747,1.0,0.33927046263345195
100000002750956100,1,False,1,0,47416.0,0.0,1,0,False,0.0,0.0002928655814170278,0.0,0.00043817263982085636,7,0.0,0.0,0,0.0737855871886121,0.06217526690391458,0.17651245551601424,0.05526690391459074,0.04640569395017794,0.06515124555160143,1.0,0.47929715302491105
100000002752565100,4,False,1,0,57000.0,0.0,1,0,True,0.0,0.00033633590113205537,0.0,2.944979028844974e-66,7,0.0,0.0,8,0.0737855871886121,0.06217526690391458,0.04172597864768683,0.05526690391459074,0.09580071174377226,0.06515124555160143,0.75,0.29542927046263345
100000002753146100,3,False,1,0,803540.0,0.0,3,0,False,0.0,0.0003220373686176983,0.0,7.135874714991325e-07,2,0.0,0.0,24,0.0737855871886121,0.06217526690391458,0.11948398576512456,0.05526690391459074,0.08918149466192171,0.03368327402135231,1.0,0.433576512455516
100000002755292100,3,False,1,0,203400.0,0.0,1,0,False,0.0,0.0002905747053108417,0.0,0.007919695084317276,7,0.0,0.0,10,0.0737855871886121,0.06217526690391458,0.1965302491103203,0.05526690391459074,0.03779359430604982,0.06515124555160143,1.0,0.4907028469750889
100000002757240100,2,False,1,0,51183.0,0.0,1,0,False,0.0,0.00031507596807410455,0.0,9.052009847650558e-05,9,0.0,0.0,2,0.0737855871886121,0.06217526690391458,0.15943060498220643,0.05526690391459074,0.08341637010676158,0.10908362989323844,1.0,0.5431583629893239
100000002757791100,3,False,1,0,73050.0,0.0,1,0,False,0.0,0.00030933641471980907,0.0,1.6554311137008595e-08,1,0.0,0.0,41,0.0737855871886121,0.06217526690391458,0.09466192170818505,0.05526690391459074,0.07679715302491104,0.01766903914590747,1.0,0.3803558718861209
100000002757797100,1,False,1,0,100000.0,0.0,1,0,False,0.0,0.0003005245344160418,0.0,3.698907439226925e-07,1,0.0,0.0,7,0.0737855871886121,0.06217526690391458,0.11432384341637013,0.05526690391459074,0.06533807829181494,0.01766903914590747,1.0,0.38855871886120996
100000002760175100,1,False,1,0,187410.0,0.0,1,0,False,0.0,0.0003123030291596349,0.0,0.0004735239110478537,8,0.0,0.0,11,0.0737855871886121,0.06217526690391458,0.17829181494661925,0.05526690391459074,0.080711743772242,0.10059608540925268,1.0,0.5508274021352314
100000002762076100,1,False,2,1,140350.0,30000.0,2,1,False,0.21375133594584966,0.00029752509899632517,1.8043745829576355e-100,4.487996154036012e-06,2,0.0,0.0,1,0.15409697508896797,0.13716192170818506,0.13629893238434165,0.11843416370106763,0.058220640569395014,0.03368327402135231,1.0,0.6378959074733096
100000002769809100,3,False,1,0,113422.0,0.0,1,0,False,0.0,0.00037559307011789925,0.0,1.8138510372346614e-64,7,0.0,0.0,43,0.0737855871886121,0.06217526690391458,0.044039145907473314,0.05526690391459074,0.10804270462633453,0.06515124555160143,1.0,0.40846085409252675
100000002773323100,3,False,2,1,285000.0,1171644.0,2,2,False,4.111031578947369,0.0003237029238685735,2.3618750419180605e-46,2.0821893214346812e-07,8,0.0,0.0,4,0.15409697508896797,0.13716192170818506,0.11023131672597866,0.13572953736654805,0.08982206405693952,0.10059608540925268,1.0,0.7276379003558718
100000002774456100,1,False,1,0,50363.0,0.0,1,0,False,0.0,0.00029163318548022755,0.0,0.0002454716431452345,8,0.0,0.0,11,0.0737855871886121,0.06217526690391458,0.16895017793594308,0.05526690391459074,0.041921708185053384,0.10059608540925268,1.0,0.5026957295373665
100000002778085100,1,False,1,0,66208.0,0.0,1,0,False,0.0,0.0002911090162395839,0.0,8.120400130748316e-05,7,0.0,0.0,16,0.0737855871886121,0.06217526690391458,0.15836298932384343,0.05526690391459074,0.040142348754448394,0.06515124555160143,1.0,0.45488434163701064
100000002779485100,2,False,1,0,91000.0,0.0,2,0,False,0.0,0.0005436310884634905,0.0,1.3914417517453337e-83,7,0.0,0.0,8,0.0737855871886121,0.06217526690391458,0.027046263345195727,0.05526690391459074,0.13451957295373668,0.06515124555160143,1.0,0.4179448398576513
100000002781227100,1,False,2,3,191167.62,212420.0,8,10,False,1.1111714421092862,0.002373238744413663,1.1865199694994324e-07,1.1946654502593615e-72,1,42167.62,0.19851059222295453,59,0.15409697508896797,0.16390569395017793,0.034608540925266905,0.1420640569395018,0.15857651245551604,0.01766903914590747,1.0,0.670920818505338
100000002784085100,1,False,1,0,200000.0,0.0,1,0,False,0.0,0.0003053758425687124,0.0,4.8937945291661315e-06,1,0.0,0.0,4,0.0737855871886121,0.06217526690391458,0.1374555160142349,0.05526690391459074,0.07202846975088968,0.01766903914590747,1.0,0.41838078291814945
100000002791494100,4,False,1,0,85860.0,0.0,1,0,True,0.0,0.000315933077715897,0.0,7.895350517685534e-08,7,0.0,0.0,18,0.0737855871886121,0.06217526690391458,0.10427046263345197,0.05526690391459074,0.08434163701067617,0.06515124555160143,0.75,0.3337433274021352
100000002793851100,1,False,1,0,11052.0,0.0,1,0,False,0.0,0.00028521775847908536,0.0,3.317742171974044e-05,7,0.0,0.0,16,0.0737855871886121,0.06217526690391458,0.15151245551601425,0.05526690391459074,0.006405693950177937,0.06515124555160143,1.0,0.414297153024911
100000002793881100,3,False,3,0,785600.0,0.0,3,0,False,0.0,0.00037301302456344183,0.0,5.918139565339072e-06,9,0.0,0.0,4,0.1683896797153025,0.06217526690391458,0.13923487544483987,0.05526690391459074,0.10733096085409254,0.10908362989323844,1.0,0.6414813167259787
100000002794197100,1,False,1,0,30100.0,0.0,1,0,False,0.0,0.00028575202755187046,0.0,2.450345421120053e-06,1,0.0,0.0,1,0.0737855871886121,0.06217526690391458,0.1313167259786477,0.05526690391459074,0.009252669039145909,0.01766903914590747,1.0,0.34946619217081853
100000002794374100,4,False,1,0,111000.0,0.0,1,0,True,0.0,0.0003617200854437768,0.0,7.474502023165772e-61,9,0.0,0.0,60,0.0737855871886121,0.06217526690391458,0.04653024911032028,0.05526690391459074,0.10455516014234877,0.10908362989323844,0.75,0.3385475978647687
100000002796853100,2,False,1,1,199000.0,46167.62,8,5,False,0.23199809045226133,0.0021738467839634143,2.679419414493407e-73,2.0571259328916805e-09,1,41167.62,0.8916989872988904,59,0.0737855871886121,0.13716192170818506,0.08852313167259787,0.12889679715302493,0.15814946619217082,0.01766903914590747,1.0,0.6041859430604982
100000002799941100,3,False,1,0,600000.0,0.0,1,0,False,0.0,0.000385918199899473,0.0,7.193337667719135e-05,7,0.0,0.0,43,0.0737855871886121,0.06217526690391458,0.1570284697508897,0.05526690391459074,0.10989323843416371,0.06515124555160143,1.0,0.5233007117437722
100000002807334100,3,False,1,0,54715.0,0.0,1,0,False,0.0,0.0002857958641113227,0.0,0.0041075814949598465,7,0.0,0.0,10,0.0737855871886121,0.06217526690391458,0.1927046263345196,0.05526690391459074,0.009323843416370107,0.06515124555160143,1.0,0.4584074733096085
100000002809568100,1,False,1,0,10000.0,0.0,1,0,False,0.0,0.00028589916651611697,0.0,0.00020122539980115464,7,0.0,0.0,0,0.0737855871886121,0.06217526690391458,0.16565836298932388,0.05526690391459074,0.009750889679715302,0.06515124555160143,1.0,0.43178825622775807
100000002809896100,3,False,1,0,38000.0,0.0,1,0,False,0.0,0.00029809701946063725,0.0,3.478150185458215e-08,7,0.0,0.0,18,0.0737855871886121,0.06217526690391458,0.09946619217081851,0.05526690391459074,0.0602846975088968,0.06515124555160143,1.0,0.4161298932384342
100000002810870100,1,False,1,0,33677.0,0.0,1,0,False,0.0,0.00029105247286461577,0.0,2.8749807797484103e-32,1,0.0,0.0,22,0.0737855871886121,0.06217526690391458,0.07927046263345196,0.05526690391459074,0.039644128113879004,0.01766903914590747,1.0,0.32781138790035586
100000002812641100,2,False,1,1,10000.0,7023.95,1,1,False,0.702395,0.0021773413340777704,9.319831825981981e-07,1.0365216744397587e-115,8,7023.95,1.0,4,0.0737855871886121,0.13716192170818506,0.0074288256227758006,0.14427046263345197,0.15822064056939503,0.10059608540925268,1.0,0.6214635231316726
100000002815005100,3,False,1,0,476500.0,0.0,1,0,False,0.0,0.00031744058716194786,0.0,1.2241363182823789e-06,8,0.0,0.0,4,0.0737855871886121,0.06217526690391458,0.12428825622775802,0.05526690391459074,0.08562277580071175,0.10059608540925268,1.0,0.5017348754448399
100000002818726100,3,False,1,0,10879.0,0.0,1,0,False,0.0,0.0002880344434081098,0.0,9.873434053021863e-06,7,0.0,0.0,12,0.0737855871886121,0.06217526690391458,0.1434163701067616,0.05526690391459074,0.024555160142348754,0.06515124555160143,1.0,0.42435053380782917
100000002820010100,2,False,1,0,30000.0,0.0,1,0,False,0.0,0.00028968494305859184,0.0,6.565016435013201e-07,1,0.0,0.0,41,0.0737855871886121,0.06217526690391458,0.11788256227758008,0.05526690391459074,0.03387900355871886,0.01766903914590747,1.0,0.36065836298932386
100000002821425100,3,False,1,0,275000.0,0.0,1,0,False,0.0,0.00029704226687180836,0.0,4.174551402932829e-07,2,0.0,0.0,24,0.0737855871886121,0.06217526690391458,0.11485765124555161,0.05526690391459074,0.05693950177935943,0.03368327402135231,1.0,0.39670818505338074
100000002822472100,3,False,2,0,266722.0,0.0,2,0,False,0.0,0.00031057540674562037,0.0,1.4817841937350062e-06,8,0.0,0.0,24,0.15409697508896797,0.06217526690391458,0.12642348754448401,0.05526690391459074,0.07836298932384342,0.10059608540925268,1.0,0.5769217081850535
100000002824176100,1,False,1,0,144000.0,0.0,1,0,False,0.0,0.000336706068652064,0.0,1.3750249967433385e-07,2,0.0,0.0,41,0.0737855871886121,0.06217526690391458,0.10765124555160144,0.05526690391459074,0.09594306049822064,0.03368327402135231,1.0,0.42850533807829183
100000002826669100,2,False,1,0,159900.0,0.0,4,0,False,0.0,0.00047325405891343174,0.0,3.829563571449496e-06,7,0.0,0.0,0,0.0737855871886121,0.06217526690391458,0.13478647686832743,0.05526690391459074,0.121423487544484,0.06515124555160143,1.0,0.5125889679715303
100000002830055100,1,False,1,0,14000.0,0.0,1,0,False,0.0,0.00028695359688221423,0.0,1.8536693328085904e-32,1,0.0,0.0,22,0.0737855871886121,0.06217526690391458,0.07299822064056939,0.05526690391459074,0.016619217081850535,0.01766903914590747,1.0,0.2985142348754448
100000002831727100,2,False,1,1,6000.0,77000.0,1,3,False,12.833333333333334,0.0002891802027996476,1.4958522404206486e-86,9.22004639457285e-68,7,6000.0,0.07792207792207792,43,0.0737855871886121,0.13716192170818506,0.03790035587188612,0.12362989323843417,0.031032028469750887,0.06515124555160143,1.0,0.46866103202846976
100000002832753100,4,False,1,0,12500.0,0.0,1,0,True,0.0,0.0007495345164599445,0.0,1.8283688926443262e-112,7,0.0,0.0,3,0.0737855871886121,0.06217526690391458,0.008585409252669039,0.05526690391459074,0.14740213523131673,0.06515124555160143,0.75,0.30927491103202853
100000002835874100,4,False,1,0,58700.0,0.0,1,0,True,0.0,0.00029170632077691895,0.0,1.6388858408085956e-07,8,0.0,0.0,4,0.0737855871886121,0.06217526690391458,0.10862989323843418,0.05526690391459074,0.04220640569395018,0.10059608540925268,0.75,0.33199510676156585
100000002836052100,2,False,1,0,15000.0,0.0,1,0,False,0.0,0.0003039824523805531,0.0,9.015120145761008e-67,11,0.0,0.0,2,0.0737855871886121,0.06217526690391458,0.04119217081850534,0.05526690391459074,0.0703202846975089,0.11901245551601423,1.0,0.4217526690391459
100000002836736100,1,False,2,0,509000.0,0.0,2,0,False,0.0,0.0004491012315659671,0.0,6.545856681234928e-06,3,0.0,0.0,41,0.15409697508896797,0.06217526690391458,0.14030249110320286,0.05526690391459074,0.11928825622775803,0.03472419928825622,1.0,0.5658540925266905
100000002838519100,3,False,1,0,46900.0,0.0,1,0,False,0.0,0.00029724827997336064,0.0,9.945437868993677e-07,7,0.0,0.0,40,0.0737855871886121,0.06217526690391458,0.12161921708185056,0.05526690391459074,0.057437722419928824,0.06515124555160143,1.0,0.43543594306049827
100000002838861100,1,False,5,1,554523.95,10000.0,5,1,False,0.018033486200190272,0.002227416528047988,1.0819421503297013e-116,1.065348546201752e-05,8,0.0,0.0,4,0.17655693950177936,0.13716192170818506,0.14386120996441285,0.11327402135231317,0.1583629893238434,0.10059608540925268,1.0,0.8298131672597865
100000002842321100,3,False,1,0,160000.0,0.0,1,0,False,0.0,0.00028917979857472764,0.0,0.007024137075450421,7,0.0,0.0,10,0.0737855871886121,0.06217526690391458,0.19572953736654808,0.05526690391459074,0.030960854092526687,0.06515124555160143,1.0,0.48306939501779367
100000002842337100,2,False,1,0,50000.0,0.0,1,0,False,0.0,0.00036450108989174984,0.0,2.0365375233296014e-67,1,0.0,0.0,1,0.0737855871886121,0.06217526690391458,0.039501779359430604,0.05526690391459074,0.10540925266903915,0.01766903914590747,1.0,0.3538078291814946
100000002844652100,1,False,1,0,61360.0,0.0,1,0,False,0.0,0.0002875328529334514,0.0,3.498539149411069e-06,1,0.0,0.0,1,0.0737855871886121,0.06217526690391458,0.13407473309608542,0.05526690391459074,0.020996441281138787,0.01766903914590747,1.0,0.3639679715302491
100000002844897100,1,False,1,0,10800.0,0.0,1,0,False,0.0,0.00028518956735643433,0.0,1.1372150826732836e-06,1,0.0,0.0,4,0.0737855871886121,0.06217526690391458,0.12330960854092528,0.05526690391459074,0.006263345195729538,0.01766903914590747,1.0,0.3384697508896796
100000002845605100,1,False,1,0,57567.0,0.0,1,0,False,0.0,0.0002947555770782194,0.0,0.00048280259724005413,7,0.0,0.0,0,0.0737855871886121,0.06217526690391458,0.17873665480427048,0.05526690391459074,0.05209964412811388,0.06515124555160143,1.0,0.48721530249110323
100000002847207100,1,False,1,0,46243.0,0.0,1,0,False,0.0,0.0002932218828022956,0.0,0.00044442445313197634,10,0.0,0.0,2,0.0737855871886121,0.06217526690391458,0.176779359430605,0.05526690391459074,0.047615658362989324,0.11530249110320284,1.0,0.5309252669039146
100000002849158100,3,False,3,1,723000.0,1313000.0,3,3,False,1.8160442600276625,0.00033446701481633807,1.1355459885204203e-44,8.57658283534283e-06,9,723000.0,0.5506473724295506,4,0.1683896797153025,0.13716192170818506,0.14243772241992883,0.13608540925266904,0.09480427046263346,0.10908362989323844,1.0,0.7879626334519574
100000002852402100,2,False,1,0,55000.0,0.0,1,0,False,0.0,0.0003252126559064664,0.0,6.9071232614331355e-65,7,0.0,0.0,3,0.0737855871886121,0.06217526690391458,0.043505338078291815,0.05526690391459074,0.09053380782918151,0.06515124555160143,1.0,0.39041814946619213
100000002858835100,1,False,1,0,24400.0,0.0,1,0,False,0.0,0.00028911999980018834,0.0,2.4471644799592485e-32,1,0.0,0.0,22,0.0737855871886121,0.06217526690391458,0.07740213523131673,0.05526690391459074,0.03067615658362989,0.01766903914590747,1.0,0.31697508896797144
100000002860934100,4,False,1,0,279500.0,0.0,4,0,True,0.0,0.0005772636237518826,0.0,9.600174144495636e-15,7,0.0,0.0,15,0.0737855871886121,0.06217526690391458,0.08300711743772243,0.05526690391459074,0.13971530249110323,0.06515124555160143,0.75,0.35932606761565833
100000002861485100,1,False,1,0,29323.0,0.0,1,0,False,0.0,0.0002871692990284738,0.0,5.404137559359436e-05,7,0.0,0.0,16,0.0737855871886121,0.06217526690391458,0.15498220640569396,0.05526690391459074,0.018434163701067617,0.06515124555160143,1.0,0.4297953736654804
100000002862113100,3,False,1,0,47405.0,0.0,2,0,False,0.0,0.000297390530556075,0.0,9.99883870604217e-07,7,0.0,0.0,40,0.0737855871886121,0.06217526690391458,0.1217081850533808,0.05526690391459074,0.05779359430604982,0.06515124555160143,1.0,0.43588078291814947
100000002863356100,2,False,1,1,45000.0,20000.0,1,1,False,0.4444444444444444,0.00029920557718275556,1.858762460731998e-106,5.086252068820759e-34,1,0.0,0.0,22,0.0737855871886121,0.13716192170818506,0.060676156583629896,0.11608540925266905,0.06291814946619217,0.01766903914590747,1.0,0.46829626334519575
100000002864256100,1,False,1,0,135780.0,0.0,1,0,False,0.0,0.00031100535943611205,0.0,0.0007615402256447734,10,0.0,0.0,2,0.0737855871886121,0.06217526690391458,0.18451957295373667,0.05526690391459074,0.078932384341637,0.11530249110320284,1.0,0.569982206405694
100000002864680100,1,False,1,0,55932.0,0.0,1,0,False,0.0,0.00029325893345877893,0.0,2.766327781297137e-07,1,0.0,0.0,7,0.0737855871886121,0.06217526690391458,0.11254448398576514,0.05526690391459074,0.04782918149466192,0.01766903914590747,1.0,0.3692704626334519
100000002870463100,2,False,3,1,207000.0,10000.0,4,1,False,0.04830917874396135,0.002028356054118261,1.0819421503297013e-116,1.2617707725231517e-06,7,10000.0,1.0,41,0.1683896797153025,0.13716192170818506,0.12464412811387902,0.11327402135231317,0.15772241992882563,0.06515124555160143,1.0,0.7663434163701068
100000002870937100,1,False,1,0,83700.0,0.0,1,0,False,0.0,0.0002888055221280937,0.0,4.086079307193421e-06,1,0.0,0.0,1,0.0737855871886121,0.06217526690391458,0.13540925266903917,0.05526690391459074,0.02875444839857651,0.01766903914590747,1.0,0.3730604982206405
100000002871199100,3,False,1,0,23186.0,0.0,1,0,False,0.0,0.00029056841795655,0.0,6.992788661251997e-07,7,0.0,0.0,40,0.0737855871886121,0.06217526690391458,0.11877224199288257,0.05526690391459074,0.03772241992882562,0.06515124555160143,1.0,0.41287366548042703
100000002872399100,3,False,1,0,1090000.0,0.0,9,0,False,0.0,0.0007009038308054402,0.0,1.6201059214684596e-07,1,0.0,0.0,1,0.0737855871886121,0.06217526690391458,0.10845195729537367,0.05526690391459074,0.14576512455516016,0.01766903914590747,1.0,0.46311387900355866
100000002876914100,4,False,1,0,12000.0,0.0,1,0,True,0.0,0.00029041673483753066,0.0,1.33085597445853e-08,1,0.0,0.0,47,0.0737855871886121,0.06217526690391458,0.09332740213523133,0.05526690391459074,0.03679715302491103,0.01766903914590747,0.75,0.2542660142348754
100000002877262100,3,False,1,0,100000.0,0.0,1,0,False,0.0,0.0002982910699805558,0.0,8.262337019834537e-08,8,0.0,0.0,4,0.0737855871886121,0.06217526690391458,0.10462633451957298,0.05526690391459074,0.060640569395017795,0.10059608540925268,1.0,0.45709074733096083
100000002878467100,3,False,2,0,200000.0,0.0,2,0,False,0.0,0.000312794113044998,0.0,1.9688596109156347e-06,8,0.0,0.0,4,0.15409697508896797,0.06217526690391458,0.12909252669039148,0.05526690391459074,0.08142348754448399,0.10059608540925268,1.0,0.5826512455516014
100000002878483100,4,False,1,0,6000.0,0.0,1,0,True,0.0,0.0002872270100496976,0.0,9.410572843222573e-09,1,0.0,0.0,47,0.0737855871886121,0.06217526690391458,0.09168149466192171,0.05526690391459074,0.018754448398576512,0.01766903914590747,0.75,0.23949955516014232
100000002881669100,1,False,1,0,18600.0,0.0,1,0,False,0.0,0.0002871039136045415,0.0,1.5952543437891345e-07,1,0.0,0.0,7,0.0737855871886121,0.06217526690391458,0.1083185053380783,0.05526690391459074,0.017900355871886122,0.01766903914590747,1.0,0.3351156583629893
100000002883402100,3,False,3,0,300000.0,0.0,3,0,False,0.0,0.00029902128388674843,0.0,3.7091183194668734e-06,10,0.0,0.0,4,0.1683896797153025,0.06217526690391458,0.13451957295373668,0.05526690391459074,0.062348754448398575,0.11530249110320284,1.0,0.598002669039146
100000002884708100,4,False,1,0,1171644.0,0.0,2,0,True,0.0,0.0005591847705578689,0.0,2.0904194045066174e-46,8,0.0,0.0,4,0.0737855871886121,0.06217526690391458,0.05258007117437722,0.05526690391459074,0.13814946619217083,0.10059608540925268,0.75,0.3619150355871886
100000002886166100,3,False,1,0,185000.0,0.0,3,0,False,0.0,0.00032277979515066,0.0,3.7202160549680744e-41,1,0.0,0.0,34,0.0737855871886121,0.06217526690391458,0.05551601423487545,0.05526690391459074,0.0895373665480427,0.01766903914590747,1.0,0.353950177935943
100000002890167100,1,False,1,0,118150.0,0.0,1,0,False,0.0,0.0002966569840145462,0.0,0.00010847734769448407,7,0.0,0.0,16,0.0737855871886121,0.06217526690391458,0.1604982206405694,0.05526690391459074,0.056085409252669034,0.06515124555160143,1.0,0.4729626334519573
100000002891765100,3,False,1,0,55576.0,0.0,1,0,False,0.0,0.0002996921731528263,0.0,1.0826326744331317e-06,7,0.0,0.0,40,0.0737855871886121,0.06217526690391458,0.12250889679715304,0.05526690391459074,0.06391459074733095,0.06515124555160143,1.0,0.4428024911032029
100000002893020100,3,False,1,0,18340.0,0.0,1,0,False,0.0,0.00029082295697779853,0.0,2.4163297341059886e-08,7,0.0,0.0,18,0.0737855871886121,0.06217526690391458,0.0965302491103203,0.05526690391459074,0.03879003558718861,0.06515124555160143,1.0,0.3916992882562278
100000002894076100,1,False,4,0,1122782.0,0.0,6,0,False,0.0,0.0003806969021182966,0.0,0.00032605242501220025,10,0.0,0.0,1,0.17435498220640572,0.06217526690391458,0.17215302491103204,0.05526690391459074,0.10875444839857652,0.11530249110320284,1.0,0.6880071174377225
100000002896506100,4,False,1,0,45000.0,0.0,1,0,True,0.0,0.0003119068859557259,0.0,1.9494260430218468e-61,7,0.0,0.0,10,0.0737855871886121,0.06217526690391458,0.0458185053380783,0.05526690391459074,0.080355871886121,0.06515124555160143,0.75,0.28691503558718856
100000002901457100,3,False,1,3,340000.0,119000.0,1,3,False,0.35,0.00037200657032991115,6.518956593761752e-05,0.0008613063888382363,7,0.0,0.0,0,0.0737855871886121,0.16390569395017793,0.1862099644128114,0.1520996441281139,0.10690391459074734,0.06515124555160143,1.0,0.7480560498220641
100000002904919100,3,False,1,1,60325.0,5500.0,1,1,False,0.09117281392457521,0.0002893463438763432,1.6089238264989157e-125,0.0009399485923032025,7,0.0,0.0,0,0.0737855871886121,0.13716192170818506,0.18665480427046266,0.11185053380782918,0.03181494661921708,0.06515124555160143,1.0,0.6064190391459074
100000002906470100,3,False,1,0,130000.0,0.0,1,0,False,0.0,0.0003061114834333464,0.0,3.3483164635971676e-05,7,0.0,0.0,43,0.0737855871886121,0.06217526690391458,0.151779359430605,0.05526690391459074,0.07330960854092526,0.06515124555160143,1.0,0.4814679715302491
100000002908521100,3,False,1,0,44500.0,0.0,1,0,False,0.0,0.00029093185375264776,0.0,1.0265145949624316e-32,1,0.0,0.0,22,0.0737855871886121,0.06217526690391458,0.07095195729537367,0.05526690391459074,0.039252669039145906,0.01766903914590747,1.0,0.31910142348754444
100000002911170100,2,False,1,0,300000.0,0.0,2,0,False,0.0,0.0003211743345148762,0.0,3.7218663533053875e-07,7,0.0,0.0,33,0.0737855871886121,0.06217526690391458,0.11450177935943062,0.05526690391459074,0.08854092526690392,0.06515124555160143,1.0,0.45942170818505346
100000002913340100,3,False,1,0,23600.0,0.0,1,0,False,0.0,0.0002876937305738305,0.0,7.475515125256523e-33,1,0.0,0.0,22,0.0737855871886121,0.06217526690391458,0.0673932384341637,0.05526690391459074,0.022384341637010675,0.01766903914590747,1.0,0.29867437722419926
100000002914245100,3,False,1,0,140611.0,0.0,1,0,False,0.0,0.0002939819122753594,0.0,0.00014139013817164215,1,0.0,0.0,35,0.0737855871886121,0.06217526690391458,0.1622775800711744,0.05526690391459074,0.049964412811387894,0.01766903914590747,1.0,0.42113879003558724
100000002916006100,0,True,0,1,0.0,32000.0,0,1,False,,0.00028403728526186454,4.737181154527878e-75,0.0,0,0.0,0.0,49,0.001641459074733096,0.13716192170818506,0.001823843416370107,0.1279003558718861,0.0014590747330960854,0.001307829181494662,1.0,0.2712944839857651
100000002921047100,1,False,2,1,338000.0,163000.02,2,1,False,0.48224857988165676,0.0003153023353909615,1.7724924823592558e-75,6.181408559219144e-06,9,163000.0,0.9999998773006287,1,0.15409697508896797,0.13716192170818506,0.13950177935943062,0.12775800711743773,0.08362989323843417,0.10908362989323844,1.0,0.751232206405694
100000002922000100,4,False,1,0,448000.0,0.0,1,0,True,0.0,0.00045655577612814627,0.0,9.065078591636481e-08,7,0.0,0.0,50,0.0737855871886121,0.06217526690391458,0.10524911032028471,0.05526690391459074,0.11957295373665482,0.06515124555160143,0.75,0.3609008007117438
100000002926970100,3,False,1,0,85000.0,0.0,1,0,False,0.0,0.00031548669070648774,0.0,5.201947865365475e-08,7,0.0,0.0,18,0.0737855871886121,0.06217526690391458,0.101423487544484,0.05526690391459074,0.08370106761565838,0.06515124555160143,1.0,0.44150355871886116
100000002933386100,3,False,1,1,15000.0,58000.0,1,1,False,3.8666666666666667,0.0006486349802459163,9.789394300499953e-91,8.21552963007756e-110,7,0.0,0.0,2,0.0737855871886121,0.13716192170818506,0.00965302491103203,0.12177935943060499,0.14405693950177936,0.06515124555160143,1.0,0.551588078291815
100000002934441100,1,False,2,0,60845.6,0.0,2,0,False,0.0,0.0003008219104980998,0.0,0.000436997068078325,7,0.0,0.0,0,0.15409697508896797,0.06217526690391458,0.176423487544484,0.05526690391459074,0.06597864768683274,0.06515124555160143,1.0,0.5790925266903915
100000002936322100,3,False,2,0,787133.0,0.0,2,0,False,0.0,0.00036425026678190184,0.0,0.0007143385011408706,7,0.0,0.0,35,0.15409697508896797,0.06217526690391458,0.18345195729537367,0.05526690391459074,0.10533807829181495,0.06515124555160143,1.0,0.6254804270462634
100000002938501100,1,False,1,1,8395.0,5000.0,1,1,False,0.5955926146515783,0.0002849339621220318,6.395526474269358e-10,2.8915622431345123e-05,7,0.0,0.0,16,0.0737855871886121,0.13716192170818506,0.150711743772242,0.1398576512455516,0.005266903914590747,0.06515124555160143,1.0,0.571935053380783
100000002939838100,1,False,3,0,571233.0,0.0,3,0,False,0.0,0.00039768903225692294,0.0,0.0006436559268903297,10,0.0,0.0,16,0.1683896797153025,0.06217526690391458,0.18229537366548043,0.05526690391459074,0.11288256227758009,0.11530249110320284,1.0,0.6963122775800712
100000002941114100,1,False,2,1,128510.0,15000.0,15,1,False,0.11672243405182477,0.0019071695577066918,1.0502842388567766e-110,0.0001736773044634497,8,15000.0,1.0,11,0.15409697508896797,0.13716192170818506,0.16405693950177938,0.11512455516014235,0.15693950177935945,0.10059608540925268,1.0,0.8279759786476868
100000002943472100,3,False,1,0,170000.0,0.0,1,0,False,0.0,0.0003082687192836397,0.0,1.0772769474460035e-07,8,0.0,0.0,4,0.0737855871886121,0.06217526690391458,0.1063167259786477,0.05526690391459074,0.07565836298932384,0.10059608540925268,1.0,0.4737989323843417
100000002945031100,3,False,1,0,15000.0,0.0,1,0,False,0.0,0.00028954857970011065,0.0,1.1593628258464879e-05,7,0.0,0.0,12,0.0737855871886121,0.06217526690391458,0.14457295373665482,0.05526690391459074,0.03288256227758007,0.06515124555160143,1.0,0.4338345195729537
100000002945626100,3,False,3,0,584000.0,0.0,3,0,False,0.0,0.0003358768674675668,0.0,5.446123556546996e-06,9,0.0,0.0,4,0.1683896797153025,0.06217526690391458,0.13879003558718864,0.05526690391459074,0.09551601423487545,0.10908362989323844,1.0,0.6292215302491104
100000002947299100,2,False,1,0,85000.0,0.0,1,0,False,0.0,0.0003355834634663544,0.0,0.00011665184490547076,9,0.0,0.0,2,0.0737855871886121,0.06217526690391458,0.16112099644128117,0.05526690391459074,0.09530249110320287,0.10908362989323844,1.0,0.55673487544484
100000002948492100,3,False,1,0,23660.0,0.0,1,0,False,0.0,0.000290701936325276,0.0,7.063905121532899e-07,7,0.0,0.0,40,0.0737855871886121,0.06217526690391458,0.11912811387900357,0.05526690391459074,0.03836298932384342,0.06515124555160143,1.0,0.4138701067615659
100000002951898100,3,False,1,0,39990.0,0.0,1,0,False,0.0,0.00029530184130691203,0.0,9.183604862509811e-07,7,0.0,0.0,40,0.0737855871886121,0.06217526690391458,0.12081850533807831,0.05526690391459074,0.053309608540925264,0.06515124555160143,1.0,0.4305071174377224
100000002952631100,1,False,1,0,48050.0,0.0,1,0,False,0.0,0.000289169545313209,0.0,6.91781416119655e-05,7,0.0,0.0,16,0.0737855871886121,0.06217526690391458,0.15640569395017795,0.05526690391459074,0.03088967971530249,0.06515124555160143,1.0,0.4436743772241992
100000002952756100,3,False,1,0,47000.0,0.0,1,0,False,0.0,0.0003656342023638336,0.0,8.51145381507636e-09,1,0.0,0.0,24,0.0737855871886121,0.06217526690391458,0.09083629893238435,0.05526690391459074,0.10590747330960856,0.01766903914590747,1.0,0.4056405693950178
100000002954780100,3,False,1,0,133400.0,0.0,1,0,False,0.0,0.00029086370328769076,0.0,3.2149817691601637e-06,9,0.0,0.0,4,0.0737855871886121,0.06217526690391458,0.13345195729537368,0.05526690391459074,0.03893238434163701,0.10908362989323844,1.0,0.47269572953736655
100000002956769100,3,False,3,0,840000.0,0.0,3,0,False,0.0,0.0003825941162543856,0.0,4.7594316225339055e-06,9,0.0,0.0,24,0.1683896797153025,0.06217526690391458,0.13701067615658366,0.05526690391459074,0.10918149466192172,0.10908362989323844,1.0,0.6411076512455516
100000002956779100,3,False,1,0,411000.0,0.0,1,0,False,0.0,0.00040075161003428185,0.0,6.459051466709546e-06,1,0.0,0.0,2,0.0737855871886121,0.06217526690391458,0.14012455516014236,0.05526690391459074,0.11323843416370108,0.01766903914590747,1.0,0.4622597864768683
100000002956898100,2,False,2,0,290240.0,0.0,2,0,False,0.0,0.0003746235013668664,0.0,2.2631295263010816e-05,7,0.0,0.0,3,0.15409697508896797,0.06217526690391458,0.1483096085409253,0.05526690391459074,0.10782918149466193,0.06515124555160143,1.0,0.592829181494662
100000002957306100,1,False,2,0,398490.0,0.0,2,0,False,0.0,0.00035317113893724495,0.0,0.0013991047570985492,11,0.0,0.0,11,0.15409697508896797,0.06217526690391458,0.18879003558718865,0.05526690391459074,0.10142348754448399,0.11901245551601423,1.0,0.6807651245551601
100000002957787100,2,False,4,34,84956.0,1276153.96,7,41,False,15.02135175855737,0.0006101259939259703,0.0089638600495465,1.0349220455517657e-05,7,84956.0,0.0665719048507282,0,0.17435498220640572,0.17891903914590748,0.14377224199288258,0.15893238434163703,0.14199288256227757,0.06515124555160143,1.0,0.8631227758007118
100000002958139100,3,False,1,0,209500.0,0.0,2,0,False,0.0,0.00029872352187900505,0.0,8.116902778269422e-07,8,0.0,0.0,4,0.0737855871886121,0.06217526690391458,0.12001779359430607,0.05526690391459074,0.06170818505338078,0.10059608540925268,1.0,0.473549822064057
100000002958286100,1,False,1,0,257000.0,0.0,1,0,False,0.0,0.000311457331401164,0.0,5.547499796160412e-06,1,0.0,0.0,4,0.0737855871886121,0.06217526690391458,0.13887900355871888,0.05526690391459074,0.07957295373665481,0.01766903914590747,1.0,0.42734875444839854
100000002958343100,2,False,1,2,2900000.0,1390000.0,4,17,False,0.4793103448275862,0.0006254123025222515,3.992738536385971e-06,6.96488431930351e-33,1,150000.0,0.1079136690647482,1,0.0737855871886121,0.1554581850533808,0.06672597864768684,0.14711743772241995,0.142846975088968,0.01766903914590747,1.0,0.603603202846975
100000002958345100,3,False,1,0,307000.0,0.0,1,0,False,0.0,0.00029855557382278366,0.0,4.4107521439107435e-07,2,0.0,0.0,24,0.0737855871886121,0.06217526690391458,0.11521352313167262,0.05526690391459074,0.06120996441281139,0.03368327402135231,1.0,0.4013345195729537
100000002963189100,3,False,1,7,490000.0,5219000.0,3,15,False,10.651020408163266,0.000422062603143167,5.430609607004245e-07,3.214663559941125e-06,7,0.0,0.0,40,0.0737855871886121,0.17327402135231318,0.13336298932384344,0.14405693950177936,0.11572953736654805,0.06515124555160143,1.0,0.7053603202846975
100000002964966100,2,False,1,0,200000.0,0.0,1,0,False,0.0,0.00039314625231512374,0.0,8.53633087733645e-59,8,0.0,0.0,2,0.0737855871886121,0.06217526690391458,0.04813167259786477,0.05526690391459074,0.11202846975088969,0.10059608540925268,1.0,0.45198398576512455
100000002968096100,4,False,1,0,70000.0,0.0,1,0,True,0.0,0.00031772521888174485,0.0,1.9517322498435345e-58,7,0.0,0.0,8,0.0737855871886121,0.06217526690391458,0.048576512455516016,0.05526690391459074,0.08612099644128116,0.06515124555160143,0.75,0.293307384341637
100000002969048100,2,False,1,0,108470.0,0.0,1,0,False,0.0,0.00030445733330223163,0.0,1.2483317324476864e-06,1,0.0,0.0,41,0.0737855871886121,0.06217526690391458,0.12455516014234876,0.05526690391459074,0.07088967971530248,0.01766903914590747,1.0,0.40434163701067605
100000002970466100,3,False,1,2,23317.0,93000.0,1,3,False,3.9885062400823434,0.0002853413311101979,9.175384891603558e-84,0.00033850877078173787,7,23317.0,0.25072043010752687,0,0.0737855871886121,0.1554581850533808,0.17268683274021354,0.12491103202846976,0.0071886120996441285,0.06515124555160143,1.0,0.5991814946619218
100000002971593100,4,False,1,0,49050.0,0.0,1,0,True,0.0,0.0005272447518694448,0.0,1.4190094263009731e-92,7,0.0,0.0,10,0.0737855871886121,0.06217526690391458,0.018683274021352315,0.05526690391459074,0.12775800711743773,0.06515124555160143,0.75,0.30211521352313164
100000002973903100,1,False,3,0,92880.0,0.0,3,0,False,0.0,0.0003151225913743323,0.0,6.6021047977262395e-06,8,0.0,0.0,7,0.1683896797153025,0.06217526690391458,0.1403914590747331,0.05526690391459074,0.08348754448398576,0.10059608540925268,1.0,0.6103069395017794
100000002974256100,2,False,1,0,7200.0,0.0,1,0,False,0.0,0.0005287623057596794,0.0,1.7227292134386065e-120,1,0.0,0.0,7,0.0737855871886121,0.06217526690391458,0.005871886120996442,0.05526690391459074,0.12925266903914592,0.01766903914590747,1.0,0.3440213523131672
100000002975287100,3,False,1,0,15000.0,0.0,1,0,False,0.0,0.00028763518422193453,0.0,4.407821821769007e-05,7,0.0,0.0,28,0.0737855871886121,0.06217526690391458,0.15333629893238435,0.05526690391459074,0.021886120996441282,0.06515124555160143,1.0,0.4316014234875445
100000002975437100,3,False,1,1,530000.0,8500.0,2,1,False,0.016037735849056604,0.0005173396585164893,6.951938494803015e-69,7.4125608665098445e-06,7,0.0,0.0,36,0.0737855871886121,0.13716192170818506,0.1416370106761566,0.1299644128113879,0.12590747330960855,0.06515124555160143,1.0,0.6736076512455518
100000002981489100,4,False,1,0,10000.0,0.0,1,0,True,0.0,0.0002867808071170127,0.0,7.366047614018448e-51,7,0.0,0.0,10,0.0737855871886121,0.06217526690391458,0.0508896797153025,0.05526690391459074,0.015587188612099645,0.06515124555160143,0.75,0.24214190391459073
100000002981527100,1,False,1,0,168000.0,0.0,1,0,False,0.0,0.0003019616733996167,0.0,4.485236773092915e-06,1,0.0,0.0,4,0.0737855871886121,0.06217526690391458,0.13620996441281139,0.05526690391459074,0.06804270462633452,0.01766903914590747,1.0,0.41314946619217086
100000002982252100,1,False,1,0,20320.0,0.0,1,0,False,0.0,0.00028827010327082926,0.0,2.2332127514673196e-32,1,0.0,0.0,22,0.0737855871886121,0.06217526690391458,0.07624555160142349,0.05526690391459074,0.026405693950177934,0.01766903914590747,1.0,0.31154804270462627
100000002983426100,3,False,1,0,88945.0,0.0,1,0,False,0.0,0.0003169463131121235,0.0,5.3212945875942506e-08,7,0.0,0.0,18,0.0737855871886121,0.06217526690391458,0.101779359430605,0.05526690391459074,0.08519572953736657,0.06515124555160143,1.0,0.44335409252669045
100000002983879100,2,False,2,0,200050.0,0.0,2,0,False,0.0,0.00035599294305132157,0.0,0.005283358906283576,9,0.0,0.0,2,0.15409697508896797,0.06217526690391458,0.19350533807829184,0.05526690391459074,0.10256227758007118,0.10908362989323844,1.0,0.6766903914590747
100000002984403100,3,False,1,1,20000.0,25000.0,1,1,False,1.25,0.0003183039287296175,3.665762593409714e-103,2.979964045293352e-08,7,0.0,0.0,13,0.0737855871886121,0.13716192170818506,0.09839857651245552,0.11736654804270463,0.08647686832740215,0.06515124555160143,1.0,0.578340747330961
100000002986245100,4,False,1,0,5750.0,0.0,1,0,True,0.0,0.00028709410485020453,0.0,9.212433329620263e-09,1,0.0,0.0,47,0.0737855871886121,0.06217526690391458,0.09154804270462634,0.05526690391459074,0.017793594306049824,0.01766903914590747,0.75,0.23867882562277581
100000002988894100,1,False,1,3,306121.0,77500.0,1,3,False,0.25316786499456095,0.0003448377995813139,1.864068748998031e-86,0.0011434613978945393,10,29000.0,0.3741935483870968,2,0.0737855871886121,0.16390569395017793,0.1876334519572954,0.12377224199288257,0.09928825622775803,0.11530249110320284,1.0,0.763687722419929
100000002989353100,3,False,1,2,500000.0,321160.0,2,2,False,0.64232,0.00030768270637085334,1.8311896063322927e-65,5.628963963406095e-07,2,300000.0,0.9341138373396438,24,0.0737855871886121,0.1554581850533808,0.1166370106761566,0.1321708185053381,0.07494661921708186,0.03368327402135231,1.0,0.5866814946619218
100000002990675100,3,False,1,0,51143.0,0.0,1,0,False,0.0,0.00028568105750161304,0.0,0.003971239565714339,7,0.0,0.0,10,0.0737855871886121,0.06217526690391458,0.19261565836298933,0.05526690391459074,0.008683274021352314,0.06515124555160143,1.0,0.4576779359430605
100000002991079100,1,False,2,1,148900.0,11000.0,3,1,False,0.07387508394895903,0.0003928315786749736,2.7641100866272126e-115,7.328480661168647e-05,7,11000.0,1.0,16,0.15409697508896797,0.13716192170818506,0.1573843416370107,0.11416370106761567,0.11188612099644128,0.06515124555160143,1.0,0.7398443060498221
100000002992171100,1,False,1,0,14627.0,0.0,1,0,False,0.0,0.0002870842059812113,0.0,1.894723658001031e-32,1,0.0,0.0,22,0.0737855871886121,0.06217526690391458,0.07330960854092526,0.05526690391459074,0.017508896797153024,0.01766903914590747,1.0,0.2997153024911032
100000002994441100,4,False,1,0,5000.0,0.0,1,0,True,0.0,0.0005499156785820523,0.0,8.532445701341959e-126,7,0.0,0.0,8,0.0737855871886121,0.06217526690391458,0.004314946619217082,0.05526690391459074,0.13651245551601424,0.06515124555160143,0.75,0.2979048042704626
100000002999140100,4,False,1,0,10000.0,0.0,2,0,True,0.0,0.0002879244951819044,0.0,3.504331857408536e-07,7,0.0,0.0,7,0.0737855871886121,0.06217526690391458,0.11396797153024912,0.05526690391459074,0.023985765124555157,0.06515124555160143,0.75,0.2957495551601423
100000003001138100,4,False,1,0,30000.0,0.0,1,0,True,0.0,0.00031551059529657133,0.0,3.145204094295598e-15,7,0.0,0.0,15,0.0737855871886121,0.06217526690391458,0.08291814946619218,0.05526690391459074,0.08384341637010677,0.06515124555160143,0.75,0.3173554270462633
100000003001564100,1,False,1,1,23520.0,180000.0,1,1,False,7.653061224489796,0.00028654947582185667,5.1697460956178725e-74,4.839949761788503e-05,7,0.0,0.0,16,0.0737855871886121,0.13716192170818506,0.15364768683274022,0.12861209964412812,0.013309608540925267,0.06515124555160143,1.0,0.5716681494661922
100000003001661100,3,False,1,5,110000.0,439500.0,1,8,False,3.9954545454545456,0.0005424517552812544,4.672280589467288e-13,2.189750359682785e-61,7,0.0,0.0,15,0.0737855871886121,0.17043149466192173,0.04590747330960854,0.13900355871886122,0.13437722419928827,0.06515124555160143,1.0,0.6286565836298933
100000003003821100,2,False,1,0,40000.0,0.0,1,0,False,0.0,0.000435320965082627,0.0,4.608552786942307e-86,10,0.0,0.0,2,0.0737855871886121,0.06217526690391458,0.02419928825622776,0.05526690391459074,0.11800711743772244,0.11530249110320284,1.0,0.44873665480427044
100000003004487100,1,False,4,2,183702.8,265015.0,9,3,False,1.4426290726107605,0.00034876903133168087,8.630129201864854e-68,0.0006948872192741575,7,9268.0,0.0349716053808275,36,0.17435498220640572,0.1554581850533808,0.18318505338078295,0.1308896797153025,0.1002846975088968,0.06515124555160143,1.0,0.8093238434163702
100000003005167100,4,False,1,0,7000.0,0.0,1,0,True,0.0,0.0002877586308476698,0.0,1.0164580403400719e-08,1,0.0,0.0,47,0.0737855871886121,0.06217526690391458,0.09208185053380784,0.05526690391459074,0.022918149466192167,0.01766903914590747,0.75,0.24292259786476866
100000003006633100,3,False,1,0,10000.0,0.0,1,0,False,0.0,0.0002915890755856949,0.0,8.82350669750559e-50,7,0.0,0.0,38,0.0737855871886121,0.06217526690391458,0.051868327402135234,0.05526690391459074,0.04177935943060498,0.06515124555160143,1.0,0.35002669039145906
100000003009900100,3,False,1,0,15998.0,0.0,1,0,False,0.0,0.00028995643335954786,0.0,2.2567808019402036e-08,7,0.0,0.0,18,0.0737855871886121,0.06217526690391458,0.09608540925266905,0.05526690391459074,0.03523131672597865,0.06515124555160143,1.0,0.38769572953736664
100000003010908100,4,False,1,0,17000.0,0.0,1,0,True,0.0,0.00039712256484314873,0.0,1.3038767399445346e-08,7,0.0,0.0,18,0.0737855871886121,0.06217526690391458,0.09314946619217082,0.05526690391459074,0.11281138790035587,0.06515124555160143,0.75,0.3467548932384341
100000003014659100,1,False,1,0,280000.0,0.0,1,0,False,0.0,0.00032626773343098943,0.0,0.0005787947049353607,8,0.0,0.0,11,0.0737855871886121,0.06217526690391458,0.18122775800711746,0.05526690391459074,0.0911032028469751,0.10059608540925268,1.0,0.5641548042704626
100000003016438100,3,False,1,1,200000.0,300000.0,1,3,False,1.5,0.00031517147770532923,1.8043745829576477e-66,2.645987767018564e-06,8,200000.0,0.6666666666666666,4,0.0737855871886121,0.13716192170818506,0.13211743772241993,0.1316725978647687,0.08355871886120998,0.10059608540925268,1.0,0.6588923487544485
100000003016635100,0,True,8,73,586981.0,9414081.0,36,151,False,16.038135817002594,0.0011829714594951374,0.008120128577357045,1.9020285225708384e-07,6,586981.0,0.062351386184163915,16,0.17879893238434164,0.17959964412811388,0.10969750889679718,0.15864768683274022,0.15402135231316727,0.03483096085409253,1.0,0.8155960854092528
100000003016773100,2,False,1,0,46555.0,0.0,1,0,False,0.0,0.00031307005197778247,0.0,7.912488917377878e-07,9,0.0,0.0,4,0.0737855871886121,0.06217526690391458,0.1199288256227758,0.05526690391459074,0.08199288256227759,0.10908362989323844,1.0,0.5022330960854092
100000003022835100,1,False,1,0,125000.0,0.0,1,0,False,0.0,0.00030886427945674556,0.0,0.0007306845974293611,10,0.0,0.0,2,0.0737855871886121,0.06217526690391458,0.18376334519572957,0.05526690391459074,0.07633451957295374,0.11530249110320284,1.0,0.5666281138790036
100000003024542100,2,False,1,0,8500.0,0.0,1,0,False,0.0,0.00031618506722377654,0.0,2.124437865149782e-86,10,0.0,0.0,2,0.0737855871886121,0.06217526690391458,0.023754448398576516,0.05526690391459074,0.08462633451957297,0.11530249110320284,1.0,0.41491103202846974
100000003025903100,4,False,1,0,386300.0,0.0,6,0,True,0.0,0.0005232823241071678,0.0,5.711666755943827e-61,7,0.0,0.0,10,0.0737855871886121,0.06217526690391458,0.046441281138790036,0.05526690391459074,0.12626334519572954,0.06515124555160143,0.75,0.32181272241992886
100000003031003100,3,False,3,0,280090.0,0.0,3,0,False,0.0,0.0003097909899368566,0.0,2.7623309032063306e-06,9,0.0,0.0,24,0.1683896797153025,0.06217526690391458,0.13247330960854095,0.05526690391459074,0.07743772241992883,0.10908362989323844,1.0,0.6048265124555161
100000003031633100,3,False,1,0,414000.0,0.0,2,0,False,0.0,0.000313059251655641,0.0,1.141033778116468e-06,8,0.0,0.0,4,0.0737855871886121,0.06217526690391458,0.12339857651245552,0.05526690391459074,0.08185053380782918,0.10059608540925268,1.0,0.4970729537366548
100000003031761100,3,False,1,0,460408.0,0.0,1,0,False,0.0,0.00031659935959480536,0.0,0.00025584733707896155,1,0.0,0.0,35,0.0737855871886121,0.06217526690391458,0.1693060498220641,0.05526690391459074,0.08476868327402136,0.01766903914590747,1.0,0.46297153024911036
100000003031890100,2,False,1,0,215000.0,0.0,10,0,False,0.0,0.0003897887068960075,0.0,1.7761038590232917e-41,1,0.0,0.0,34,0.0737855871886121,0.06217526690391458,0.054893238434163695,0.05526690391459074,0.11096085409252669,0.01766903914590747,1.0,0.37475088967971526
100000003034546100,2,False,1,0,486715.0,0.0,2,0,False,0.0,0.0003295310111579605,0.0,2.7883608978300893e-07,1,0.0,0.0,4,0.0737855871886121,0.06217526690391458,0.11263345195729538,0.05526690391459074,0.09259786476868329,0.01766903914590747,1.0,0.4141281138790035
100000003035737100,3,False,2,1,809170.0,6544.53,3,1,False,0.008087954323566123,0.0003765512473559563,5.943903871043208e-123,0.012198393889715616,7,6544.53,1.0,10,0.15409697508896797,0.13716192170818506,0.19857651245551602,0.11209964412811388,0.10825622775800713,0.06515124555160143,1.0,0.7753425266903915
100000003036198100,2,False,1,0,15000.0,0.0,1,0,False,0.0,0.00028638607738441823,0.0,1.5311612204818052e-05,7,0.0,0.0,2,0.0737855871886121,0.06217526690391458,0.1463523131672598,0.05526690391459074,0.01209964412811388,0.06515124555160143,1.0,0.41483096085409255
100000003037476100,4,False,3,0,555000.0,0.0,3,0,True,0.0,0.00035732458669375316,0.0,7.202639424490905e-07,8,0.0,0.0,4,0.1683896797153025,0.06217526690391458,0.11957295373665483,0.05526690391459074,0.10313167259786477,0.10059608540925268,0.75,0.45684942170818504
100000003037660100,1,False,1,0,53000.0,0.0,1,0,False,0.0,0.0002945639308004941,0.0,0.0004757873389554363,10,0.0,0.0,2,0.0737855871886121,0.06217526690391458,0.1783807829181495,0.05526690391459074,0.05167259786476868,0.11530249110320284,1.0,0.5365836298932385
100000003039473100,2,False,1,0,23000.0,0.0,1,0,False,0.0,0.0003104262006362816,0.0,5.986044959917678e-57,7,0.0,0.0,16,0.0737855871886121,0.06217526690391458,0.04919928825622776,0.05526690391459074,0.07807829181494662,0.06515124555160143,1.0,0.3836565836298932
100000003040087100,4,False,1,0,29000.0,0.0,1,0,True,0.0,0.0002948103807797651,0.0,4.58854475859053e-08,7,0.0,0.0,18,0.0737855871886121,0.06217526690391458,0.100711743772242,0.05526690391459074,0.05245551601423488,0.06515124555160143,0.75,0.3071596975088968
100000003042994100,1,False,1,0,286086.0,0.0,3,0,False,0.0,0.00031459436640752413,0.0,0.00016879924422596917,7,0.0,0.0,16,0.0737855871886121,0.06217526690391458,0.16379003558718863,0.05526690391459074,0.08313167259786478,0.06515124555160143,1.0,0.5033007117437723
100000003044431100,2,False,2,0,60000.0,0.0,2,0,False,0.0,0.000300812039703574,0.0,0.0030504533107875175,7,0.0,0.0,2,0.15409697508896797,0.06217526690391458,0.19172597864768684,0.05526690391459074,0.06590747330960854,0.06515124555160143,1.0,0.5943238434163701
100000003044518100,1,False,1,0,34423.0,0.0,1,0,False,0.0,0.00028599830100435207,0.0,2.620405009908247e-06,1,0.0,0.0,1,0.0737855871886121,0.06217526690391458,0.1320284697508897,0.05526690391459074,0.010462633451957295,0.01766903914590747,1.0,0.35138790035587186
100000003047800100,4,False,1,0,12212.0,0.0,1,0,True,0.0,0.0003724514546422552,0.0,1.025085694452661e-97,1,0.0,0.0,24,0.0737855871886121,0.06217526690391458,0.015035587188612101,0.05526690391459074,0.10711743772241994,0.01766903914590747,0.75,0.24828736654804265
100000003050771100,3,False,1,0,229000.0,0.0,1,0,False,0.0,0.0003681763803524216,0.0,4.529929911802452e-05,7,0.0,0.0,12,0.0737855871886121,0.06217526690391458,0.15346975088967973,0.05526690391459074,0.10633451957295374,0.06515124555160143,1.0,0.5161832740213523
100000003054328100,2,False,1,2,140000.0,193720.0,1,2,False,1.3837142857142857,0.00033404835301743417,6.282546231262182e-73,1.4149454285533628e-08,1,140000.0,0.7226925459425976,24,0.0737855871886121,0.1554581850533808,0.09368327402135232,0.12911032028469752,0.09473309608540927,0.01766903914590747,1.0,0.5644395017793594
100000003057225100,1,False,1,0,236000.0,0.0,1,0,False,0.0,0.0003092446395202891,0.0,0.00015331272274050886,7,0.0,0.0,16,0.0737855871886121,0.06217526690391458,0.16281138790035588,0.05526690391459074,0.07665480427046263,0.06515124555160143,1.0,0.49584519572953734
100000003060187100,3,False,1,0,93046.0,0.0,1,0,False,0.0,0.0002998366379008161,0.0,2.832720177227415e-05,7,0.0,0.0,43,0.0737855871886121,0.06217526690391458,0.15044483985765125,0.05526690391459074,0.06419928825622775,0.06515124555160143,1.0,0.4710231316725979
100000003060517100,3,False,1,0,315955.0,0.0,1,0,False,0.0,0.00035982222965712555,0.0,0.00020229773363277805,7,0.0,0.0,28,0.0737855871886121,0.06217526690391458,0.16583629893238436,0.05526690391459074,0.10398576512455517,0.06515124555160143,1.0,0.5262010676156584
100000003061115100,4,False,1,0,45000.0,0.0,1,0,True,0.0,0.0005307334996061312,0.0,7.910384603100019e-94,7,0.0,0.0,0,0.0737855871886121,0.06217526690391458,0.01806049822064057,0.05526690391459074,0.1306761565836299,0.06515124555160143,0.75,0.303836743772242
100000003062895100,2,False,2,0,328444.0,0.0,2,0,False,0.0,0.00040530888269119873,0.0,8.991632020134203e-05,9,0.0,0.0,4,0.15409697508896797,0.06217526690391458,0.15907473309608544,0.05526690391459074,0.11387900355871887,0.10908362989323844,1.0,0.653576512455516
100000003066385100,1,False,2,0,20000.0,0.0,2,0,False,0.0,0.0002899629951066171,0.0,0.00023606349137001418,7,0.0,0.0,0,0.15409697508896797,0.06217526690391458,0.16850533807829182,0.05526690391459074,0.03530249110320285,0.06515124555160143,1.0,0.5404982206405694
100000003068941100,2,False,3,1,94000.0,25000.0,3,2,False,0.26595744680851063,0.0003184023867645505,3.665762593409714e-103,0.0005070049532435171,7,25000.0,1.0,0,0.1683896797153025,0.13716192170818506,0.17935943060498222,0.11736654804270463,0.08669039145907474,0.06515124555160143,1.0,0.7541192170818506
100000003069463100,3,False,1,1,11500.0,17920.0,1,1,False,1.5582608695652174,0.0002868954890247203,4.44320367348804e-108,2.2357040925707554e-36,7,0.0,0.0,14,0.0737855871886121,0.13716192170818506,0.05693950177935943,0.11551601423487545,0.01622775800711744,0.06515124555160143,1.0,0.4647820284697509
100000003071649100,3,False,1,0,189500.0,0.0,1,0,False,0.0,0.00029373448328205996,0.0,3.831820944513245e-06,9,0.0,0.0,4,0.0737855871886121,0.06217526690391458,0.13487544483985767,0.05526690391459074,0.04911032028469751,0.10908362989323844,1.0,0.4842971530249111
100000003071930100,1,False,3,1,477610.0,5000.0,4,1,False,0.010468792529469651,0.0003464946811898592,6.2977321814379195e-127,1.1907913567376931e-05,8,5000.0,1.0,4,0.1683896797153025,0.13716192170818506,0.14466192170818507,0.111067615658363,0.09971530249110322,0.10059608540925268,1.0,0.7615925266903916
100000003072205100,4,False,2,0,163000.0,0.0,2,0,True,0.0,0.00031722684332320444,0.0,1.5316383450943167e-07,8,0.0,0.0,4,0.15409697508896797,0.06217526690391458,0.1080960854092527,0.05526690391459074,0.08540925266903916,0.10059608540925268,0.75,0.42423042704626335
100000003072676100,3,False,1,0,31545.0,0.0,1,0,False,0.0,0.00029160366677489174,0.0,6.392101565667568e-05,7,0.0,0.0,28,0.0737855871886121,0.06217526690391458,0.15587188612099645,0.05526690391459074,0.04185053380782918,0.06515124555160143,1.0,0.45410142348754445
100000003073398100,2,False,1,0,92960.0,0.0,1,0,False,0.0,0.00030153749422132364,0.0,1.1556418153308735e-06,1,0.0,0.0,41,0.0737855871886121,0.06217526690391458,0.12357651245551603,0.05526690391459074,0.06711743772241993,0.01766903914590747,1.0,0.3995907473309609
100000003073635100,3,False,1,0,129231.0,0.0,1,0,False,0.0,0.0003101233179765484,0.0,0.0003508869314706743,7,0.0,0.0,8,0.0737855871886121,0.06217526690391458,0.17339857651245552,0.05526690391459074,0.07786476868327402,0.06515124555160143,1.0,0.5076423487544484
100000003074515100,4,False,1,0,105000.0,0.0,1,0,True,0.0,0.0002977553215324048,0.0,2.191917994820703e-07,8,0.0,0.0,4,0.0737855871886121,0.06217526690391458,0.1106761565836299,0.05526690391459074,0.058861209964412804,0.10059608540925268,0.75,0.3460209074733096
100000003078839100,4,False,1,0,14000.0,0.0,2,0,True,0.0,0.0003130645081124661,0.0,1.4844241667335043e-79,7,0.0,0.0,8,0.0737855871886121,0.06217526690391458,0.03060498220640569,0.05526690391459074,0.08192170818505339,0.06515124555160143,0.75,0.2766792704626334
100000003083865100,4,False,1,0,15000.0,0.0,1,0,True,0.0,0.00028960957604698553,0.0,3.3000582284509054e-08,7,0.0,0.0,18,0.0737855871886121,0.06217526690391458,0.09897686832740214,0.05526690391459074,0.03320284697508896,0.06515124555160143,0.75,0.2914190391459075
100000003084870100,4,False,1,0,6500.0,0.0,1,0,True,0.0,0.00034324987466291795,0.0,6.029143779722535e-101,2,0.0,0.0,24,0.0737855871886121,0.06217526690391458,0.013523131672597867,0.05526690391459074,0.09843416370106763,0.03368327402135231,0.75,0.2526512455516014
100000003086040100,2,False,1,0,10500.0,0.0,1,0,False,0.0,0.0005454701561296085,0.0,1.9466605794568896e-08,7,0.0,0.0,0,0.0737855871886121,0.06217526690391458,0.09537366548042704,0.05526690391459074,0.13516014234875445,0.06515124555160143,1.0,0.4869128113879003
100000003087877100,3,False,1,0,91486.0,0.0,1,0,False,0.0,0.0002905075766825684,0.0,0.00011404776799973064,1,0.0,0.0,35,0.0737855871886121,0.06217526690391458,0.16094306049822066,0.05526690391459074,0.037366548042704624,0.01766903914590747,1.0,0.4072064056939501
100000003089018100,2,False,1,0,230000.0,0.0,1,0,False,0.0,0.000305535609653145,0.0,1.9167944198431435e-07,1,0.0,0.0,4,0.0737855871886121,0.06217526690391458,0.10987544483985766,0.05526690391459074,0.07231316725978648,0.01766903914590747,1.0,0.39108540925266905
100000003089553100,3,False,1,0,150000.0,0.0,1,0,False,0.0,0.00030541796233990144,0.0,1.0119254890751213e-07,8,0.0,0.0,4,0.0737855871886121,0.06217526690391458,0.1059608540925267,0.05526690391459074,0.07224199288256228,0.10059608540925268,1.0,0.47002669039145906
100000003091142100,4,False,1,0,40000.0,0.0,1,0,True,0.0,0.0004075024563149795,0.0,3.6273435139559265e-85,7,0.0,0.0,0,0.0737855871886121,0.06217526690391458,0.02562277580071174,0.05526690391459074,0.11423487544483987,0.06515124555160143,0.75,0.2971774911032029
100000003093299100,3,False,1,0,15000.0,0.0,1,0,False,0.0,0.0002848761876817728,0.0,0.00027150586712117614,7,0.0,0.0,0,0.0737855871886121,0.06217526690391458,0.16975088967971533,0.05526690391459074,0.004982206405693951,0.06515124555160143,1.0,0.4311120996441281
100000003095610100,3,False,1,0,23665.0,0.0,1,0,False,0.0,0.0002927931697306529,0.0,2.7447941969814254e-08,7,0.0,0.0,18,0.0737855871886121,0.06217526690391458,0.09750889679715302,0.05526690391459074,0.04619217081850534,0.06515124555160143,1.0,0.40008007117437727
100000003096787100,4,False,1,0,16400.0,0.0,1,0,True,0.0,0.0002901296565202635,0.0,3.450626056269896e-08,7,0.0,0.0,18,0.0737855871886121,0.06217526690391458,0.09937722419928825,0.05526690391459074,0.035800711743772244,0.06515124555160143,0.75,0.29366770462633446
100000003097324100,3,False,2,0,294000.0,0.0,2,0,False,0.0,0.0003242298651408191,0.0,5.990951188337325e-07,9,0.0,0.0,46,0.15409697508896797,0.06217526690391458,0.11725978647686836,0.05526690391459074,0.0901067615658363,0.10908362989323844,1.0,0.5879893238434164
100000003097947100,4,False,1,0,52980.0,0.0,1,0,True,0.0,0.0003183174050907309,0.0,5.957424311738867e-63,7,0.0,0.0,8,0.0737855871886121,0.06217526690391458,0.04466192170818505,0.05526690391459074,0.08654804270462634,0.06515124555160143,0.75,0.2906917259786477
100000003102157100,1,False,1,0,96746.0,0.0,2,0,False,0.0,0.000302050241644255,0.0,0.0006258918665321243,7,0.0,0.0,0,0.0737855871886121,0.06217526690391458,0.1820284697508897,0.05526690391459074,0.06825622775800712,0.06515124555160143,1.0,0.5066637010676157
100000003104347100,2,False,1,1,418000.0,32000.0,1,1,False,0.07655502392344497,0.0003622526383659227,1.6192104695850834e-99,0.00010732569781910624,7,0.0,0.0,29,0.0737855871886121,0.13716192170818506,0.16040925266903916,0.11871886120996442,0.10476868327402135,0.06515124555160143,1.0,0.6599955516014235
100000003105089100,4,False,1,0,10000.0,0.0,1,0,True,0.0,0.0002977946813798125,0.0,2.950050816957124e-65,7,0.0,0.0,32,0.0737855871886121,0.06217526690391458,0.04283807829181495,0.05526690391459074,0.05925266903914591,0.06515124555160143,0.75,0.26885231316725977
100000003105929100,3,False,1,1,429567.0,156354.0,2,1,False,0.3639804733603838,0.00029784387286353113,4.304373147069899e-76,0.011509287592068823,7,0.0,0.0,10,0.0737855871886121,0.13716192170818506,0.1981316725978648,0.12761565836298933,0.05935943060498221,0.06515124555160143,1.0,0.6612055160142348
100000003109805100,3,False,1,0,36929.0,0.0,1,0,False,0.0,0.0002898074636346232,0.0,6.296648430616263e-05,7,0.0,0.0,28,0.0737855871886121,0.06217526690391458,0.15569395017793597,0.05526690391459074,0.034733096085409254,0.06515124555160143,1.0,0.44680604982206407
100000003111305100,3,False,4,0,509338.0,0.0,4,0,False,0.0,0.00040137063349853327,0.0,1.8309906633780495e-06,8,0.0,0.0,41,0.17435498220640572,0.06217526690391458,0.12820284697508896,0.05526690391459074,0.11330960854092528,0.10059608540925268,1.0,0.633905693950178
100000003112436100,2,False,1,0,100000.0,0.0,1,0,False,0.0,0.00030048750655788244,0.0,5.124459805280876e-06,7,0.0,0.0,16,0.0737855871886121,0.06217526690391458,0.13790035587188615,0.05526690391459074,0.06519572953736655,0.06515124555160143,1.0,0.4594750889679715
100000003112578100,3,False,1,0,101080.0,0.0,1,0,False,0.0,0.0002888174435932577,0.0,2.5309063926814346e-07,2,0.0,0.0,24,0.0737855871886121,0.06217526690391458,0.11183274021352314,0.05526690391459074,0.02882562277580071,0.03368327402135231,1.0,0.3655693950177935
100000003115284100,1,False,8,2,2160500.0,517000.0,15,4,False,0.23929645915297384,0.0015155554102666445,9.085588325705734e-06,0.017968279492150064,11,510000.0,0.9864603481624759,11,0.17879893238434164,0.1554581850533808,0.19982206405693953,0.14882562277580072,0.15580071174377227,0.11901245551601423,1.0,0.9577179715302492
100000003116106100,3,False,1,0,494050.0,0.0,2,0,False,0.0,0.0002999164021507396,0.0,0.012342934907902028,7,0.0,0.0,10,0.0737855871886121,0.06217526690391458,0.1986654804270463,0.05526690391459074,0.06434163701067616,0.06515124555160143,1.0,0.5193861209964413
100000003119550100,1,False,1,0,21000.0,0.0,1,0,False,0.0,0.00028841175269238913,0.0,2.2702720086131896e-32,1,0.0,0.0,22,0.0737855871886121,0.06217526690391458,0.07646797153024912,0.05526690391459074,0.02693950177935943,0.01766903914590747,1.0,0.3123042704626334
100000003122817100,3,False,1,0,444680.0,0.0,1,0,False,0.0,0.00039455781128505576,0.0,1.3902381441451553e-35,7,0.0,0.0,14,0.0737855871886121,0.06217526690391458,0.05774021352313167,0.05526690391459074,0.11231316725978648,0.06515124555160143,1.0,0.426432384341637
100000003123296100,1,False,1,0,86200.0,0.0,2,0,False,0.0,0.0002982492940327653,0.0,3.434211962343131e-07,1,0.0,0.0,7,0.0737855871886121,0.06217526690391458,0.11387900355871888,0.05526690391459074,0.06042704626334519,0.01766903914590747,1.0,0.3832028469750889
100000003125997100,4,False,1,0,87750.0,0.0,1,0,True,0.0,0.0005453170254255235,0.0,4.1148791039067004e-84,8,0.0,0.0,4,0.0737855871886121,0.06217526690391458,0.026334519572953737,0.05526690391459074,0.13508896797153028,0.10059608540925268,0.75,0.3399354982206406
100000003128638100,4,False,1,0,300000.0,0.0,1,0,True,0.0,0.0003561809713412375,0.0,1.6925720697608377e-08,8,0.0,0.0,4,0.0737855871886121,0.06217526690391458,0.0947508896797153,0.05526690391459074,0.10263345195729538,0.10059608540925268,0.75,0.3669061387900356
100000003131016100,2,False,1,1,405700.0,126000.0,7,4,False,0.31057431599704216,0.0017197373401510838,0.0005993124098093571,5.590512977582318e-61,7,41000.0,0.3253968253968254,8,0.0737855871886121,0.13716192170818506,0.04635231316725979,0.15679715302491104,0.15651245551601423,0.06515124555160143,1.0,0.6357606761565837
100000003131693100,1,False,1,0,353277.0,0.0,1,0,False,0.0,0.0003542037334873443,0.0,0.0012283796923090323,10,0.0,0.0,2,0.0737855871886121,0.06217526690391458,0.18790035587188614,0.05526690391459074,0.101779359430605,0.11530249110320284,1.0,0.5962099644128114
100000003132484100,3,False,1,0,90000.0,0.0,1,0,False,0.0,0.0005356227298223403,0.0,9.60953679784701e-84,1,0.0,0.0,4,0.0737855871886121,0.06217526690391458,0.026912811387900356,0.05526690391459074,0.13238434163701068,0.01766903914590747,1.0,0.3681939501779359
100000003133045100,4,False,1,0,68000.0,0.0,1,0,True,0.0,0.0003312072648922588,0.0,1.869569721768473e-11,7,0.0,0.0,4,0.0737855871886121,0.06217526690391458,0.08451957295373666,0.05526690391459074,0.09352313167259788,0.06515124555160143,0.75,0.3258162811387901
100000003134474100,3,False,1,0,116000.0,0.0,1,0,False,0.0,0.00028776560741369025,0.0,0.005980837207253677,7,0.0,0.0,10,0.0737855871886121,0.06217526690391458,0.1943060498220641,0.05526690391459074,0.023060498220640567,0.06515124555160143,1.0,0.4737455516014235
100000003134550100,4,False,1,0,100000.0,0.0,1,0,True,0.0,0.0002972270168232656,0.0,9.78637179201575e-08,8,0.0,0.0,4,0.0737855871886121,0.06217526690391458,0.10569395017793595,0.05526690391459074,0.057295373665480424,0.10059608540925268,0.75,0.34110987544483984
100000003134934100,2,False,4,0,379354.0,0.0,4,0,False,0.0,0.0004219186687777075,0.0,0.0005229267174779853,9,0.0,0.0,0,0.17435498220640572,0.06217526690391458,0.17980427046263348,0.05526690391459074,0.11565836298932386,0.10908362989323844,1.0,0.6963434163701068
100000003134937100,1,False,1,0,10286.0,0.0,1,0,False,0.0,0.0002851359413885686,0.0,3.200703575685341e-05,7,0.0,0.0,16,0.0737855871886121,0.06217526690391458,0.15133451957295374,0.05526690391459074,0.0061921708185053385,0.06515124555160143,1.0,0.41390569395017796
100000003146511100,4,False,1,0,10000.0,0.0,1,0,True,0.0,0.0003101083479815608,0.0,2.347949939226256e-83,7,0.0,0.0,12,0.0737855871886121,0.06217526690391458,0.027135231316725978,0.05526690391459074,0.07779359430604982,0.06515124555160143,0.75,0.27098087188612097
100000003147719100,3,False,1,0,100000.0,0.0,1,0,False,0.0,0.00028915454015378825,0.0,2.7835600817406175e-06,9,0.0,0.0,4,0.0737855871886121,0.06217526690391458,0.1325622775800712,0.05526690391459074,0.03074733096085409,0.10908362989323844,1.0,0.4636209964412812
100000003148220100,1,False,1,2,5650.0,43400.0,1,4,False,7.68141592920354,0.0009104478765408924,5.115108423986826e-95,5.119191663206136e-124,1,5650.0,0.13018433179723501,52,0.0737855871886121,0.1554581850533808,0.005427046263345197,0.12021352313167262,0.1514590747330961,0.01766903914590747,1.0,0.5240124555160143
100000003149149100,3,False,1,0,245000.0,0.0,1,0,False,0.0,0.00029191175877218615,0.0,0.008691926176560963,7,0.0,0.0,10,0.0737855871886121,0.06217526690391458,0.19688612099644132,0.05526690391459074,0.04298932384341637,0.06515124555160143,1.0,0.4962544483985766
100000003152964100,3,False,1,1,141847.0,5500.0,1,1,False,0.03877417217142414,0.00031266993131799474,1.6089238264989157e-125,0.0003676155881023273,7,0.0,0.0,8,0.0737855871886121,0.13716192170818506,0.17393238434163705,0.11185053380782918,0.0812811387900356,0.06515124555160143,1.0,0.6431628113879004
100000003154105100,3,False,1,7,60000.0,338000.0,1,9,False,5.633333333333334,0.0005470588103194234,1.0408109432516294e-64,1.912827051728396e-86,7,55000.0,0.16272189349112426,32,0.0737855871886121,0.17327402135231318,0.023665480427046266,0.13238434163701068,0.13551601423487544,0.06515124555160143,1.0,0.6037766903914591
100000003157333100,2,False,1,0,30000.0,0.0,1,0,False,0.0,0.00028968494305859184,0.0,6.565016435013201e-07,1,0.0,0.0,41,0.0737855871886121,0.06217526690391458,0.11788256227758008,0.05526690391459074,0.03387900355871886,0.01766903914590747,1.0,0.36065836298932386
100000003157679100,3,False,4,0,541000.0,0.0,4,0,False,0.0,0.0003707357300711118,0.0,5.886901451288704e-07,9,0.0,0.0,4,0.17435498220640572,0.06217526690391458,0.11708185053380785,0.05526690391459074,0.10661921708185053,0.10908362989323844,1.0,0.6245818505338079
100000003158727100,1,False,3,0,367940.0,0.0,3,0,False,0.0,0.0003124477109594775,0.0,6.713836661588967e-06,9,0.0,0.0,1,0.1683896797153025,0.06217526690391458,0.1407473309608541,0.05526690391459074,0.0809964412811388,0.10908362989323844,1.0,0.6166592526690391
100000003159641100,2,False,4,1,64000.0,197800.0,7,1,False,3.090625,0.0003035378871121902,1.276138488541284e-72,0.0005889529113669682,7,15000.0,0.07583417593528817,45,0.17435498220640572,0.13716192170818506,0.18140569395017794,0.12918149466192172,0.0696797153024911,0.06515124555160143,1.0,0.7569350533807829
100000003163256100,1,False,1,1,13485.0,15000.0,1,1,False,1.1123470522803114,0.000285477629211758,1.0502842388567766e-110,3.664777989530696e-05,7,0.0,0.0,16,0.0737855871886121,0.13716192170818506,0.1526690391459075,0.11512455516014235,0.00797153024911032,0.06515124555160143,1.0,0.5518638790035587
100000003163886100,3,False,1,0,500000.0,0.0,1,0,False,0.0,0.0007290166614578231,0.0,5.201544335665785e-09,10,0.0,0.0,31,0.0737855871886121,0.06217526690391458,0.08976868327402136,0.05526690391459074,0.14683274021352316,0.11530249110320284,1.0,0.5431316725978648
100000003164661100,3,False,1,0,596200.0,0.0,3,0,False,0.0,0.0005968344237511686,0.0,3.0989133989574047e-56,1,0.0,0.0,27,0.0737855871886121,0.06217526690391458,0.04937722419928826,0.05526690391459074,0.1411387900355872,0.01766903914590747,1.0,0.3994128113879003
100000003166017100,4,False,1,0,15000.0,0.0,1,0,True,0.0,0.00028960957604698553,0.0,3.3000582284509054e-08,7,0.0,0.0,18,0.0737855871886121,0.06217526690391458,0.09897686832740214,0.05526690391459074,0.03320284697508896,0.06515124555160143,0.75,0.2914190391459075
100000003166755100,2,False,1,0,24010.0,0.0,1,0,False,0.0,0.0002877969185193655,0.0,1.9371862230463204e-05,7,0.0,0.0,2,0.0737855871886121,0.06217526690391458,0.14750889679715304,0.05526690391459074,0.023416370106761564,0.06515124555160143,1.0,0.42730427046263353
100000003171006100,3,False,2,0,485000.0,0.0,2,0,False,0.0,0.00033309597323413466,0.0,4.108114257359714e-06,9,0.0,0.0,4,0.15409697508896797,0.06217526690391458,0.1354982206405694,0.05526690391459074,0.09430604982206406,0.10908362989323844,1.0,0.6104270462633452
100000003171587100,3,False,2,2,700000.0,431300.0,2,7,False,0.6161428571428571,0.0003142525170960263,4.1371914390380285e-61,0.012585663367948823,7,0.0,0.0,10,0.15409697508896797,0.1554581850533808,0.19884341637010677,0.1332384341637011,0.08291814946619218,0.06515124555160143,1.0,0.7897064056939501
100000003173783100,4,False,1,0,23500.0,0.0,2,0,True,0.0,0.00034466588989593035,0.0,3.1005844880455793e-06,7,0.0,0.0,33,0.0737855871886121,0.06217526690391458,0.13318505338078293,0.05526690391459074,0.09921708185053381,0.06515124555160143,0.75,0.3665858540925267
100000003177533100,4,False,1,0,20000.0,0.0,3,0,True,0.0,0.00033631110565471127,0.0,1.2423817133823609e-82,7,0.0,0.0,8,0.0737855871886121,0.06217526690391458,0.027580071174377226,0.05526690391459074,0.09572953736654805,0.06515124555160143,0.75,0.2847664590747331
100000003178549100,3,False,2,4,250000.0,89080.0,2,4,False,0.35632,0.0003501392332553018,0.00030899707873702816,0.00020038811067117653,7,0.0,0.0,28,0.15409697508896797,0.16814946619217083,0.16548042704626337,0.15530249110320285,0.1008540925266904,0.06515124555160143,1.0,0.8090346975088969
100000003180305100,4,False,1,0,144000.0,0.0,1,0,True,0.0,0.0005248357666636482,0.0,8.68779683472589e-74,7,0.0,0.0,0,0.0737855871886121,0.06217526690391458,0.03380782918149466,0.05526690391459074,0.12633451957295375,0.06515124555160143,0.75,0.3123910142348754
100000003180820100,4,False,1,0,101000.0,0.0,1,0,True,0.0,0.00029723272967447945,0.0,2.1497617898998325e-07,8,0.0,0.0,4,0.0737855871886121,0.06217526690391458,0.11040925266903917,0.05526690391459074,0.05736654804270463,0.10059608540925268,0.75,0.3446997330960854
100000003186579100,4,False,1,0,110000.0,0.0,2,0,True,0.0,0.0005121083219451627,0.0,4.1609293411282743e-79,7,0.0,0.0,8,0.0737855871886121,0.06217526690391458,0.031227758007117436,0.05526690391459074,0.12548042704626336,0.06515124555160143,0.75,0.3098153914590748
100000003187359100,1,False,1,0,19072.0,0.0,1,0,False,0.0,0.00028801013492067235,0.0,2.163547160042215e-32,1,0.0,0.0,22,0.0737855871886121,0.06217526690391458,0.07580071174377224,0.05526690391459074,0.024412811387900357,0.01766903914590747,1.0,0.3091103202846975
100000003188607100,2,False,1,1,18000.0,5000.0,1,1,False,0.2777777777777778,0.00031300425492862327,6.2977321814379195e-127,1.221922513997761e-67,1,0.0,0.0,1,0.0737855871886121,0.13716192170818506,0.038434163701067614,0.111067615658363,0.0815658362989324,0.01766903914590747,1.0,0.45968416370106757
100000003190207100,3,False,1,1,5000.0,377000.0,1,8,False,75.4,0.0002975016239325611,4.263928831800705e-63,1.7054968116859504e-07,8,5000.0,0.013262599469496022,49,0.0737855871886121,0.13716192170818506,0.10894128113879005,0.13266903914590747,0.058113879003558716,0.10059608540925268,1.0,0.611267793594306
100000003191430100,2,False,1,0,180000.0,0.0,1,0,False,0.0,0.0005276043397171234,0.0,1.1673667223839885e-73,7,0.0,0.0,16,0.0737855871886121,0.06217526690391458,0.03389679715302491,0.05526690391459074,0.12804270462633452,0.06515124555160143,1.0,0.41831850533807824
100000003192220100,2,False,1,0,60000.0,0.0,2,0,False,0.0,0.0004998740253669446,0.0,4.361724496553982e-68,7,0.0,0.0,5,0.0737855871886121,0.06217526690391458,0.03718861209964413,0.05526690391459074,0.12441281138790036,0.06515124555160143,1.0,0.41798042704626337
100000003192309100,3,False,1,1,17200.0,213000.0,1,1,False,12.383720930232558,0.0002867021521841448,1.581650624998591e-71,6.381890473170846e-33,1,0.0,0.0,22,0.0737855871886121,0.13716192170818506,0.0652135231316726,0.1293238434163701,0.014448398576512455,0.01766903914590747,1.0,0.4376023131672598
100000003194831100,4,False,1,0,6265.0,0.0,1,0,True,0.0,0.0002892585137511238,0.0,1.0820753423817225e-63,1,0.0,0.0,24,0.0737855871886121,0.06217526690391458,0.044572953736654805,0.05526690391459074,0.031174377224199287,0.01766903914590747,0.75,0.21348309608540922
100000003199390100,4,False,1,0,260000.0,0.0,1,0,True,0.0,0.00037449528217501954,0.0,1.0352314187987744e-53,7,0.0,0.0,10,0.0737855871886121,0.06217526690391458,0.050266903914590745,0.05526690391459074,0.10775800711743774,0.06515124555160143,0.75,0.3108029359430605
100000003200071100,0,True,0,1,0.0,30000.0,0,1,False,,0.00028403728526186454,1.8043745829576355e-100,0.0,0,0.0,0.0,61,0.001641459074733096,0.13716192170818506,0.001823843416370107,0.11843416370106763,0.0014590747330960854,0.001307829181494662,1.0,0.2618282918149466
100000003204491100,3,False,1,1,140000.0,100000.0,1,2,False,0.7142857142857143,0.00029635834959716517,1.0819421503297088e-82,0.001431922305737094,7,100000.0,1.0,0,0.0737855871886121,0.13716192170818506,0.18905693950177938,0.12544483985765126,0.05572953736654804,0.06515124555160143,1.0,0.6463300711743774
100000003205210100,1,False,1,0,137563.0,0.0,1,0,False,0.0,0.00031135949168130785,0.0,0.0007665240143680708,10,0.0,0.0,2,0.0737855871886121,0.06217526690391458,0.18487544483985766,0.05526690391459074,0.0795017793594306,0.11530249110320284,1.0,0.5709074733096084
100000003207060100,4,False,1,0,53000.0,0.0,1,0,True,0.0,0.00042486834403386613,0.0,5.832776198898544e-07,7,0.0,0.0,0,0.0737855871886121,0.06217526690391458,0.11699288256227758,0.05526690391459074,0.11615658362989324,0.06515124555160143,0.75,0.3671463523131673
100000003213473100,3,False,1,11,57500.0,240000.0,2,12,False,4.173913043478261,0.00028725307787151274,0.0002784246267851623,0.0005315786278103018,7,45000.0,0.1875,0,0.0737855871886121,0.17551601423487545,0.18016014234875447,0.15508896797153027,0.01907473309608541,0.06515124555160143,1.0,0.6687766903914591
100000003214786100,4,False,1,0,5000.0,0.0,1,0,True,0.0,0.00041782514733986235,0.0,7.329315048431899e-116,7,0.0,0.0,0,0.0737855871886121,0.06217526690391458,0.00662811387900356,0.05526690391459074,0.11505338078291816,0.06515124555160143,0.75,0.28354537366548044
100000003215448100,3,False,1,2,91309.0,124000.0,1,4,False,1.3580260434349298,0.00030246854061967394,1.623832898591753e-79,0.00029494472565309236,7,8000.0,0.06451612903225806,8,0.0737855871886121,0.1554581850533808,0.17090747330960857,0.12683274021352314,0.06861209964412812,0.06515124555160143,1.0,0.6607473309608543
100000003216073100,3,False,1,1,37001.0,70000.0,1,1,False,1.891840761060512,0.00028665415836657415,5.855141578500023e-88,7.252975346334193e-05,1,0.0,0.0,35,0.0737855871886121,0.13716192170818506,0.1572064056939502,0.12306049822064058,0.013807829181494662,0.01766903914590747,1.0,0.52269128113879
100000003218308100,3,False,1,0,11165.0,0.0,1,0,False,0.0,0.0002846617082964162,0.0,0.00023424102140229278,7,0.0,0.0,0,0.0737855871886121,0.06217526690391458,0.16841637010676158,0.05526690391459074,0.003914590747330961,0.06515124555160143,1.0,0.4287099644128114
100000003219438100,2,False,1,0,32000.0,0.0,1,0,False,0.0,0.0004442689786902113,0.0,2.6402815777375165e-12,7,0.0,0.0,62,0.0737855871886121,0.06217526690391458,0.08407473309608542,0.05526690391459074,0.11886120996441282,0.06515124555160143,1.0,0.4593149466192171
100000003220685100,4,False,1,0,1306000.0,0.0,2,0,True,0.0,0.0005343903303641952,0.0,7.937336919965367e-45,7,0.0,0.0,10,0.0737855871886121,0.06217526690391458,0.05293594306049822,0.05526690391459074,0.13181494661921708,0.06515124555160143,0.75,0.3308474199288256
100000003221384100,2,False,1,0,511200.0,0.0,1,0,False,0.0,0.0004454155672729621,0.0,7.691202677885774e-06,7,0.0,0.0,3,0.0737855871886121,0.06217526690391458,0.1418149466192171,0.05526690391459074,0.11893238434163703,0.06515124555160143,1.0,0.517126334519573
100000003221510100,3,False,1,2,24000.0,120000.0,1,3,False,5.0,0.0002853795291337177,5.3255737831881676e-80,0.00034343077528077587,7,0.0,0.0,0,0.0737855871886121,0.1554581850533808,0.17304270462633453,0.12654804270462633,0.007686832740213523,0.06515124555160143,1.0,0.6016725978647688
100000003230328100,4,False,3,0,26572.0,0.0,3,0,True,0.0,0.00034971434646070186,0.0,1.808441536349384e-06,7,0.0,0.0,8,0.1683896797153025,0.06217526690391458,0.12811387900355872,0.05526690391459074,0.10064056939501781,0.06515124555160143,0.75,0.4348031583629894
100000003230329100,4,False,1,0,110000.0,0.0,1,0,True,0.0,0.0002984085613548115,0.0,2.2434995931358354e-07,8,0.0,0.0,4,0.0737855871886121,0.06217526690391458,0.11085409252669041,0.05526690391459074,0.060925266903914595,0.10059608540925268,0.75,0.34770240213523135
100000003232675100,4,False,1,0,44000.0,0.0,2,0,True,0.0,0.000398749961228528,0.0,4.925101342642135e-83,7,0.0,0.0,12,0.0737855871886121,0.06217526690391458,0.027402135231316724,0.05526690391459074,0.11302491103202847,0.06515124555160143,0.75,0.297604537366548
100000003235780100,1,False,2,0,65000.0,0.0,2,0,False,0.0,0.0002896264485429373,0.0,0.0007421494027910808,7,0.0,0.0,0,0.15409697508896797,0.06217526690391458,0.18416370106761568,0.05526690391459074,0.033380782918149464,0.06515124555160143,1.0,0.5542348754448398
100000003237045100,2,False,1,1,340200.0,150000.0,2,1,False,0.4409171075837742,0.00039175002504559457,2.6596517333440424e-05,1.9885340345068356e-09,7,0.0,0.0,16,0.0737855871886121,0.13716192170818506,0.08843416370106762,0.1504626334519573,0.1114590747330961,0.06515124555160143,1.0,0.6264546263345196
100000003239379100,1,False,1,0,92500.0,0.0,1,0,False,0.0,0.0002992879907294785,0.0,3.557495260105158e-07,1,0.0,0.0,7,0.0737855871886121,0.06217526690391458,0.11414590747330962,0.05526690391459074,0.06313167259786477,0.01766903914590747,1.0,0.38617437722419923
100000003239859100,1,False,1,0,18600.0,0.0,1,0,False,0.0,0.0002871039136045415,0.0,1.5952543437891345e-07,1,0.0,0.0,7,0.0737855871886121,0.06217526690391458,0.1083185053380783,0.05526690391459074,0.017900355871886122,0.01766903914590747,1.0,0.3351156583629893
100000003241965100,3,False,1,0,15000.0,0.0,1,0,False,0.0,0.0002895871803403275,0.0,2.1852551982069884e-08,7,0.0,0.0,18,0.0737855871886121,0.06217526690391458,0.09572953736654805,0.05526690391459074,0.03302491103202847,0.06515124555160143,1.0,0.3851334519572953
100000003242289100,2,False,3,23,550791.0,2377741.0,8,26,False,4.316956885642648,0.00043708641841528175,0.008430753329182293,1.75316110420361e-05,7,444065.0,0.18675919706982383,28,0.1683896797153025,0.178038256227758,0.1467081850533808,0.15886120996441283,0.11829181494661922,0.06515124555160143,1.0,0.8354403914590749
100000003242795100,3,False,1,0,111000.0,0.0,1,0,False,0.0,0.0002876049038726633,0.0,0.005850520107046899,7,0.0,0.0,10,0.0737855871886121,0.06217526690391458,0.19412811387900358,0.05526690391459074,0.021352313167259784,0.06515124555160143,1.0,0.47185943060498214
100000003246024100,2,False,1,1,25000.0,5000.0,1,1,False,0.2,0.0003725078333817326,6.2977321814379195e-127,1.3877753220969939e-61,7,5000.0,1.0,8,0.0737855871886121,0.13716192170818506,0.04546263345195729,0.111067615658363,0.10718861209964414,0.06515124555160143,1.0,0.539817615658363
100000003247600100,4,False,1,0,58000.0,0.0,1,0,True,0.0,0.0008353770184883591,0.0,3.89418134803652e-90,7,0.0,0.0,2,0.0737855871886121,0.06217526690391458,0.020729537366548045,0.05526690391459074,0.14939501779359432,0.06515124555160143,0.75,0.31987766903914594
100000003249054100,2,False,7,1,99700.0,15000.0,11,1,False,0.15045135406218657,0.00042893846467448847,1.0502842388567766e-110,1.4271072480172383e-05,7,0.0,0.0,2,0.17839857651245553,0.13716192170818506,0.14590747330960857,0.11512455516014235,0.11701067615658364,0.06515124555160143,1.0,0.7587544483985766
100000003252446100,4,False,1,0,108600.0,0.0,1,0,True,0.0,0.0002983613337375461,0.0,1.0198507592623335e-07,8,0.0,0.0,4,0.0737855871886121,0.06217526690391458,0.10604982206405696,0.05526690391459074,0.060711743772242,0.10059608540925268,0.75,0.3439390569395018
100000003254277100,3,False,1,1,49200.0,44997.0,1,1,False,0.9145731707317073,0.00028678888519916354,1.7476122292218958e-94,0.0004917180388092421,7,44997.0,1.0,0,0.0737855871886121,0.13716192170818506,0.17900355871886123,0.12028469750889681,0.015658362989323844,0.06515124555160143,1.0,0.5910453736654805
100000003254723100,2,False,1,0,269850.0,0.0,6,0,False,0.0,0.0005268403487059432,0.0,2.906965925910259e-13,10,0.0,0.0,2,0.0737855871886121,0.06217526690391458,0.08327402135231317,0.05526690391459074,0.12733096085409254,0.11530249110320284,1.0,0.5171352313167259
100000003265158100,1,False,3,2,146100.4,154200.0,3,4,False,1.055438588806054,0.00038246925629366714,1.2361599134010818e-74,2.375512126004646e-06,9,127400.0,0.8261997405966277,7,0.1683896797153025,0.1554581850533808,0.13087188612099646,0.12832740213523133,0.10911032028469751,0.10908362989323844,1.0,0.801241103202847
100000003265658100,0,True,0,0,0.0,0.0,0,0,False,,0.00028403728526186454,0.0,0.0,0,0.0,0.0,63,0.001641459074733096,0.06217526690391458,0.001823843416370107,0.05526690391459074,0.0014590747330960854,0.001307829181494662,0.0,0.0
100000003270419100,3,False,1,0,150000.0,0.0,1,0,False,0.0,0.0008268876381700061,0.0,8.008892873555155e-71,10,0.0,0.0,12,0.0737855871886121,0.06217526690391458,0.035409252669039146,0.05526690391459074,0.1491814946619217,0.11530249110320284,1.0,0.4911209964412811
100000003271151100,3,False,1,0,127294.0,0.0,1,0,False,0.0,0.0003097323232046412,0.0,0.00034824734003185834,7,0.0,0.0,8,0.0737855871886121,0.06217526690391458,0.17322064056939504,0.05526690391459074,0.07729537366548042,0.06515124555160143,1.0,0.5068950177935944
100000003275398100,2,False,1,1,300000.0,20000.0,1,1,False,0.06666666666666667,0.0004315974084722966,3.588969313697496e-42,2.0980206346239878e-41,1,0.0,0.0,34,0.0737855871886121,0.13716192170818506,0.05516014234875445,0.13658362989323844,0.11758007117437723,0.01766903914590747,1.0,0.5379403914590747
100000003278020100,2,False,1,0,190000.0,0.0,1,0,False,0.0,0.00032276465376118767,0.0,2.559429354476859e-05,7,0.0,0.0,0,0.0737855871886121,0.06217526690391458,0.14919928825622777,0.05526690391459074,0.08939501779359432,0.06515124555160143,1.0,0.4949733096085409
100000003284932100,1,False,1,0,69925.0,0.0,1,0,False,0.0,0.00029792550581448095,0.0,0.0005465012802610182,10,0.0,0.0,2,0.0737855871886121,0.06217526690391458,0.18051601423487545,0.05526690391459074,0.0595017793594306,0.11530249110320284,1.0,0.5465480427046263
100000003286537100,3,False,2,0,153000.0,0.0,2,0,False,0.0,0.00029948542909897694,0.0,6.74575800097203e-07,8,0.0,0.0,4,0.15409697508896797,0.06217526690391458,0.11814946619217084,0.05526690391459074,0.06334519572953737,0.10059608540925268,1.0,0.5536298932384341
100000003289281100,4,False,1,0,40000.0,0.0,1,0,True,0.0,0.0005940770411321739,0.0,1.5296360044194496e-95,7,0.0,0.0,0,0.0737855871886121,0.06217526690391458,0.017037366548042703,0.05526690391459074,0.1409252669039146,0.06515124555160143,0.75,0.31075622775800715
100000003289405100,2,False,1,0,355000.0,0.0,1,0,False,0.0,0.0003370712630773487,0.0,0.0002802000479764718,1,0.0,0.0,2,0.0737855871886121,0.06217526690391458,0.17037366548042707,0.05526690391459074,0.09629893238434165,0.01766903914590747,1.0,0.4755693950177936
100000003292191100,3,False,1,0,112000.0,0.0,1,0,False,0.0,0.0002980041479196285,0.0,1.9094603388010513e-06,8,0.0,0.0,46,0.0737855871886121,0.06217526690391458,0.12882562277580073,0.05526690391459074,0.0598576512455516,0.10059608540925268,1.0,0.4805071174377224
100000003292979100,2,False,1,0,48950.0,0.0,1,0,False,0.0,0.0003284785153613185,0.0,6.846655758027172e-07,10,0.0,0.0,2,0.0737855871886121,0.06217526690391458,0.11823843416370108,0.05526690391459074,0.09224199288256228,0.11530249110320284,1.0,0.5170106761565836
100000003293377100,3,False,1,0,50000.0,0.0,1,0,False,0.0,0.00028564432067213424,0.0,0.003926611995995927,7,0.0,0.0,10,0.0737855871886121,0.06217526690391458,0.19243772241992885,0.05526690391459074,0.008327402135231317,0.06515124555160143,1.0,0.45714412811387906
100000003299365100,1,False,1,1,200000.0,200000.0,1,1,False,1.0,0.00032376047597367413,0.00043924830439940504,0.0009242510316319979,10,200000.0,1.0,2,0.0737855871886121,0.13716192170818506,0.18656583629893242,0.15622775800711744,0.0898932384341637,0.11530249110320284,1.0,0.7589368327402135
100000003321423100,2,False,1,0,100000.0,0.0,2,0,False,0.0,0.0006657320409781929,0.0,1.1046333396493387e-68,8,0.0,0.0,53,0.0737855871886121,0.06217526690391458,0.03656583629893238,0.05526690391459074,0.14469750889679717,0.10059608540925268,1.0,0.47308718861209964
100000003321895100,3,False,1,2,24000.0,553830.0,1,3,False,23.07625,0.00030953658744886306,2.0370620543301513e-57,7.589110533472759e-07,7,0.0,0.0,54,0.0737855871886121,0.1554581850533808,0.11975088967971532,0.13430604982206407,0.07693950177935943,0.06515124555160143,1.0,0.6253914590747331
100000003336565100,2,False,1,0,16550.0,0.0,1,0,False,0.0,0.00028961584595721445,0.0,3.084541528261015e-34,1,0.0,0.0,22,0.0737855871886121,0.06217526690391458,0.05907473309608541,0.05526690391459074,0.03330960854092527,0.01766903914590747,1.0,0.3012811387900355
100000003338583100,3,False,1,0,21765.0,0.0,1,0,False,0.0,0.00028859528919553823,0.0,1.2760322014547576e-41,1,0.0,0.0,34,0.0737855871886121,0.06217526690391458,0.05471530249110321,0.05526690391459074,0.028042704626334517,0.01766903914590747,1.0,0.2916548042704626
100000003345947100,4,False,1,0,79500.0,0.0,6,0,True,0.0,0.0004918257213234302,0.0,2.476986370358926e-82,7,0.0,0.0,8,0.0737855871886121,0.06217526690391458,0.027935943060498222,0.05526690391459074,0.12355871886120998,0.06515124555160143,0.75,0.30590524911032024
100000003349739100,0,True,0,0,0.0,0.0,0,0,False,,0.00028403728526186454,0.0,0.0,0,0.0,0.0,64,0.001641459074733096,0.06217526690391458,0.001823843416370107,0.05526690391459074,0.0014590747330960854,0.001307829181494662,0.0,0.0
100000003360542100,2,False,2,2,317000.0,51800.0,3,5,False,0.16340694006309148,0.0014432904569406946,0.0032783911705103644,1.957301605328005e-07,11,15500.0,0.29922779922779924,11,0.15409697508896797,0.1554581850533808,0.11005338078291815,0.15807829181494662,0.15558718861209964,0.11901245551601423,1.0,0.8522864768683274
100000003366154100,1,False,1,3,125000.0,289170.0,1,3,False,2.31336,0.00030886427945674556,7.962379181952915e-05,0.0007306845974293611,10,125000.0,0.43227167410173944,2,0.0737855871886121,0.16390569395017793,0.18376334519572957,0.15231316725978647,0.07633451957295374,0.11530249110320284,1.0,0.7654048042704626
100000003366471100,3,False,2,1,329789.0,20000.0,5,1,False,0.0606448365470043,0.0003583575141467876,1.858762460731998e-106,0.0009746577897323538,7,20000.0,1.0,8,0.15409697508896797,0.13716192170818506,0.18701067615658365,0.11608540925266905,0.10355871886120997,0.06515124555160143,1.0,0.7630649466192171
100000003370425100,4,False,1,0,20000.0,0.0,1,0,True,0.0,0.0006435285063063334,0.0,3.3425345967186196e-97,7,0.0,0.0,12,0.0737855871886121,0.06217526690391458,0.01601423487544484,0.05526690391459074,0.14355871886120997,0.06515124555160143,0.75,0.31196396797153025
100000003377795100,1,False,1,0,7000.0,0.0,1,0,False,0.0,0.0002844360625386101,0.0,1.1816614911732811e-06,1,0.0,0.0,1,0.0737855871886121,0.06217526690391458,0.12393238434163703,0.05526690391459074,0.0029893238434163705,0.01766903914590747,1.0,0.3358185053380783
100000003390036100,2,False,2,2,231300.0,62000.0,4,2,False,0.2680501513186338,0.0013117547376694841,9.451951474136129e-90,1.8757401910101784e-05,11,10000.0,0.16129032258064516,11,0.15409697508896797,0.1554581850533808,0.1472419928825623,0.12249110320284698,0.15466192170818505,0.11901245551601423,1.0,0.8529626334519573
100000003404627100,1,False,4,0,877700.0,0.0,5,0,False,0.0,0.0013678442766934997,0.0,3.393045108893789e-06,11,0.0,0.0,51,0.17435498220640572,0.06217526690391458,0.13371886120996443,0.05526690391459074,0.15501779359430606,0.11901245551601423,1.0,0.6995462633451958
100000003406094100,3,False,1,3,70000.0,47000.0,4,3,False,0.6714285714285714,0.0007722541549438232,2.6089279973400334e-09,2.120131157205043e-87,7,7000.0,0.14893617021276595,16,0.0737855871886121,0.16390569395017793,0.023220640569395018,0.1401423487544484,0.14775800711743775,0.06515124555160143,1.0,0.6139635231316727
100000003447411100,4,False,1,0,302000.0,0.0,3,0,True,0.0,0.000304150128240299,0.0,0.00012538598893406088,7,0.0,0.0,8,0.0737855871886121,0.06217526690391458,0.1617437722419929,0.05526690391459074,0.0704626334519573,0.06515124555160143,0.75,0.36643905693950174
100000003448713100,4,False,1,0,266750.0,0.0,1,0,True,0.0,0.00030180251991251814,0.0,0.00011784136167466443,7,0.0,0.0,8,0.0737855871886121,0.06217526690391458,0.16129893238434168,0.05526690391459074,0.06782918149466192,0.06515124555160143,0.75,0.36413033807829187
100000003449074100,1,False,1,0,10000.0,0.0,1,0,False,0.0,0.00028589916651611697,0.0,0.00020122539980115464,7,0.0,0.0,0,0.0737855871886121,0.06217526690391458,0.16565836298932388,0.05526690391459074,0.009750889679715302,0.06515124555160143,1.0,0.43178825622775807
100000003457710100,3,False,1,1,326555.0,1306000.0,1,2,False,3.999326300316945,0.00029453299422987705,9.468301010549626e-45,0.010034856254531056,7,326555.0,0.25004211332312404,10,0.0737855871886121,0.13716192170818506,0.19750889679715306,0.13601423487544487,0.05153024911032028,0.06515124555160143,1.0,0.6611521352313168
100000003470579100,4,False,1,0,357000.0,0.0,2,0,True,0.0,0.0005648024912316045,0.0,4.2614448607511026e-61,7,0.0,0.0,14,0.0737855871886121,0.06217526690391458,0.04617437722419929,0.05526690391459074,0.13857651245551603,0.06515124555160143,0.75,0.33084741992882566
100000003476560100,1,False,1,0,50000.0,0.0,1,0,False,0.0,0.00029396808293981694,0.0,0.00046212551581599893,10,0.0,0.0,2,0.0737855871886121,0.06217526690391458,0.17766903914590748,0.05526690391459074,0.0498220640569395,0.11530249110320284,1.0,0.5340213523131673
100000003481025100,4,False,1,0,9000.0,0.0,1,0,True,0.0,0.0005278869557524602,0.0,3.038802354039751e-117,7,0.0,0.0,0,0.0737855871886121,0.06217526690391458,0.006361209964412812,0.05526690391459074,0.12854092526690392,0.06515124555160143,0.75,0.29346085409252665
100000003484058100,3,False,1,1,110000.0,6000.0,1,1,False,0.05454545454545454,0.0003150225607046059,3.0998919294146766e-124,1.5231189793646968e-06,7,0.0,0.0,40,0.0737855871886121,0.13716192170818506,0.12669039145907476,0.11202846975088969,0.08334519572953739,0.06515124555160143,1.0,0.5981628113879005
100000003486846100,4,False,1,0,27000.0,0.0,2,0,True,0.0,0.0005279981228876078,0.0,2.925933742026228e-101,7,0.0,0.0,16,0.0737855871886121,0.06217526690391458,0.013345195729537369,0.05526690391459074,0.12868327402135232,0.06515124555160143,0.75,0.29880560498220643
100000003486970100,3,False,1,0,150000.0,0.0,1,0,False,0.0,0.0002888583914926737,0.0,0.006801091478674387,7,0.0,0.0,10,0.0737855871886121,0.06217526690391458,0.19555160142348757,0.05526690391459074,0.029395017793594304,0.06515124555160143,1.0,0.4813256227758008
100000003497735100,3,False,1,0,125000.0,0.0,1,0,False,0.0,0.0003052624758113663,0.0,3.283294420301143e-05,7,0.0,0.0,43,0.0737855871886121,0.06217526690391458,0.151423487544484,0.05526690391459074,0.07181494661921708,0.06515124555160143,1.0,0.47961743772241994
100000003500764100,4,False,1,0,21000.0,0.0,1,0,True,0.0,0.0005269369971238494,0.0,1.0844954530037876e-101,7,0.0,0.0,28,0.0737855871886121,0.06217526690391458,0.013256227758007118,0.05526690391459074,0.12747330960854092,0.06515124555160143,0.75,0.29783140569395017
100000003509750100,2,False,3,3,82290.0,78400.0,4,5,False,0.9527281565196257,0.0016747371626434475,2.7602611422019077e-86,7.063040370171243e-07,1,58400.0,0.7448979591836735,41,0.1683896797153025,0.16390569395017793,0.11903914590747332,0.12384341637010676,0.15637010676156585,0.01766903914590747,1.0,0.7492170818505338
100000003528285100,3,False,4,4,118870.0,548000.0,5,6,False,4.6100782367292,0.0004019555545445456,0.0004514899871560207,0.0005911515549386731,7,81000.0,0.1478102189781022,2,0.17435498220640572,0.16814946619217083,0.18158362989323845,0.15629893238434164,0.11345195729537368,0.06515124555160143,1.0,0.8589902135231318
100000003557488100,3,False,1,2,664992.0,138000.0,3,4,False,0.20752129348924497,0.0005767622131775992,1.879977879540728e-68,8.303067107814365e-06,7,118000.0,0.855072463768116,36,0.0737855871886121,0.1554581850533808,0.14225978647686835,0.1302491103202847,0.139644128113879,0.06515124555160143,1.0,0.7065480427046262
100000003561031100,3,False,1,1,13300.0,5000.0,1,1,False,0.37593984962406013,0.0002867219680013411,6.2977321814379195e-127,0.00011256662924659261,7,0.0,0.0,8,0.0737855871886121,0.13716192170818506,0.16085409252669042,0.111067615658363,0.014804270462633454,0.06515124555160143,1.0,0.5628247330960854
100000003567087100,1,False,1,0,62115.0,0.0,1,0,False,0.0,0.00029697633499743757,0.0,3.904509572861719e-32,1,0.0,0.0,22,0.0737855871886121,0.06217526690391458,0.08202846975088968,0.05526690391459074,0.056797153024911035,0.01766903914590747,1.0,0.3477224199288256
100000003568904100,4,False,1,0,49000.0,0.0,1,0,True,0.0,0.0005285851738424127,0.0,1.3713460783402666e-92,7,0.0,0.0,12,0.0737855871886121,0.06217526690391458,0.018594306049822065,0.05526690391459074,0.1289679715302491,0.06515124555160143,0.75,0.3029559608540925
100000003574895100,3,False,1,1,27968.0,20000.0,1,1,False,0.7151029748283753,0.00028560144678719743,1.858762460731998e-106,0.00037073560306738007,7,20000.0,1.0,0,0.0737855871886121,0.13716192170818506,0.17411032028469753,0.11608540925266905,0.008256227758007117,0.06515124555160143,1.0,0.5745507117437724
100000003581109100,3,False,1,0,42750.0,0.0,1,0,False,0.0,0.000286428157158603,0.0,0.00045835465772857805,7,0.0,0.0,0,0.0737855871886121,0.06217526690391458,0.17740213523131676,0.05526690391459074,0.012241992882562279,0.06515124555160143,1.0,0.4460231316725979
100000003582677100,3,False,2,4,29756.989999999998,56000.0,2,5,False,1.881910771217116,0.0002917015970281661,0.00016896098359244993,0.00017498986764146143,7,0.0,0.0,2,0.15409697508896797,0.16814946619217083,0.16441281138790037,0.1538078291814947,0.042135231316725974,0.06515124555160143,1.0,0.7477535587188613
100000003589877100,1,False,2,6,176000.0,416129.0,2,6,False,2.364369318181818,0.00030530305534616395,9.43562473720338e-05,2.3972130960460504e-06,9,176000.0,0.4229457692206023,4,0.15409697508896797,0.17211298932384342,0.13104982206405696,0.15281138790035587,0.07195729537366548,0.10908362989323844,1.0,0.7911120996441281
100000003594472100,3,False,1,0,20000.0,0.0,1,0,False,0.0,0.00029284114840354847,0.0,1.439943114700745e-06,7,0.0,0.0,36,0.0737855871886121,0.06217526690391458,0.12597864768683276,0.05526690391459074,0.04633451957295374,0.06515124555160143,1.0,0.4286921708185054
100000003603979100,2,False,1,0,165000.0,0.0,3,0,False,0.0,0.0005818108039320987,0.0,1.495795204728276e-42,1,0.0,0.0,34,0.0737855871886121,0.06217526690391458,0.05391459074733096,0.05526690391459074,0.14,0.01766903914590747,1.0,0.40281138790035587
100000003610172100,3,False,1,0,70000.0,0.0,1,0,False,0.0,0.00028628713483624214,0.0,0.004646029969117588,7,0.0,0.0,10,0.0737855871886121,0.06217526690391458,0.1930604982206406,0.05526690391459074,0.011814946619217082,0.06515124555160143,1.0,0.46125444839857643
100000003616818100,1,False,3,3,78000.0,240100.0,4,8,False,3.0782051282051284,0.000509771278648696,6.604060058473514e-42,1.8411089371776932e-41,1,0.0,0.0,34,0.1683896797153025,0.16390569395017793,0.05498220640569395,0.13679715302491105,0.12526690391459075,0.01766903914590747,1.0,0.6670106761565836
100000003617552100,2,False,1,0,25000.0,0.0,1,0,False,0.0,0.0005476914421734973,0.0,2.221102896440608e-102,1,0.0,0.0,27,0.0737855871886121,0.06217526690391458,0.012633451957295375,0.05526690391459074,0.13565836298932385,0.01766903914590747,1.0,0.3571886120996441
100000003622955100,4,False,1,0,15000.0,0.0,1,0,True,0.0,0.001320350034184247,0.0,8.21552963007756e-110,11,0.0,0.0,11,0.0737855871886121,0.06217526690391458,0.00965302491103203,0.05526690391459074,0.15487544483985766,0.11901245551601423,0.75,0.35607651245551597
100000003626268100,4,False,1,0,5000.0,0.0,1,0,True,0.0,0.0005277509580696679,0.0,8.532445701341959e-126,7,0.0,0.0,8,0.0737855871886121,0.06217526690391458,0.004314946619217082,0.05526690391459074,0.1283985765124555,0.06515124555160143,0.75,0.2918193950177935
100000003631015100,4,False,1,0,266000.0,0.0,1,0,True,0.0,0.00032047950723793886,0.0,7.506988858870641e-41,7,0.0,0.0,65,0.0737855871886121,0.06217526690391458,0.055871886120996445,0.05526690391459074,0.08832740213523133,0.06515124555160143,0.75,0.30043371886120995
100000003632533100,4,False,1,0,10000.0,0.0,1,0,True,0.0,0.00042628432858991876,0.0,2.363528879690374e-97,7,0.0,0.0,10,0.0737855871886121,0.06217526690391458,0.01574733096085409,0.05526690391459074,0.11651245551601423,0.06515124555160143,0.75,0.2914790925266904
100000003635170100,1,False,3,4,268500.0,253500.0,13,10,False,0.9441340782122905,0.0011383484772943791,9.342511096296369e-69,0.0001746739024521499,8,143500.0,0.5660749506903353,53,0.1683896797153025,0.16814946619217083,0.16423487544483986,0.1301067615658363,0.15345195729537367,0.10059608540925268,1.0,0.8849288256227759
100000003635660100,3,False,1,0,18985.0,0.0,1,0,False,0.0,0.00028894933490014943,0.0,0.0002035276934703734,7,0.0,0.0,0,0.0737855871886121,0.06217526690391458,0.16592526690391463,0.05526690391459074,0.0299644128113879,0.06515124555160143,1.0,0.45226868327402137
100000003636627100,3,False,1,1,77000.0,10000.0,8,1,False,0.12987012987012986,0.0020824455033364516,1.206418315627122e-07,5.164373943131086e-86,7,0.0,0.0,41,0.0737855871886121,0.13716192170818506,0.024555160142348757,0.14220640569395018,0.15786476868327404,0.06515124555160143,1.0,0.6007250889679716
100000003646145100,4,False,1,0,5000.0,0.0,1,0,True,0.0,0.0006485333936308689,0.0,5.366605002477428e-69,8,0.0,0.0,42,0.0737855871886121,0.06217526690391458,0.03629893238434164,0.05526690391459074,0.14398576512455516,0.10059608540925268,0.75,0.3540814056939502
100000003647799100,3,False,1,0,100000.0,0.0,1,0,False,0.0,0.000287251356082404,0.0,0.00555306793891433,7,0.0,0.0,10,0.0737855871886121,0.06217526690391458,0.19372775800711747,0.05526690391459074,0.018967971530249112,0.06515124555160143,1.0,0.4690747330960855
100000003650146100,3,False,1,0,14400.0,0.0,1,0,False,0.0,0.0002984897159386662,0.0,1.5055473542507777e-06,7,0.0,0.0,16,0.0737855871886121,0.06217526690391458,0.1266014234875445,0.05526690391459074,0.061138790035587184,0.06515124555160143,1.0,0.44411921708185054
100000003664994100,4,False,1,0,338271.0,0.0,2,0,True,0.0,0.0003888192560313845,0.0,1.821635065799562e-07,7,0.0,0.0,66,0.0737855871886121,0.06217526690391458,0.10951957295373667,0.05526690391459074,0.11053380782918151,0.06515124555160143,0.75,0.35732428825622775
100000003671721100,3,False,1,0,5000.0,0.0,1,0,False,0.0,0.0005553712304891428,0.0,8.532445701341959e-126,9,0.0,0.0,18,0.0737855871886121,0.06217526690391458,0.004314946619217082,0.05526690391459074,0.13758007117437723,0.10908362989323844,1.0,0.44220640569395014
100000003677936100,3,False,1,1,71000.0,13000.0,1,2,False,0.18309859154929578,0.00030718110405409706,8.096140174248766e-113,8.575627373251387e-06,7,6000.0,0.46153846153846156,1,0.0737855871886121,0.13716192170818506,0.1423487544483986,0.11444839857651246,0.07402135231316727,0.06515124555160143,1.0,0.6069172597864769
100000003684369100,0,True,24,62,3848436.0,8588655.0,58,67,False,2.2317260830113845,0.0020068751794803373,0.05317599895393992,0.0009409562763544627,9,3762262.0,0.43805019528668926,2,0.17991992882562277,0.17943950177935944,0.1867437722419929,0.15971530249110322,0.15758007117437722,0.10908362989323844,1.0,0.9724822064056939
100000003692843100,4,False,1,0,510000.0,0.0,2,0,True,0.0,0.0005263212183511513,0.0,2.5164436949384857e-57,7,0.0,0.0,54,0.0737855871886121,0.06217526690391458,0.04911032028469751,0.05526690391459074,0.12697508896797152,0.06515124555160143,0.75,0.32434830960854094
100000003696422100,4,False,1,0,118000.0,0.0,2,0,True,0.0,0.0007032347489122751,0.0,2.2690488891200826e-68,7,0.0,0.0,36,0.0737855871886121,0.06217526690391458,0.03683274021352313,0.05526690391459074,0.14590747330960857,0.06515124555160143,0.75,0.3293394128113879
100000003701161100,1,False,4,3,1527103.0,349000.0,13,7,False,0.22853730232996727,0.001654068206547557,2.473229610549916e-06,0.000252064343751315,7,270000.0,0.7736389684813754,29,0.17435498220640572,0.16390569395017793,0.16903914590747332,0.14612099644128115,0.15622775800711744,0.06515124555160143,1.0,0.874799822064057
100000003711830100,3,False,1,0,50000.0,0.0,1,0,False,0.0,0.0002941300775155358,0.0,0.00021825733259814325,7,0.0,0.0,8,0.0737855871886121,0.06217526690391458,0.1668594306049822,0.05526690391459074,0.050355871886121,0.06515124555160143,1.0,0.4735943060498221
100000003713616100,1,False,1,0,15893.0,0.0,1,0,False,0.0,0.0002857348296738524,0.0,3.978552898032449e-05,7,0.0,0.0,16,0.0737855871886121,0.06217526690391458,0.15293594306049824,0.05526690391459074,0.00903914590747331,0.06515124555160143,1.0,0.4183540925266903
100000003718221100,2,False,2,4,350000.0,423500.0,6,8,False,1.21,0.0010463016621024607,9.23014182409507e-05,4.604113974193141e-06,7,270000.0,0.6375442739079102,29,0.15409697508896797,0.16814946619217083,0.1365658362989324,0.1527402135231317,0.15252669039145908,0.06515124555160143,1.0,0.8292304270462634
100000003718715100,4,False,1,0,915000.0,0.0,3,0,True,0.0,0.0005720413193883674,0.0,5.286704535907006e-50,7,0.0,0.0,12,0.0737855871886121,0.06217526690391458,0.05142348754448398,0.05526690391459074,0.13928825622775803,0.06515124555160143,0.75,0.33531806049822066
100000003724440100,2,False,2,0,50000.0,0.0,2,0,False,0.0,0.0003063982203218977,0.0,2.3103488489620633e-05,7,0.0,0.0,2,0.15409697508896797,0.06217526690391458,0.1484875444839858,0.05526690391459074,0.07352313167259786,0.06515124555160143,1.0,0.5587010676156584
100000003736419100,3,False,1,1,23300.0,10000.0,1,1,False,0.4291845493562232,0.0002900657686209395,1.0819421503297013e-116,0.00022547384486420398,7,10000.0,1.0,0,0.0737855871886121,0.13716192170818506,0.16761565836298933,0.11327402135231317,0.03544483985765124,0.06515124555160143,1.0,0.5924332740213524
100000003739818100,1,False,1,0,57293.0,0.0,1,0,False,0.0,0.0002954165890891231,0.0,0.0004946815671268024,10,0.0,0.0,2,0.0737855871886121,0.06217526690391458,0.17909252669039147,0.05526690391459074,0.053736654804270464,0.11530249110320284,1.0,0.5393594306049823
100000003741418100,2,False,9,3,151900.0,39920.0,13,3,False,0.2628044766293614,0.0006286085242842497,0.0015768746615027315,1.2760994417993684e-05,7,0.0,0.0,10,0.17919928825622777,0.16390569395017793,0.1452846975088968,0.15758007117437722,0.14306049822064057,0.06515124555160143,1.0,0.8541814946619218
100000003747133100,2,False,5,2,237068.0,250000.0,8,2,False,1.0545497494389795,0.0003759167065535797,3.66576259340969e-69,5.1648880375108064e-05,7,40157.0,0.160628,57,0.17655693950177936,0.1554581850533808,0.1544483985765125,0.12975088967971532,0.10818505338078292,0.06515124555160143,1.0,0.7895507117437723
100000003760160100,3,False,1,0,104470.0,0.0,1,0,False,0.0,0.00028739502504808207,0.0,0.005675822224504298,7,0.0,0.0,10,0.0737855871886121,0.06217526690391458,0.19395017793594307,0.05526690391459074,0.020569395017793594,0.06515124555160143,1.0,0.4708985765124555
100000003770083100,0,True,0,0,0.0,0.0,0,0,False,,0.00028403728526186454,0.0,0.0,0,0.0,0.0,67,0.001641459074733096,0.06217526690391458,0.001823843416370107,0.05526690391459074,0.0014590747330960854,0.001307829181494662,0.0,0.0
100000003781406100,3,False,1,0,45000.0,0.0,2,0,False,0.0,0.0007181143023301455,0.0,7.910384603100019e-94,9,0.0,0.0,7,0.0737855871886121,0.06217526690391458,0.01806049822064057,0.05526690391459074,0.14654804270462635,0.10908362989323844,1.0,0.4649199288256228
100000003782913100,4,False,1,0,200000.0,0.0,1,0,True,0.0,0.00029778525279149364,0.0,9.438932284696438e-09,7,0.0,0.0,40,0.0737855871886121,0.06217526690391458,0.09181494661921707,0.05526690391459074,0.05907473309608541,0.06515124555160143,0.75,0.305451512455516
100000003786516100,4,False,1,0,5000.0,0.0,1,0,True,0.0,0.0002915777344966141,0.0,7.829327702482128e-08,7,0.0,0.0,0,0.0737855871886121,0.06217526690391458,0.10409252669039147,0.05526690391459074,0.04156583629893239,0.06515124555160143,0.75,0.3015280249110321
100000003792647100,4,False,1,0,8000.0,0.0,1,0,True,0.0,0.0003978349199243079,0.0,2.1140044967086392e-97,7,0.0,0.0,10,0.0737855871886121,0.06217526690391458,0.015658362989323844,0.05526690391459074,0.11295373665480428,0.06515124555160143,0.75,0.28874332740213526
100000003795588100,3,False,1,0,400000.0,0.0,2,0,False,0.0,0.0003192403262198663,0.0,0.002420390458268746,7,0.0,0.0,0,0.0737855871886121,0.06217526690391458,0.19092526690391462,0.05526690391459074,0.08775800711743774,0.06515124555160143,1.0,0.5350622775800713
100000003796063100,3,False,1,15,35000.0,959150.0,1,23,False,27.404285714285713,0.0006808525921564242,0.0005964392437046455,1.7452509122255228e-97,7,35000.0,0.03649064275660741,10,0.0737855871886121,0.1766770462633452,0.015435943060498223,0.15672597864768686,0.14519572953736656,0.06515124555160143,1.0,0.6329715302491105
100000003798151100,2,False,1,0,350000.0,0.0,3,0,False,0.0,0.0005719003721335506,0.0,5.5189679711192565e-64,7,0.0,0.0,16,0.0737855871886121,0.06217526690391458,0.044306049822064056,0.05526690391459074,0.1392170818505338,0.06515124555160143,1.0,0.4399021352313167
100000003809101100,1,False,2,2,166050.0,55200.0,3,4,False,0.3324299909665763,0.00035992234335572464,1.8202568881628891e-91,0.00041836038075657715,8,10200.0,0.18478260869565216,11,0.15409697508896797,0.1554581850533808,0.175711743772242,0.1217081850533808,0.10412811387900357,0.10059608540925268,1.0,0.8116992882562277
100000003814002100,3,False,1,0,30000.0,0.0,1,0,False,0.0,0.0002850015065080264,0.0,0.003041540573502098,7,0.0,0.0,10,0.0737855871886121,0.06217526690391458,0.19154804270462636,0.05526690391459074,0.005836298932384342,0.06515124555160143,1.0,0.4537633451957296
100000003819173100,4,False,1,0,143777.0,0.0,1,0,True,0.0,0.0002936126634900446,0.0,8.651476788365535e-05,7,0.0,0.0,8,0.0737855871886121,0.06217526690391458,0.1588078291814947,0.05526690391459074,0.04889679715302491,0.06515124555160143,0.75,0.34806272241992886
100000003823811100,2,False,1,3,30000.0,66130.0,1,3,False,2.2043333333333335,0.00035483143690438914,1.3683526529339326e-07,6.472587623255933e-07,7,0.0,0.0,49,0.0737855871886121,0.16390569395017793,0.11743772241992884,0.1423487544483986,0.10213523131672599,0.06515124555160143,1.0,0.6647642348754449
100000003824464100,2,False,1,0,200000.0,0.0,1,0,False,0.0,0.0003214608991872512,0.0,7.423873752599541e-05,7,0.0,0.0,29,0.0737855871886121,0.06217526690391458,0.1576067615658363,0.05526690391459074,0.08879003558718862,0.06515124555160143,1.0,0.5027758007117438
100000003831201100,2,False,1,0,40500.0,0.0,3,0,False,0.0,0.0005311624825254104,0.0,2.319111693081848e-95,7,0.0,0.0,0,0.0737855871886121,0.06217526690391458,0.017170818505338078,0.05526690391459074,0.1308896797153025,0.06515124555160143,1.0,0.4044395017793594
100000003831324100,1,False,2,0,300000.0,0.0,2,0,False,0.0,0.00031347030572498097,0.0,6.461653847901754e-06,9,0.0,0.0,1,0.15409697508896797,0.06217526690391458,0.14021352313167262,0.05526690391459074,0.08234875444839858,0.10908362989323844,1.0,0.603185053380783
100000003832231100,1,False,1,0,35000.0,0.0,1,0,False,0.0,0.0002909888436364312,0.0,0.0003866419463246869,10,0.0,0.0,2,0.0737855871886121,0.06217526690391458,0.17455516014234876,0.05526690391459074,0.0394306049822064,0.11530249110320284,1.0,0.5205160142348755
100000003834495100,3,False,3,1,602441.0,20000.0,5,1,False,0.0331982716979754,0.0006169955168182208,0.0003997915422752046,0.0028591795226498894,7,20000.0,1.0,0,0.1683896797153025,0.13716192170818506,0.19137010676156585,0.15587188612099645,0.1424199288256228,0.06515124555160143,1.0,0.8603647686832742
100000003835149100,1,False,1,2,248500.0,4600440.0,1,13,False,18.512837022132796,0.0004860432636493104,1.0470737439016005e-13,2.0616000304072204e-66,1,0.0,0.0,21,0.0737855871886121,0.1554581850533808,0.04154804270462634,0.1387188612099644,0.12284697508896798,0.01766903914590747,1.0,0.550026690391459
100000003838587100,4,False,1,0,6000.0,0.0,1,0,True,0.0,0.0005518064618690174,0.0,3.833939680248028e-123,7,0.0,0.0,40,0.0737855871886121,0.06217526690391458,0.005516014234875445,0.05526690391459074,0.13672597864768685,0.06515124555160143,0.75,0.2989657473309608
100000003843844100,3,False,1,1,16680.0,238000.0,1,1,False,14.268585131894485,0.0002901658446771942,6.883678527823407e-70,1.2225644539629338e-05,7,0.0,0.0,12,0.0737855871886121,0.13716192170818506,0.14492882562277581,0.1296085409252669,0.03594306049822064,0.06515124555160143,1.0,0.5865791814946619
100000003854444100,2,False,1,14,210000.0,2322909.0,4,14,False,11.061471428571428,0.000464039399084272,0.002389436718300129,5.454653007417295e-67,7,160000.0,0.06887915109890227,43,0.0737855871886121,0.17639679715302492,0.0403914590747331,0.15786476868327404,0.12028469750889681,0.06515124555160143,1.0,0.6338745551601425
100000003865939100,1,False,1,0,81465.0,0.0,1,0,False,0.0,0.0005254689777410252,0.0,3.4127852403189974e-85,1,0.0,0.0,68,0.0737855871886121,0.06217526690391458,0.025533807829181493,0.05526690391459074,0.12654804270462633,0.01766903914590747,1.0,0.3609786476868327
100000003873332100,1,False,1,4,23468.0,286000.0,1,8,False,12.186807567751833,0.0002884067481893441,3.553441472844479e-67,0.00030826260114906207,7,0.0,0.0,43,0.0737855871886121,0.16814946619217083,0.1717081850533808,0.13131672597864769,0.026832740213523134,0.06515124555160143,1.0,0.6369439501779359
100000003877908100,1,False,1,0,40000.0,0.0,1,0,False,0.0,0.0002919819234042265,0.0,0.00041333762700069106,10,0.0,0.0,2,0.0737855871886121,0.06217526690391458,0.17522241992882565,0.05526690391459074,0.043238434163701066,0.11530249110320284,1.0,0.5249911032028469
100000003880331100,3,False,1,16,100000.0,3904908.0,1,31,False,39.04908,0.00030595559582015825,0.005870650812353487,0.00019703081879524068,7,100000.0,0.02560879795375461,8,0.0737855871886121,0.1769973309608541,0.16525800711743774,0.15843416370106764,0.07291814946619217,0.06515124555160143,1.0,0.7125444839857652
100000003886323100,1,False,2,1,78168.0,7650.0,6,1,False,0.09786613447958244,0.0018965814533023458,1.1986512306245108e-120,2.7939344284616476e-05,7,0.0,0.0,16,0.15409697508896797,0.13716192170818506,0.1501779359430605,0.11238434163701069,0.15679715302491104,0.06515124555160143,1.0,0.7757695729537367
100000003888197100,3,False,1,0,83167.0,0.0,1,0,False,0.0,0.00028671033154118255,0.0,0.00506417266633817,7,0.0,0.0,10,0.0737855871886121,0.06217526690391458,0.1932384341637011,0.05526690391459074,0.014733096085409252,0.06515124555160143,1.0,0.4643505338078292
100000003888271100,1,False,1,2,12177.0,25590.0,2,3,False,2.10150283321015,0.00028980321426868156,1.9507192044025693e-98,5.688357455498176e-44,1,6600.0,0.25791324736225085,23,0.0737855871886121,0.1554581850533808,0.053469750889679715,0.11886120996441282,0.034590747330960854,0.01766903914590747,1.0,0.4538345195729537
100000003888527100,3,False,1,0,30000.0,0.0,1,0,False,0.0,0.00036454804620045483,0.0,3.400273699914708e-06,7,0.0,0.0,66,0.0737855871886121,0.06217526690391458,0.13380782918149467,0.05526690391459074,0.10548042704626336,0.06515124555160143,1.0,0.49566725978647697
100000003896956100,3,False,1,1,10000.0,27000.0,1,2,False,2.7,0.0002870127501400985,5.018477967111441e-102,7.28897701008582e-06,7,10000.0,0.37037037037037035,16,0.0737855871886121,0.13716192170818506,0.1414590747330961,0.11786476868327403,0.01701067615658363,0.06515124555160143,1.0,0.5524332740213523
100000003899325100,3,False,1,0,50120.0,0.0,1,0,False,0.0,0.0002950227425136813,0.0,0.00013948891407501753,7,0.0,0.0,8,0.0737855871886121,0.06217526690391458,0.16218861209964416,0.05526690391459074,0.05281138790035587,0.06515124555160143,1.0,0.471379003558719
100000003899899100,3,False,2,1,218500.0,10000.0,5,1,False,0.04576659038901602,0.0006499475509239591,1.0819421503297013e-116,3.368632401381272e-05,7,10000.0,1.0,16,0.15409697508896797,0.13716192170818506,0.1519572953736655,0.11327402135231317,0.14412811387900357,0.06515124555160143,1.0,0.7657695729537367
100000003900547100,1,False,1,0,23700.0,0.0,1,0,False,0.0,0.0002865687017700199,0.0,4.8584346785716463e-05,7,0.0,0.0,16,0.0737855871886121,0.06217526690391458,0.15373665480427048,0.05526690391459074,0.013594306049822065,0.06515124555160143,1.0,0.4237099644128114
100000003904497100,4,False,1,0,10000.0,0.0,1,0,True,0.0,0.0003393430645013789,0.0,2.0733038926167624e-91,9,0.0,0.0,4,0.0737855871886121,0.06217526690391458,0.019750889679715306,0.05526690391459074,0.09722419928825624,0.10908362989323844,0.75,0.31296485765124554
100000003917461100,3,False,1,2,10000.0,140000.0,1,5,False,14.0,0.0003967252062931591,8.812660836904018e-75,7.648180022097253e-96,9,10000.0,0.07142857142857142,7,0.0737855871886121,0.1554581850533808,0.016770462633451957,0.12825622775800713,0.11270462633451958,0.10908362989323844,1.0,0.5960587188612101
100000003920950100,3,False,1,0,323290.0,0.0,1,0,False,0.0,0.0003894198933934259,0.0,1.8299231995927174e-05,7,0.0,0.0,1,0.0737855871886121,0.06217526690391458,0.14697508896797154,0.05526690391459074,0.1108896797153025,0.06515124555160143,1.0,0.5142437722419929
100000003922499100,2,False,1,0,50000.0,0.0,1,0,False,0.0,0.0005320697880817329,0.0,2.6981962427953295e-92,1,0.0,0.0,7,0.0737855871886121,0.06217526690391458,0.01912811387900356,0.05526690391459074,0.1311032028469751,0.01766903914590747,1.0,0.35912811387900356
100000003923946100,1,False,1,4,282000.0,675000.0,3,4,False,2.393617021276596,0.00038718031940100515,1.5614064294474902e-05,1.9242163541128013e-07,2,202000.0,0.2992592592592593,41,0.0737855871886121,0.16814946619217083,0.10996441281138791,0.14946619217081852,0.11017793594306051,0.03368327402135231,1.0,0.6452268683274021
100000003927792100,2,False,1,0,13067.0,0.0,1,0,False,0.0,0.00028816234396890486,0.0,1.2296649068405587e-06,7,0.0,0.0,3,0.0737855871886121,0.06217526690391458,0.12437722419928827,0.05526690391459074,0.025693950177935944,0.06515124555160143,1.0,0.40645017793594307
100000003934614100,3,False,2,1,17000.0,11500.0,2,2,False,0.6764705882352942,0.00031171105535535414,3.552358121235545e-11,2.96242207264922e-07,7,10000.0,0.8695652173913043,62,0.15409697508896797,0.13716192170818506,0.11290035587188614,0.1393594306049822,0.07999999999999999,0.06515124555160143,1.0,0.6886699288256227
100000003942602100,1,False,1,1,30000.0,30000.0,1,1,False,1.0,0.0002902865244483282,1.3160000175625795e-34,2.713494055665543e-32,1,30000.0,1.0,22,0.0737855871886121,0.13716192170818506,0.07860320284697508,0.13779359430604982,0.036192170818505336,0.01766903914590747,1.0,0.48120551601423484
100000003943247100,3,False,1,0,40000.0,0.0,1,0,False,0.0,0.0002862743583816198,0.0,0.0004433672244125156,7,0.0,0.0,0,0.0737855871886121,0.06217526690391458,0.17669039145907475,0.05526690391459074,0.011743772241992884,0.06515124555160143,1.0,0.4448131672597865
100000003943483100,2,False,1,0,10000.0,0.0,1,0,False,0.0,0.00032714534328265777,0.0,4.684503058039099e-90,8,0.0,0.0,7,0.0737855871886121,0.06217526690391458,0.020907473309608543,0.05526690391459074,0.0914590747330961,0.10059608540925268,1.0,0.40419039145907476
100000003946524100,1,False,2,2,133757.0,144750.0,2,2,False,1.0821863528637754,0.0003242240605018514,3.1277749849435475e-77,0.0006976231269649533,10,0.0,0.0,2,0.15409697508896797,0.1554581850533808,0.1832740213523132,0.12740213523131674,0.09003558718861211,0.11530249110320284,1.0,0.8255693950177936
100000003950749100,4,False,1,0,7000.0,0.0,1,0,True,0.0,0.00038180137509345236,0.0,8.483408935713513e-12,7,0.0,0.0,16,0.0737855871886121,0.06217526690391458,0.08425266903914591,0.05526690391459074,0.10903914590747332,0.06515124555160143,0.75,0.3372531138790036
100000003951827100,3,False,1,2,9000.0,17000.0,1,2,False,1.8888888888888888,0.0002845406267138095,1.217301504574392e-06,0.00021030754035158378,7,0.0,0.0,0,0.0737855871886121,0.1554581850533808,0.16637010676156586,0.14498220640569398,0.0030604982206405697,0.06515124555160143,1.0,0.6088078291814947
100000003962994100,3,False,1,0,10000.0,0.0,1,0,False,0.0,0.0004782795651601141,0.0,3.65215637422407e-103,7,0.0,0.0,19,0.0737855871886121,0.06217526690391458,0.01209964412811388,0.05526690391459074,0.1220640569395018,0.06515124555160143,1.0,0.39054270462633456
100000003964910100,3,False,2,0,1000000.0,0.0,2,0,False,0.0,0.0005062073296796823,0.0,0.00022841003644473613,7,0.0,0.0,28,0.15409697508896797,0.06217526690391458,0.16779359430604984,0.05526690391459074,0.12498220640569396,0.06515124555160143,1.0,0.6294661921708187
100000003968044100,3,False,1,3,40000.0,311000.0,1,4,False,7.775,0.00029438661291692885,0.0002723552544480501,0.0002954256541199222,7,0.0,0.0,8,0.0737855871886121,0.16390569395017793,0.1709964412811388,0.15494661921708186,0.05117437722419929,0.06515124555160143,1.0,0.6799599644128114
100000003970394100,1,False,1,0,85000.0,0.0,1,0,False,0.0,0.0002980514470429152,0.0,3.410224157936402e-07,1,0.0,0.0,7,0.0737855871886121,0.06217526690391458,0.11379003558718864,0.05526690391459074,0.0599288256227758,0.01766903914590747,1.0,0.3826156583629893
100000003971049100,2,False,1,0,55900.0,0.0,7,0,False,0.0,0.0002926742040394548,0.0,5.355887656338013e-06,7,0.0,0.0,0,0.0737855871886121,0.06217526690391458,0.13861209964412813,0.05526690391459074,0.04569395017793594,0.06515124555160143,1.0,0.4406850533807829
100000003975102100,0,True,1,2,25650.0,88500.0,1,2,False,3.4502923976608186,0.00034348636164943506,1.102333672315855e-07,1.5699913798085005e-67,7,25650.0,0.28983050847457625,16,0.0737855871886121,0.1554581850533808,0.03879003558718861,0.1419217081850534,0.09864768683274022,0.06515124555160143,1.0,0.5737544483985766
100000003977183100,0,True,2,4,123800.0,766000.0,2,6,False,6.187399030694669,0.00032961019669733933,9.323308574307177e-06,3.5053307360846358e-06,1,82000.0,0.10704960835509138,41,0.15409697508896797,0.16814946619217083,0.13416370106761566,0.14889679715302492,0.09266903914590748,0.01766903914590747,1.0,0.7156450177935944
100000003980083100,1,False,1,0,30000.0,0.0,1,0,False,0.0,0.0005254689777410252,0.0,9.9802270376454e-100,1,0.0,0.0,61,0.0737855871886121,0.06217526690391458,0.014323843416370108,0.05526690391459074,0.12654804270462633,0.01766903914590747,1.0,0.34976868327402133
100000003985389100,4,False,1,0,422698.0,0.0,16,0,True,0.0,0.0004874633161940955,0.0,4.796078853320062e-58,7,0.0,0.0,8,0.0737855871886121,0.06217526690391458,0.04875444839857651,0.05526690391459074,0.12320284697508899,0.06515124555160143,0.75,0.3212522241992882
100000003986141100,3,False,1,0,5286.32,0.0,1,0,False,0.0,0.000285305261610571,0.0,2.6167071771841758e-05,7,0.0,0.0,28,0.0737855871886121,0.06217526690391458,0.14946619217081852,0.05526690391459074,0.00704626334519573,0.06515124555160143,1.0,0.4128914590747331
100000003988112100,2,False,1,1,92000.0,64000.0,2,5,False,0.6956521739130435,0.00050113935029894,0.00011644066737810268,1.1334731183030296e-06,7,44000.0,0.6875,49,0.0737855871886121,0.13716192170818506,0.12304270462633454,0.1532384341637011,0.12448398576512457,0.06515124555160143,1.0,0.6768638790035588
100000003989033100,4,False,1,0,373400.0,0.0,13,0,True,0.0,0.000595227503600159,0.0,8.353800891635802e-63,1,0.0,0.0,24,0.0737855871886121,0.06217526690391458,0.0449288256227758,0.05526690391459074,0.1409964412811388,0.01766903914590747,0.75,0.2961165480427046
100000003996562100,3,False,1,0,7700.0,0.0,1,0,False,0.0,0.00032798033559591934,0.0,1.4556188295356421e-07,7,0.0,0.0,0,0.0737855871886121,0.06217526690391458,0.10782918149466195,0.05526690391459074,0.09181494661921709,0.06515124555160143,1.0,0.4560231316725979
100000004004621100,1,False,3,0,75389.0,0.0,3,0,False,0.0,0.00029912523096236265,0.0,0.0031199354657350515,10,0.0,0.0,12,0.1683896797153025,0.06217526690391458,0.19190391459074735,0.05526690391459074,0.06270462633451956,0.11530249110320284,1.0,0.6557428825622775
100000004005964100,1,False,3,3,97900.0,72000.0,9,5,False,0.7354443309499489,0.0004020784322071014,2.4752755089473966e-41,2.077352232825009e-41,1,20000.0,0.2777777777777778,34,0.1683896797153025,0.16390569395017793,0.0550711743772242,0.13701067615658363,0.11352313167259787,0.01766903914590747,1.0,0.6555693950177937
100000004006327100,4,False,1,0,300000.0,0.0,3,0,True,0.0,0.0005519330413203561,0.0,3.1560249004554695e-66,8,0.0,0.0,4,0.0737855871886121,0.06217526690391458,0.041903914590747326,0.05526690391459074,0.13679715302491105,0.10059608540925268,0.75,0.3528936832740214
100000004007116100,0,True,3,4,764704.0,148000.0,24,6,False,0.19353893794200108,0.0006237322184114111,1.985432660479206e-41,8.279024836137505e-41,0,98000.0,0.6621621621621622,34,0.1683896797153025,0.16814946619217083,0.05596085409252669,0.13693950177935946,0.14277580071174378,0.001307829181494662,1.0,0.6735231316725979
100000004007197100,3,False,1,0,10048.0,0.0,1,0,False,0.0,0.00028614152709625706,0.0,8.670060173618705e-42,1,0.0,0.0,34,0.0737855871886121,0.06217526690391458,0.05462633451957295,0.05526690391459074,0.011316725978647689,0.01766903914590747,1.0,0.27483985765124547
100000004013952100,4,False,1,0,5500.0,0.0,1,0,True,0.0,0.0005299816775635,0.0,2.0783969001843115e-124,7,0.0,0.0,0,0.0737855871886121,0.06217526690391458,0.005293594306049823,0.05526690391459074,0.1301067615658363,0.06515124555160143,0.75,0.2938345195729537
100000004015047100,1,False,9,1,919104.0,69195.0,18,7,False,0.07528527783580531,0.0022569404517873578,8.479005320368255e-09,1.461917775003532e-05,11,44032.0,0.636346556832141,41,0.17919928825622777,0.13716192170818506,0.14608540925266905,0.140355871886121,0.15843416370106764,0.11901245551601423,1.0,0.8802491103202849
100000004017410100,3,False,2,5,193650.0,1330915.0,6,11,False,6.872785954040795,0.0011229065568151427,3.3404118321338165e-08,1.3318235109967874e-06,7,42650.0,0.03204562274825966,62,0.15409697508896797,0.17043149466192173,0.12526690391459078,0.1412099644128114,0.1532384341637011,0.06515124555160143,1.0,0.8093950177935944
100000004019056100,4,False,1,0,50000.0,0.0,1,0,True,0.0,0.000537692036772505,0.0,2.6981962427953295e-92,7,0.0,0.0,12,0.0737855871886121,0.06217526690391458,0.01912811387900356,0.05526690391459074,0.13338078291814948,0.06515124555160143,0.75,0.3066659252669039
100000004019124100,0,True,3,0,193000.0,0.0,3,0,False,0.0,0.0011947521865888471,0.0,1.5624179471796448e-09,11,0.0,0.0,16,0.1683896797153025,0.06217526690391458,0.08834519572953736,0.05526690391459074,0.15416370106761568,0.11901245551601423,1.0,0.6473532028469752
100000004021459100,0,True,0,0,0.0,0.0,0,0,False,,0.00028403728526186454,0.0,0.0,0,0.0,0.0,69,0.001641459074733096,0.06217526690391458,0.001823843416370107,0.05526690391459074,0.0014590747330960854,0.001307829181494662,0.0,0.0
100000004030553100,4,False,1,0,70000.0,0.0,1,0,True,0.0,0.0005276933198801053,0.0,2.120131157205043e-87,1,0.0,0.0,35,0.0737855871886121,0.06217526690391458,0.023220640569395018,0.05526690391459074,0.12811387900355872,0.01766903914590747,0.75,0.270173487544484
100000004035925100,4,False,1,0,1111588.0,0.0,2,0,True,0.0,0.00045972167450645705,0.0,2.4726684472102622e-42,7,0.0,0.0,70,0.0737855871886121,0.06217526690391458,0.05418149466192171,0.05526690391459074,0.11985765124555162,0.06515124555160143,0.75,0.3228136120996441
100000004041163100,0,True,1,2,50000.0,866000.0,1,6,False,17.32,0.0020671341255636398,2.5781344296263986e-07,2.6981962427953295e-92,14,48000.0,0.05542725173210162,49,0.0737855871886121,0.1554581850533808,0.01912811387900356,0.14291814946619216,0.15779359430604983,0.11986654804270463,1.0,0.668950177935943
100000004041294100,4,False,1,0,17800.0,0.0,2,0,True,0.0,0.0002992205203559115,0.0,2.8206395518510916e-10,7,0.0,0.0,13,0.0737855871886121,0.06217526690391458,0.08656583629893239,0.05526690391459074,0.06298932384341636,0.06515124555160143,0.75,0.3044506227758007
100000004047887100,4,False,1,0,30000.0,0.0,1,0,True,0.0,0.0002864657660649099,0.0,2.3032781700621058e-33,7,0.0,0.0,30,0.0737855871886121,0.06217526690391458,0.061832740213523134,0.05526690391459074,0.012597864768683274,0.06515124555160143,0.75,0.248107206405694
100000004049912100,4,False,1,0,10000.0,0.0,1,0,True,0.0,0.0003227657917357175,0.0,1.0091564017049926e-88,7,0.0,0.0,43,0.0737855871886121,0.06217526690391458,0.02224199288256228,0.05526690391459074,0.08946619217081851,0.06515124555160143,0.75,0.2760653914590747
100000004058740100,1,False,1,0,30000.0,0.0,1,0,False,0.0,0.0002902865244483282,0.0,2.713494055665543e-32,1,0.0,0.0,22,0.0737855871886121,0.06217526690391458,0.07860320284697508,0.05526690391459074,0.036192170818505336,0.01766903914590747,1.0,0.3236921708185053
100000004064431100,3,False,1,1,26000.0,10000.0,1,1,False,0.38461538461538464,0.00028948217854353307,1.0819421503297013e-116,1.3946620144403054e-41,1,10000.0,1.0,34,0.0737855871886121,0.13716192170818506,0.054804270462633455,0.11327402135231317,0.03238434163701068,0.01766903914590747,1.0,0.42907918149466195
100000004066370100,4,False,1,0,65000.0,0.0,2,0,True,0.0,0.0005855735223906306,0.0,2.2287225400232265e-79,1,0.0,0.0,26,0.0737855871886121,0.06217526690391458,0.03096085409252669,0.05526690391459074,0.1402846975088968,0.01766903914590747,0.75,0.28510676156583625
100000004066647100,3,False,1,0,51000.0,0.0,1,0,False,0.0,0.00029269716300606125,0.0,2.0972002951924487e-05,7,0.0,0.0,43,0.0737855871886121,0.06217526690391458,0.14768683274021352,0.05526690391459074,0.04590747330960854,0.06515124555160143,1.0,0.449973309608541
100000004070318100,1,False,4,19,207246.55,551860.0,6,37,False,2.662818753798314,0.00031237634987573326,0.0005859918854208367,0.002058068505773573,7,207246.55,0.3755418946834342,0,0.17435498220640572,0.17759786476868328,0.19065836298932387,0.15665480427046263,0.08078291814946621,0.06515124555160143,1.0,0.8452001779359433
100000004070530100,4,False,1,0,20000.0,0.0,1,0,True,0.0,0.0002856562724638948,0.0,1.880618750781179e-33,7,0.0,0.0,30,0.0737855871886121,0.06217526690391458,0.06165480427046263,0.05526690391459074,0.008398576512455517,0.06515124555160143,0.75,0.24482428825622776
100000004071070100,2,False,2,1,41000.0,6000.0,5,1,False,0.14634146341463414,0.0011824104711036655,0.00010358534338788455,2.467029594177639e-05,7,6000.0,1.0,0,0.15409697508896797,0.13716192170818506,0.14884341637010676,0.15309608540925268,0.15395017793594307,0.06515124555160143,1.0,0.8122998220640569
100000004071080100,1,False,9,2,238600.0,46500.0,16,5,False,0.19488683989941324,0.0013620872262804168,4.888057385757371e-06,0.0012811413021805455,7,40500.0,0.8709677419354839,0,0.17919928825622777,0.1554581850533808,0.18825622775800713,0.14754448398576514,0.15494661921708186,0.06515124555160143,1.0,0.8905560498220642
100000004071444100,3,False,1,1,247350.0,100000.0,1,1,False,0.40428542551041036,0.0003058059657142689,1.0819421503297088e-82,0.0019033181711144813,7,0.0,0.0,0,0.0737855871886121,0.13716192170818506,0.19030249110320285,0.12544483985765126,0.07266903914590747,0.06515124555160143,1.0,0.6645151245551602
100000004076740100,1,False,3,6,93250.0,125000.0,5,10,False,1.3404825737265416,0.0007363588852156644,3.797659012831818e-10,0.0004335825566721908,7,23000.0,0.184,62,0.1683896797153025,0.17211298932384342,0.17615658362989325,0.13971530249110323,0.14704626334519574,0.06515124555160143,1.0,0.8685720640569397
100000004077081100,3,False,1,4,140000.0,615000.0,1,6,False,4.392857142857143,0.00028853698441061974,0.0005455528326230598,0.006570478593517943,7,140000.0,0.22764227642276422,2,0.0737855871886121,0.16814946619217083,0.19501779359430607,0.15651245551601423,0.02768683274021352,0.06515124555160143,1.0,0.6863033807829182
100000004094958100,1,False,1,1,39000.0,40000.0,1,1,False,1.0256410256410255,0.00038924215684496246,2.090976759896089e-68,5.061668107855163e-69,1,39000.0,0.975,71,0.0737855871886121,0.13716192170818506,0.036209964412811387,0.13032028469750892,0.1108185053380783,0.01766903914590747,1.0,0.5059653024911033
100000004096559100,3,False,1,0,46200.0,0.0,1,0,False,0.0,0.0009694177335104798,0.0,1.9102251957163433e-93,1,0.0,0.0,1,0.0737855871886121,0.06217526690391458,0.018327402135231315,0.05526690391459074,0.15202846975088968,0.01766903914590747,1.0,0.3792526690391459
100000004097972100,3,False,1,2,118878.0,10000.0,1,2,False,0.0841198539679335,0.0003147949695863329,1.0819421503297041e-116,0.0005092944635881633,7,5000.0,0.5,0,0.0737855871886121,0.1554581850533808,0.17944839857651249,0.11384341637010677,0.08327402135231317,0.06515124555160143,1.0,0.6709608540925268
100000004099450100,3,False,1,0,31000.0,0.0,1,0,False,0.0,0.0002945612617572113,0.0,3.43648797542451e-05,7,0.0,0.0,0,0.0737855871886121,0.06217526690391458,0.15222419928825626,0.05526690391459074,0.051601423487544484,0.06515124555160143,1.0,0.46020462633451964
100000004105288100,1,False,2,0,215000.0,0.0,2,0,False,0.0,0.0004603070176592027,0.0,0.00017429689505269196,11,0.0,0.0,2,0.15409697508896797,0.06217526690391458,0.16414590747330962,0.05526690391459074,0.1199288256227758,0.11901245551601423,1.0,0.674626334519573
100000004107228100,4,False,1,0,5000.0,0.0,1,0,True,0.0,0.00028715464129628747,0.0,1.2407732285170483e-06,7,0.0,0.0,2,0.0737855871886121,0.06217526690391458,0.12446619217081852,0.05526690391459074,0.018291814946619217,0.06515124555160143,0.75,0.29935275800711747
100000004114962100,3,False,2,0,165000.0,0.0,2,0,False,0.0,0.0007067031303819226,0.0,0.006577149158835497,7,0.0,0.0,10,0.15409697508896797,0.06217526690391458,0.1951067615658363,0.05526690391459074,0.14597864768683275,0.06515124555160143,1.0,0.6777758007117438
100000004130144100,1,False,1,0,200000.0,0.0,1,0,False,0.0,0.00029543092174030936,0.0,6.3162463530211696e-06,1,0.0,0.0,1,0.0737855871886121,0.06217526690391458,0.13990213523131675,0.05526690391459074,0.05384341637010676,0.01766903914590747,1.0,0.40264234875444843
100000004134060100,2,False,1,0,88179.0,0.0,1,0,False,0.0,0.00032619556209239443,0.0,3.446734258885534e-09,8,0.0,0.0,35,0.0737855871886121,0.06217526690391458,0.08941281138790036,0.05526690391459074,0.0910320284697509,0.10059608540925268,1.0,0.4722686832740214
100000004135268100,1,False,2,3,1239000.0,1000200.0,3,4,False,0.8072639225181598,0.001740898855677497,4.179419417256795e-48,3.994988203244373e-42,1,850000.0,0.8498300339932013,58,0.15409697508896797,0.16390569395017793,0.054270462633451956,0.13558718861209965,0.15658362989323846,0.01766903914590747,1.0,0.6821129893238435
100000004140487100,3,False,1,10,24510.0,262600.0,1,19,False,10.713994288045695,0.0002878669874448729,0.0004335703028395682,5.12976331323198e-05,7,24510.0,0.09333587204874333,2,0.0737855871886121,0.17507562277580072,0.15435943060498222,0.15615658362989324,0.02370106761565836,0.06515124555160143,1.0,0.6482295373665481
100000004140994100,3,False,1,0,18650.0,0.0,1,0,False,0.0,0.000286926806663058,0.0,6.64545223982723e-33,1,0.0,0.0,22,0.0737855871886121,0.06217526690391458,0.06637010676156584,0.05526690391459074,0.016298932384341637,0.01766903914590747,1.0,0.2915658362989324
100000004144536100,1,False,4,0,168000.0,0.0,6,0,False,0.0,0.0009620032037598628,0.0,2.386756400375978e-41,1,0.0,0.0,34,0.17435498220640572,0.06217526690391458,0.055249110320284706,0.05526690391459074,0.1517437722419929,0.01766903914590747,1.0,0.516459074733096
100000004150593100,2,False,1,11,57000.0,871165.0,2,16,False,15.28359649122807,0.00030495539536175173,0.0018754577785524522,2.4314726173539275e-08,7,57000.0,0.0654296258458501,16,0.0737855871886121,0.17551601423487545,0.09661921708185053,0.15772241992882563,0.07160142348754449,0.06515124555160143,1.0,0.6403959074733097
100000004156082100,1,False,5,26,377366.11,2319556.0,7,29,False,6.146699288921308,0.0008614700411871329,0.00027678308426629756,3.861955019278474e-08,7,377366.11,0.1626889413318756,3,0.17655693950177936,0.1783585409252669,0.09999999999999999,0.15501779359430606,0.1500355871886121,0.06515124555160143,1.0,0.8251201067615659
100000004158362100,2,False,1,0,12000.0,0.0,1,0,False,0.0,0.0002898109212724868,0.0,2.4948331959693225e-06,7,0.0,0.0,0,0.0737855871886121,0.06217526690391458,0.13158362989323844,0.05526690391459074,0.03480427046263345,0.06515124555160143,1.0,0.4227669039145908
100000004159526100,1,False,4,4,275037.0,68000.0,4,6,False,0.24723946232688693,0.0008468745685551097,2.185279906168042e-88,7.53268075125549e-06,8,30000.0,0.4411764705882353,40,0.17435498220640572,0.16814946619217083,0.14172597864768685,0.12291814946619217,0.14960854092526693,0.10059608540925268,1.0,0.8573532028469752
100000004160650100,2,False,2,10,75100.0,1489827.0,4,40,False,19.83790945406125,0.0003670565168737113,1.5511833986643242e-40,8.350784336837564e-42,1,75100.0,0.05040853736709027,34,0.15409697508896797,0.17507562277580072,0.05444839857651246,0.13715302491103204,0.10612099644128115,0.01766903914590747,1.0,0.6445640569395018
100000004167082100,4,False,1,0,13300.0,0.0,1,0,True,0.0,0.00038272521062358513,0.0,1.461011506013452e-89,7,0.0,0.0,12,0.0737855871886121,0.06217526690391458,0.02179715302491103,0.05526690391459074,0.10925266903914592,0.06515124555160143,0.75,0.29057161921708186
100000004174835100,0,True,0,0,0.0,0.0,0,0,False,,0.00028403728526186454,0.0,0.0,0,0.0,0.0,72,0.001641459074733096,0.06217526690391458,0.001823843416370107,0.05526690391459074,0.0014590747330960854,0.001307829181494662,0.0,0.0
100000004177936100,4,False,1,0,10000.0,0.0,1,0,True,0.0,0.0003351308027168638,0.0,5.46881348458266e-07,7,0.0,0.0,8,0.0737855871886121,0.06217526690391458,0.11592526690391461,0.05526690391459074,0.09508896797153027,0.06515124555160143,0.75,0.35054492882562277
100000004180097100,1,False,3,3,104854.0,47800.0,5,7,False,0.4558719743643542,0.0008498068840500087,2.462996165344888e-08,0.000558483119944339,7,26000.0,0.5439330543933054,0,0.1683896797153025,0.16390569395017793,0.1809608540925267,0.14106761565836298,0.1496797153024911,0.06515124555160143,1.0,0.8691548042704628
100000004183610100,3,False,1,1,22000.0,915000.0,1,3,False,41.59090909090909,0.0003388282754332421,5.278630206424244e-50,7.768629867372214e-11,7,15000.0,0.01639344262295082,12,0.0737855871886121,0.13716192170818506,0.08549822064056939,0.13530249110320286,0.09701067615658364,0.06515124555160143,1.0,0.5939101423487545
100000004184158100,3,False,1,0,203805.0,0.0,1,0,False,0.0,0.0003019736746679784,0.0,0.0017276782016866943,7,0.0,0.0,0,0.0737855871886121,0.06217526690391458,0.19003558718861213,0.05526690391459074,0.06811387900355871,0.06515124555160143,1.0,0.5145284697508897
100000004185681100,3,False,1,0,10000.0,0.0,1,0,False,0.0,0.0005321238887551501,0.0,1.0365216744397587e-115,7,0.0,0.0,2,0.0737855871886121,0.06217526690391458,0.0074288256227758006,0.05526690391459074,0.13117437722419928,0.06515124555160143,1.0,0.3949822064056939
100000004186824100,1,False,2,1,451700.0,7000.0,7,1,False,0.015497011290679655,0.0003797561607404579,1.32875471768361e-05,0.0002088884041854929,7,0.0,0.0,16,0.15409697508896797,0.13716192170818506,0.1662811387900356,0.1491814946619217,0.10854092526690393,0.06515124555160143,1.0,0.7804137010676157
100000004188160100,1,False,2,5,87862.0,133846.0,5,6,False,1.5233661878855478,0.00029521821757544326,1.1696701644496622e-06,8.984702349840732e-05,7,41166.0,0.3075624224855431,16,0.15409697508896797,0.17043149466192173,0.1589857651245552,0.14491103202846975,0.053167259786476864,0.06515124555160143,1.0,0.746743772241993
100000004192107100,2,False,1,0,25000.0,0.0,1,0,False,0.0,0.00029767590614352194,0.0,3.0180487249083573e-59,8,0.0,0.0,2,0.0737855871886121,0.06217526690391458,0.047508896797153026,0.05526690391459074,0.05850533807829181,0.10059608540925268,1.0,0.39783807829181494
100000004192865100,2,False,1,0,66666.0,0.0,1,0,False,0.0,0.0005524052982652338,0.0,4.134049954565214e-88,1,0.0,0.0,27,0.0737855871886121,0.06217526690391458,0.022864768683274025,0.05526690391459074,0.13693950177935946,0.01766903914590747,1.0,0.36870106761565835
100000004193835100,0,True,1,1,47000.0,5000.0,1,1,False,0.10638297872340426,0.00046713270383953677,4.347354507821501e-08,1.6931701313279963e-12,7,5000.0,1.0,16,0.0737855871886121,0.13716192170818506,0.08371886120996441,0.1414946619217082,0.1208540925266904,0.06515124555160143,1.0,0.6221663701067617
100000004200745100,4,False,1,0,130000.0,0.0,4,0,True,0.0,0.000597166823095556,0.0,1.7737146330634154e-74,9,0.0,0.0,7,0.0737855871886121,0.06217526690391458,0.03318505338078292,0.05526690391459074,0.1412099644128114,0.10908362989323844,0.75,0.3560298042704626
100000004206046100,1,False,1,0,11075.0,0.0,1,0,False,0.0,0.0002852202151280173,0.0,3.321192606763137e-05,7,0.0,0.0,16,0.0737855871886121,0.06217526690391458,0.1516014234875445,0.05526690391459074,0.006476868327402136,0.06515124555160143,1.0,0.4144572953736655
100000004209339100,2,False,1,2,138500.0,238500.0,6,11,False,1.7220216606498195,0.0008126845219289791,8.79368446232929e-05,1.2999990457168877e-68,8,43000.0,0.18029350104821804,53,0.0737855871886121,0.1554581850533808,0.03665480427046263,0.15245551601423488,0.14896797153024913,0.10059608540925268,1.0,0.6679181494661922
100000004213658100,1,False,1,0,25347.0,0.0,1,0,False,0.0,0.0002893172674505077,0.0,2.494201462725641e-32,1,0.0,0.0,22,0.0737855871886121,0.06217526690391458,0.07758007117437722,0.05526690391459074,0.031672597864768684,0.01766903914590747,1.0,0.3181494661921707
100000004217419100,3,False,2,1,118200.0,7700.0,3,1,False,0.06514382402707276,0.0005805438539910536,1.4958522404206389e-120,0.00027650461468088194,7,7700.0,1.0,8,0.15409697508896797,0.13716192170818506,0.17010676156583632,0.11245551601423488,0.1399288256227758,0.06515124555160143,1.0,0.7789012455516016
100000004218576100,1,False,1,0,26144.0,0.0,1,0,False,0.0,0.00028948328890489474,0.0,2.5331112552354614e-32,1,0.0,0.0,22,0.0737855871886121,0.06217526690391458,0.07798042704626335,0.05526690391459074,0.032491103202846976,0.01766903914590747,1.0,0.31936832740213517
100000004221668100,2,False,4,3,1128300.0,731440.0,8,10,False,0.6482673047948241,0.003220895968394369,3.749635140655337e-53,1.2196377316771972e-06,1,697600.0,0.9537350978890955,41,0.17435498220640572,0.16390569395017793,0.12419928825622778,0.13501779359430605,0.159644128113879,0.01766903914590747,1.0,0.774790925266904
100000004222274100,4,False,1,0,15500.0,0.0,1,0,True,0.0,0.000542148880914764,0.0,2.464281272819017e-109,7,0.0,0.0,0,0.0737855871886121,0.06217526690391458,0.0099644128113879,0.05526690391459074,0.13409252669039146,0.06515124555160143,0.75,0.3003269572953737
100000004225615100,2,False,1,0,90000.0,0.0,2,0,False,0.0,0.0002924496730671482,0.0,1.1990377959643908e-07,1,0.0,0.0,4,0.0737855871886121,0.06217526690391458,0.10676156583629895,0.05526690391459074,0.04512455516014235,0.01766903914590747,1.0,0.36078291814946617
100000004226848100,1,False,1,0,301866.0,0.0,1,0,False,0.0,0.0003439926886989201,0.0,0.0011354866855777745,10,0.0,0.0,2,0.0737855871886121,0.06217526690391458,0.18754448398576515,0.05526690391459074,0.09893238434163702,0.11530249110320284,1.0,0.5930071174377225
100000004232712100,4,False,1,0,12500.0,0.0,1,0,True,0.0,0.0005261519677904173,0.0,1.8283688926443262e-112,7,0.0,0.0,10,0.0737855871886121,0.06217526690391458,0.008585409252669039,0.05526690391459074,0.12690391459074735,0.06515124555160143,0.75,0.29390124555160146
100000004235471100,4,False,1,0,180000.0,0.0,1,0,True,0.0,0.00034666205235558723,0.0,8.613646067193038e-54,7,0.0,0.0,10,0.0737855871886121,0.06217526690391458,0.0501779359430605,0.05526690391459074,0.09985765124555161,0.06515124555160143,0.75,0.3048109430604983
100000004241142100,4,False,1,0,27102.0,0.0,1,0,True,0.0,0.0005270025472914984,0.0,3.319887060098037e-101,7,0.0,0.0,0,0.0737855871886121,0.06217526690391458,0.013434163701067618,0.05526690391459074,0.12754448398576515,0.06515124555160143,0.75,0.29801823843416375
100000004254434100,1,False,1,0,44445.0,0.0,2,0,False,0.0,0.0002932955331166105,0.0,3.302780428726819e-32,1,0.0,0.0,22,0.0737855871886121,0.06217526690391458,0.08087188612099644,0.05526690391459074,0.04797153024911032,0.01766903914590747,1.0,0.3377402135231316
100000004257714100,3,False,1,0,52220.0,0.0,1,0,False,0.0,0.00029212794518520613,0.0,1.1119968494609562e-32,1,0.0,0.0,22,0.0737855871886121,0.06217526690391458,0.07153024911032028,0.05526690391459074,0.04419928825622776,0.01766903914590747,1.0,0.3246263345195729
100000004260869100,4,False,1,0,10000.0,0.0,1,0,True,0.0,0.0008364927035643169,0.0,1.0365216744397587e-115,7,0.0,0.0,16,0.0737855871886121,0.06217526690391458,0.0074288256227758006,0.05526690391459074,0.14946619217081852,0.06515124555160143,0.75,0.3099555160142349
100000004261340100,4,False,1,0,48500.0,0.0,4,0,True,0.0,0.0003454364252027162,0.0,1.8392091596469214e-06,7,0.0,0.0,0,0.0737855871886121,0.06217526690391458,0.12838078291814947,0.05526690391459074,0.09950177935943062,0.06515124555160143,0.75,0.36319617437722423
100000004263867100,4,False,1,0,9000.0,0.0,1,0,True,0.0,0.00028882187244361413,0.0,1.152555082659381e-08,1,0.0,0.0,47,0.0737855871886121,0.06217526690391458,0.09266014234875446,0.05526690391459074,0.02893238434163701,0.01766903914590747,0.75,0.24786699288256225
100000004265639100,4,False,1,0,10000.0,0.0,1,0,True,0.0,0.0005489750909007276,0.0,1.0365216744397587e-115,7,0.0,0.0,8,0.0737855871886121,0.06217526690391458,0.0074288256227758006,0.05526690391459074,0.13622775800711745,0.06515124555160143,0.75,0.30002669039145907
100000004268036100,4,False,1,0,5500.0,0.0,1,0,True,0.0,0.0002869611996507115,0.0,9.009937539616928e-09,1,0.0,0.0,47,0.0737855871886121,0.06217526690391458,0.09137010676156584,0.05526690391459074,0.016725978647686834,0.01766903914590747,0.75,0.23774466192170815
100000004269433100,0,True,0,1,0.0,1372000.0,0,67,False,,0.00028403728526186454,5.06108728080028e-44,0.0,0,0.0,0.0,3,0.001641459074733096,0.13716192170818506,0.001823843416370107,0.13629893238434165,0.0014590747330960854,0.001307829181494662,1.0,0.2796930604982206
100000004272302100,4,False,1,0,10000.0,0.0,1,0,True,0.0,0.00028618788069780714,0.0,7.172767386804256e-38,7,0.0,0.0,57,0.0737855871886121,0.06217526690391458,0.05640569395017794,0.05526690391459074,0.011387900355871887,0.06515124555160143,0.75,0.24312944839857653
100000004278574100,3,False,1,1,25000.0,12500.0,1,1,False,0.5,0.0002848408029669994,2.1337546602646373e-113,0.002776533969457165,7,0.0,0.0,10,0.0737855871886121,0.13716192170818506,0.1912366548042705,0.11434163701067616,0.0047330960854092535,0.06515124555160143,1.0,0.5864101423487545
100000004285800100,2,False,1,1,5000.0,15000.0,1,1,False,3.0,0.00034229299106945985,2.5900703484933105e-98,6.25803036850032e-98,10,0.0,0.0,0,0.0737855871886121,0.13716192170818506,0.01494661921708185,0.11900355871886122,0.09793594306049823,0.11530249110320284,1.0,0.5581361209964413
100000004286573100,1,False,1,0,16590.0,0.0,1,0,False,0.0,0.00028677251989654256,0.0,1.5065954682244133e-07,1,0.0,0.0,7,0.0737855871886121,0.06217526690391458,0.10791814946619219,0.05526690391459074,0.015444839857651245,0.01766903914590747,1.0,0.3322597864768683
100000004291560100,3,False,1,0,47190.0,0.0,1,0,False,0.0,0.0002866764722748958,0.0,0.0004815690617993681,7,0.0,0.0,0,0.0737855871886121,0.06217526690391458,0.17864768683274024,0.05526690391459074,0.014021352313167259,0.06515124555160143,1.0,0.4490480427046264
100000004291663100,4,False,1,0,25000.0,0.0,1,0,True,0.0,0.0003094711515324329,0.0,1.7109485082766511e-06,7,0.0,0.0,0,0.0737855871886121,0.06217526690391458,0.1276690391459075,0.05526690391459074,0.07686832740213523,0.06515124555160143,0.75,0.3456872775800712
100000004292885100,3,False,1,0,112700.0,0.0,1,0,False,0.0,0.0003014983609677358,0.0,1.633605101846824e-32,1,0.0,0.0,22,0.0737855871886121,0.06217526690391458,0.07250889679715303,0.05526690391459074,0.06704626334519573,0.01766903914590747,1.0,0.3484519572953736
100000004299488100,1,False,6,2,1749000.0,344999.0,22,14,False,0.19725500285877645,0.0014480635644761556,0.0083795602612642,0.014444332459926839,7,322000.0,0.9333360386551846,0,0.17771797153024912,0.1554581850533808,0.19911032028469755,0.15879003558718863,0.15565836298932387,0.06515124555160143,1.0,0.9118861209964415
100000004315838100,1,False,2,1,50000.0,18000.0,2,1,False,0.36,0.00028980620180597556,5.169746095617842e-108,0.003103306055449989,10,0.0,0.0,2,0.15409697508896797,0.13716192170818506,0.1918149466192171,0.11562277580071176,0.03466192170818505,0.11530249110320284,1.0,0.7486610320284697
100000004318918100,1,False,1,0,75600.0,0.0,1,0,False,0.0,0.00029543950626752827,0.0,0.0003007505508299644,8,0.0,0.0,11,0.0737855871886121,0.06217526690391458,0.17108540925266905,0.05526690391459074,0.05395017793594306,0.10059608540925268,1.0,0.5168594306049822
100000004321983100,3,False,1,2,10840.0,36200.0,1,3,False,3.339483394833948,0.00032461113338057925,3.498375553569726e-54,5.07095163984484e-54,1,0.0,0.0,41,0.0737855871886121,0.1554581850533808,0.05,0.13480427046263346,0.0902491103202847,0.01766903914590747,1.0,0.5219661921708185
100000004325327100,1,False,2,1,70817.0,70000.0,3,1,False,0.988463222107686,0.0002941816197515688,5.855141578500023e-88,0.0007771432696223133,7,47472.0,0.6781714285714285,0,0.15409697508896797,0.13716192170818506,0.18505338078291816,0.12306049822064058,0.05060498220640569,0.06515124555160143,1.0,0.7151290035587188
100000004326224100,4,False,1,0,60000.0,0.0,1,0,True,0.0,0.0005316970274034222,0.0,1.2123981801281476e-89,7,0.0,0.0,10,0.0737855871886121,0.06217526690391458,0.021530249110320285,0.05526690391459074,0.1310320284697509,0.06515124555160143,0.75,0.3067059608540925
100000004330371100,1,False,2,2,264171.0,90681.0,12,6,False,0.3432662934235779,0.0012497220098754442,2.7432621442975222e-08,9.879420567902674e-05,7,58900.0,0.6495296699418842,16,0.15409697508896797,0.1554581850533808,0.15978647686832742,0.1411387900355872,0.15444839857651246,0.06515124555160143,1.0,0.8300800711743773
100000004331458100,2,False,2,0,250000.0,0.0,2,0,False,0.0,0.001313648543891456,0.0,1.0015982516817829e-67,1,0.0,0.0,71,0.15409697508896797,0.06217526690391458,0.03798932384341637,0.05526690391459074,0.15473309608540928,0.01766903914590747,1.0,0.4819306049822064
100000004336228100,3,False,1,0,51407.0,0.0,2,0,False,0.0,0.00029441408868955413,0.0,0.00022130690834275626,7,0.0,0.0,8,0.0737855871886121,0.06217526690391458,0.1671708185053381,0.05526690391459074,0.05124555160142348,0.06515124555160143,1.0,0.4747953736654804
100000004336312100,2,False,3,2,90415.0,72650.0,7,3,False,0.8035171155228668,0.0006913875990326402,3.193175309320723e-07,3.1735267904088464e-10,7,26000.0,0.35788024776324845,62,0.1683896797153025,0.1554581850533808,0.08683274021352314,0.1434163701067616,0.14562277580071176,0.06515124555160143,1.0,0.7648709964412812
100000004340038100,3,False,1,1,9978.0,49000.0,1,1,False,4.910803768290238,0.00028770339832218583,3.1686243939966826e-93,9.455739326632804e-06,7,0.0,0.0,12,0.0737855871886121,0.13716192170818506,0.14306049822064057,0.1208540925266904,0.02256227758007117,0.06515124555160143,1.0,0.5625756227758008
100000004350094100,4,False,1,0,20000.0,0.0,1,0,True,0.0,0.0008858571133175857,0.0,2.797600518668566e-09,7,0.0,0.0,43,0.0737855871886121,0.06217526690391458,0.08923487544483986,0.05526690391459074,0.15103202846975092,0.06515124555160143,0.75,0.37248443060498226
100000004351795100,1,False,3,14,118333.0,1715161.0,3,37,False,14.494359139039828,0.00031176904655526376,0.0005828627028853915,0.0006809433242825957,7,118333.0,0.06899235698572903,0,0.1683896797153025,0.17639679715302492,0.18300711743772244,0.15658362989323846,0.08014234875444841,0.06515124555160143,1.0,0.8296708185053382
100000004356593100,2,False,1,1,50000.0,10000.0,1,1,False,0.2,0.0002918665923370435,1.0819421503297013e-116,2.7955051321167526e-05,7,0.0,0.0,2,0.0737855871886121,0.13716192170818506,0.15026690391459077,0.11327402135231317,0.04291814946619217,0.06515124555160143,1.0,0.5825578291814947
100000004358004100,0,True,0,11,0.0,980850.0,0,17,False,,0.00028403728526186454,0.0017157569140229222,0.0,0,0.0,0.0,2,0.001641459074733096,0.17551601423487545,0.001823843416370107,0.15765124555160145,0.0014590747330960854,0.001307829181494662,1.0,0.3393994661921708
100000004360785100,1,False,1,0,94705.0,0.0,1,0,False,0.0,0.0002941528042662887,0.0,9.711999452251984e-05,7,0.0,0.0,16,0.0737855871886121,0.06217526690391458,0.1596085409252669,0.05526690391459074,0.050533807829181494,0.06515124555160143,1.0,0.46652135231316727
100000004368189100,3,False,1,2,384600.0,28200.0,1,2,False,0.07332293291731669,0.0003022253431788987,2.201272069969493e-101,4.9368292449485e-07,2,21700.0,0.7695035460992907,24,0.0737855871886121,0.1554581850533808,0.11548042704626336,0.11800711743772244,0.06846975088967971,0.03368327402135231,1.0,0.5648843416370107
100000004377043100,4,False,1,0,5700.0,0.0,1,0,True,0.0,0.00036139778714169683,0.0,1.6058603714688725e-68,7,0.0,0.0,15,0.0737855871886121,0.06217526690391458,0.03674377224199288,0.05526690391459074,0.10434163701067617,0.06515124555160143,0.75,0.2980983096085409
100000004379306100,4,False,1,0,15000.0,0.0,1,0,True,0.0,0.0005289005271074051,0.0,8.21552963007756e-110,7,0.0,0.0,8,0.0737855871886121,0.06217526690391458,0.00965302491103203,0.05526690391459074,0.12939501779359433,0.06515124555160143,0.75,0.2965702846975089
100000004386258100,2,False,3,3,61700.0,40000.0,3,3,False,0.6482982171799028,0.000530296098954099,3.1933295919505606e-96,2.0474818430044793e-74,9,30000.0,0.75,7,0.1683896797153025,0.16390569395017793,0.033274021352313166,0.12,0.1302491103202847,0.10908362989323844,1.0,0.7249021352313167
100000004386286100,4,False,1,0,12500.0,0.0,1,0,True,0.0,0.0005933238268615497,0.0,1.0172624194867952e-75,9,0.0,0.0,7,0.0737855871886121,0.06217526690391458,0.03256227758007117,0.05526690391459074,0.1407829181494662,0.10908362989323844,0.75,0.3552424377224199
100000004386331100,3,False,1,2,20000.0,17500.0,1,2,False,0.875,0.0005094131273244537,1.6299477169156521e-75,1.0816159914720893e-95,9,0.0,0.0,7,0.0737855871886121,0.1554581850533808,0.016903914590747332,0.12768683274021353,0.12512455516014234,0.10908362989323844,1.0,0.6080427046263346
100000004388209100,1,False,1,0,11800.0,0.0,1,0,False,0.0,0.0002864953193418736,0.0,1.7018028664092325e-32,1,0.0,0.0,22,0.0737855871886121,0.06217526690391458,0.07259786476868328,0.05526690391459074,0.012882562277580072,0.01766903914590747,1.0,0.2943772241992882
100000004388353100,1,False,2,0,62960.0,0.0,2,0,False,0.0,0.00033884516830901733,0.0,0.00020624827182584633,8,0.0,0.0,11,0.15409697508896797,0.06217526690391458,0.16601423487544487,0.05526690391459074,0.09708185053380783,0.10059608540925268,1.0,0.6352313167259787
100000004388983100,0,True,0,2,0.0,450816.0,0,23,False,,0.00028403728526186454,1.8628632015709957e-60,0.0,0,0.0,0.0,73,0.001641459074733096,0.1554581850533808,0.001823843416370107,0.13359430604982206,0.0014590747330960854,0.001307829181494662,1.0,0.2952846975088968
100000004390333100,1,False,2,9,64558.0,506500.0,2,14,False,7.845658167849066,0.0002936073940422757,0.0006048891584726831,0.0007344245725060366,7,64558.0,0.12745903257650543,0,0.15409697508896797,0.17463523131672598,0.18389679715302493,0.15686832740213524,0.048825622775800714,0.06515124555160143,1.0,0.7834741992882562
100000004394765100,1,False,3,2,603844.0,82500.0,10,2,False,0.13662469114539516,0.0003781069344728831,2.0095202211275612e-10,0.0002392805954792507,7,35500.0,0.4303030303030303,16,0.1683896797153025,0.1554581850533808,0.16868327402135233,0.13957295373665482,0.10839857651245552,0.06515124555160143,1.0,0.8056539145907474
100000004398811100,2,False,1,3,426000.0,1040672.0,1,4,False,2.4428920187793426,0.0003476780586404455,0.0002592319610279892,0.0003069437737814867,1,411000.0,0.39493711755481076,2,0.0737855871886121,0.16390569395017793,0.1715302491103203,0.15473309608540928,0.10021352313167262,0.01766903914590747,1.0,0.6818371886120997
100000004399686100,3,False,1,0,806000.0,0.0,2,0,False,0.0,0.0005664445142349726,0.0,1.2609209179602354e-32,1,0.0,0.0,21,0.0737855871886121,0.06217526690391458,0.07188612099644129,0.05526690391459074,0.13864768683274023,0.01766903914590747,1.0,0.4194306049822064
100000004400305100,2,False,7,82,222800.0,5830181.0,9,101,False,26.167778276481148,0.00038360415288325397,0.0570393148880483,0.00016620564640937364,7,222800.0,0.03821493706627633,0,0.17839857651245553,0.1796797153024911,0.16361209964412815,0.15978647686832742,0.10939501779359433,0.06515124555160143,1.0,0.8560231316725979
100000004400361100,2,False,1,0,10000.0,0.0,1,0,False,0.0,0.00028568230739146633,0.0,1.6204964762670516e-06,7,0.0,0.0,16,0.0737855871886121,0.06217526690391458,0.127135231316726,0.05526690391459074,0.008754448398576514,0.06515124555160143,1.0,0.3922686832740214
100000004400480100,4,False,1,0,21700.0,0.0,1,0,True,0.0,0.00048171623756999675,0.0,1.1016124345350828e-100,2,0.0,0.0,24,0.0737855871886121,0.06217526690391458,0.013612099644128114,0.05526690391459074,0.12220640569395018,0.03368327402135231,0.75,0.270547153024911
100000004403548100,4,False,1,0,5000.0,0.0,1,0,True,0.0,0.00036579282541971737,0.0,4.74323824346062e-110,7,0.0,0.0,8,0.0737855871886121,0.06217526690391458,0.009252669039145909,0.05526690391459074,0.10597864768683275,0.06515124555160143,0.75,0.2787077402135232
100000004403641100,4,False,1,0,171500.0,0.0,1,0,True,0.0,0.0002989199405252325,0.0,2.3063413993933225e-07,8,0.0,0.0,24,0.0737855871886121,0.06217526690391458,0.11112099644128115,0.05526690391459074,0.06199288256227758,0.10059608540925268,0.75,0.34870329181494664
100000004403675100,1,False,4,5,182980.0,264699.0,8,6,False,1.4466007213903158,0.0007348682801943385,9.615193357603008e-05,0.00044094969495900196,7,74693.0,0.28218089225875426,49,0.17435498220640572,0.17043149466192173,0.17660142348754448,0.1528825622775801,0.14697508896797154,0.06515124555160143,1.0,0.886396797153025
100000004407753100,3,False,1,1,250000.0,100000.0,4,1,False,0.4,0.000871342898942296,4.39529595954498e-13,3.30117287618799e-61,7,100000.0,1.0,15,0.0737855871886121,0.13716192170818506,0.04608540925266904,0.13893238434163702,0.1503202846975089,0.06515124555160143,1.0,0.6114368327402135
100000004408683100,1,False,2,0,112919.68,0.0,3,0,False,0.0,0.00038307056504801343,0.0,9.04386195997816e-05,7,0.0,0.0,16,0.15409697508896797,0.06217526690391458,0.15916370106761568,0.05526690391459074,0.10932384341637011,0.06515124555160143,1.0,0.6051779359430606
100000004410489100,2,False,1,0,54000.0,0.0,1,0,False,0.0,0.00031249624501385024,0.0,1.195769186147678e-05,7,0.0,0.0,2,0.0737855871886121,0.06217526690391458,0.14475088967971533,0.05526690391459074,0.081067615658363,0.06515124555160143,1.0,0.48219750889679713
100000004417753100,3,False,2,0,192099.0,0.0,2,0,False,0.0,0.00039087333843225804,0.0,1.3548446127676007e-05,7,0.0,0.0,2,0.15409697508896797,0.06217526690391458,0.14555160142348755,0.05526690391459074,0.1113167259786477,0.06515124555160143,1.0,0.59355871886121
100000004418967100,4,False,1,0,100000.0,0.0,1,0,True,0.0,0.0004509241155959075,0.0,7.739094213060875e-76,8,0.0,0.0,4,0.0737855871886121,0.06217526690391458,0.032473309608540925,0.05526690391459074,0.11943060498220641,0.10059608540925268,0.75,0.33279581850533807
100000004420041100,3,False,1,7,69638.0,651830.0,1,11,False,9.360263074758034,0.00029809412260108775,9.016665070441418e-05,0.0002575769438055225,7,0.0,0.0,7,0.0737855871886121,0.17327402135231318,0.16939501779359434,0.15259786476868328,0.060213523131672594,0.06515124555160143,1.0,0.694417259786477
100000004424023100,2,False,1,1,50000.0,100000.0,1,1,False,2.0,0.000965042057093134,1.0819421503297088e-82,2.6981962427953295e-92,9,0.0,0.0,24,0.0737855871886121,0.13716192170818506,0.01912811387900356,0.12544483985765126,0.1518149466192171,0.10908362989323844,1.0,0.6164190391459075
100000004433250100,4,False,1,0,8000.0,0.0,1,0,True,0.0,0.0003049009524833942,0.0,8.45396963745863e-84,7,0.0,0.0,0,0.0737855871886121,0.06217526690391458,0.02669039145907473,0.05526690391459074,0.07153024911032028,0.06515124555160143,0.75,0.2659497330960854
100000004435304100,2,False,1,0,26200.0,0.0,1,0,False,0.0,0.0002928686018913611,0.0,3.880987717403583e-34,1,0.0,0.0,22,0.0737855871886121,0.06217526690391458,0.0599644128113879,0.05526690391459074,0.046548042704626334,0.01766903914590747,1.0,0.3154092526690391
100000004441291100,2,False,1,0,20000.0,0.0,1,0,False,0.0,0.0005455337010302966,0.0,1.2591667374038265e-105,10,0.0,0.0,2,0.0737855871886121,0.06217526690391458,0.010854092526690392,0.05526690391459074,0.13530249110320286,0.11530249110320284,1.0,0.45268683274021354
100000004445291100,3,False,1,0,19500.0,0.0,2,0,False,0.0,0.0003174472626429237,0.0,2.9424787286334107e-08,7,0.0,0.0,13,0.0737855871886121,0.06217526690391458,0.09822064056939502,0.05526690391459074,0.08569395017793595,0.06515124555160143,1.0,0.44029359430604975
100000004449824100,4,False,1,0,9000.0,0.0,1,0,True,0.0,0.00028882187244361413,0.0,1.152555082659381e-08,1,0.0,0.0,47,0.0737855871886121,0.06217526690391458,0.09266014234875446,0.05526690391459074,0.02893238434163701,0.01766903914590747,0.75,0.24786699288256225
100000004450649100,3,False,2,2,192528.0,46527.0,2,2,False,0.24166355023684866,0.00029732278789238863,0.00019964674016541208,0.006614287737613141,7,5227.0,0.11234337051604444,10,0.15409697508896797,0.1554581850533808,0.19537366548042706,0.15423487544483988,0.05758007117437722,0.06515124555160143,1.0,0.7818950177935944
100000004451012100,3,False,1,3,91245.0,65740.0,1,3,False,0.7204778344018851,0.0002995308253553789,6.924905189171522e-89,2.805171125241353e-05,7,0.0,0.0,43,0.0737855871886121,0.16390569395017793,0.150355871886121,0.12263345195729539,0.06362989323843415,0.06515124555160143,1.0,0.639461743772242
100000004456564100,2,False,1,0,10000.0,0.0,2,0,False,0.0,0.00038989660633548587,0.0,3.0787364060337e-88,8,0.0,0.0,40,0.0737855871886121,0.06217526690391458,0.0226423487544484,0.05526690391459074,0.111067615658363,0.10059608540925268,1.0,0.4255338078291815
100000004463277100,2,False,1,0,35000.0,0.0,1,0,False,0.0,0.0006870869008862763,0.0,1.7452509122255228e-97,1,0.0,0.0,27,0.0737855871886121,0.06217526690391458,0.015435943060498223,0.05526690391459074,0.14548042704626335,0.01766903914590747,1.0,0.3698131672597864
100000004467157100,2,False,1,1,20000.0,7000.0,3,1,False,0.35,0.0003841820936545812,3.786574225021575e-05,2.087325862458368e-12,7,0.0,0.0,62,0.0737855871886121,0.13716192170818506,0.08389679715302491,0.1511032028469751,0.1095373665480427,0.06515124555160143,1.0,0.6206361209964413
100000004472936100,4,False,1,0,5000.0,0.0,1,0,True,0.0,0.0005287481979319021,0.0,8.532445701341959e-126,7,0.0,0.0,12,0.0737855871886121,0.06217526690391458,0.004314946619217082,0.05526690391459074,0.12918149466192172,0.06515124555160143,0.75,0.29240658362989325
100000004475818100,3,False,1,3,13000.0,53989.0,1,3,False,4.153,0.00030810688026053877,5.861613647560711e-06,1.026146473235611e-05,7,13000.0,0.24078979051288224,10,0.0737855871886121,0.16390569395017793,0.14368327402135234,0.14804270462633454,0.07544483985765124,0.06515124555160143,1.0,0.6700133451957296
100000004479404100,2,False,2,1,1492000.0,300000.0,8,2,False,0.20107238605898123,0.000859738078598596,1.8043745829576477e-66,2.6595976123471414e-06,7,0.0,0.0,50,0.15409697508896797,0.13716192170818506,0.1322064056939502,0.1316725978647687,0.14996441281138792,0.06515124555160143,1.0,0.7702535587188613
100000004480280100,1,False,1,2,146694.0,295850.0,1,7,False,2.0167832358515003,0.0003131730539532555,1.4398572617424962e-11,0.0007915550457227998,10,71000.0,0.23998647963495015,2,0.0737855871886121,0.1554581850533808,0.1853202846975089,0.13928825622775803,0.08213523131672598,0.11530249110320284,1.0,0.7512900355871888
100000004486525100,2,False,8,2,360924.0,271045.0,21,3,False,0.7509752745730403,0.0008008088341063649,4.540391139474509e-05,2.6275369689352456e-05,7,109790.0,0.4050618900920511,0,0.17879893238434164,0.1554581850533808,0.14964412811387903,0.1515302491103203,0.14839857651245553,0.06515124555160143,1.0,0.8489813167259788
100000004488265100,3,False,1,0,38740.0,0.0,1,0,False,0.0,0.00029185718070000907,0.0,0.00019211605022177936,7,0.0,0.0,8,0.0737855871886121,0.06217526690391458,0.16494661921708187,0.05526690391459074,0.042846975088967974,0.06515124555160143,1.0,0.4641725978647687
100000004491749100,3,False,1,0,50000.0,0.0,1,0,False,0.0,0.00034883523305305914,0.0,3.6638039079838734e-73,1,0.0,0.0,41,0.0737855871886121,0.06217526690391458,0.034341637010676156,0.05526690391459074,0.10042704626334521,0.01766903914590747,1.0,0.34366548042704625
100000004491881100,1,False,1,0,17144.0,0.0,1,0,False,0.0,0.0002876085171489556,0.0,2.051277074010457e-32,1,0.0,0.0,22,0.0737855871886121,0.06217526690391458,0.07477758007117438,0.05526690391459074,0.021530249110320282,0.01766903914590747,1.0,0.3052046263345195
100000004493586100,3,False,1,0,7500.0,0.0,1,0,False,0.0,0.00028708515670473965,0.0,3.017067231800083e-05,7,0.0,0.0,0,0.0737855871886121,0.06217526690391458,0.15106761565836302,0.05526690391459074,0.017651245551601424,0.06515124555160143,1.0,0.4250978647686833
100000004494983100,1,False,1,0,35000.0,0.0,1,0,False,0.0,0.0002913280643127388,0.0,2.9309085602399145e-32,1,0.0,0.0,22,0.0737855871886121,0.06217526690391458,0.07935943060498221,0.05526690391459074,0.040569395017793594,0.01766903914590747,1.0,0.3288256227758007
100000004497606100,1,False,1,0,15534.0,0.0,1,0,False,0.0,0.0002872731413126154,0.0,1.9525847702188176e-32,1,0.0,0.0,22,0.0737855871886121,0.06217526690391458,0.07388790035587188,0.05526690391459074,0.01939501779359431,0.01766903914590747,1.0,0.3021797153024911
100000004500444100,3,False,2,1,180000.0,74000.0,7,5,False,0.4111111111111111,0.00046193350130265665,3.873312266550796e-87,1.456992475297491e-06,7,74000.0,1.0,40,0.15409697508896797,0.13716192170818506,0.126067615658363,0.12320284697508899,0.12007117437722421,0.06515124555160143,1.0,0.7257517793594307
100000004500781100,4,False,1,0,74000.0,0.0,5,0,True,0.0,0.0006766807613836313,0.0,1.3640836357428703e-86,7,0.0,0.0,40,0.0737855871886121,0.06217526690391458,0.023576512455516015,0.05526690391459074,0.14505338078291816,0.06515124555160143,0.75,0.3187566725978648
100000004502048100,4,False,1,0,13888.0,0.0,1,0,True,0.0,0.00033782343505275154,0.0,1.1892641665922216e-88,7,0.0,0.0,43,0.0737855871886121,0.06217526690391458,0.02233096085409253,0.05526690391459074,0.09658362989323845,0.06515124555160143,0.75,0.28147019572953735
100000004508696100,3,False,1,3,7000.0,111000.0,1,4,False,15.857142857142858,0.00042000688119063923,4.73152766805462e-81,3.0556132489649035e-103,7,7000.0,0.06306306306306306,19,0.0737855871886121,0.16390569395017793,0.011966192170818506,0.12619217081850534,0.11540925266903916,0.06515124555160143,1.0,0.5564101423487544
100000004509286100,1,False,1,0,40000.0,0.0,1,0,False,0.0,0.0002919819234042265,0.0,0.00041333762700069106,10,0.0,0.0,2,0.0737855871886121,0.06217526690391458,0.17522241992882565,0.05526690391459074,0.043238434163701066,0.11530249110320284,1.0,0.5249911032028469
100000004526651100,4,False,1,0,33000.0,0.0,1,0,True,0.0,0.00028834866808974863,0.0,1.2288153349141593e-07,8,0.0,0.0,4,0.0737855871886121,0.06217526690391458,0.10685053380782919,0.05526690391459074,0.026619217081850534,0.10059608540925268,0.75,0.3189701957295374
100000004527381100,2,False,1,1,119333.17,273866.11,1,1,False,2.2949705433954364,0.0003733752398972334,2.1096091972218658e-08,1.0174110503571974e-64,7,119333.17,0.4357354402120073,3,0.0737855871886121,0.13716192170818506,0.043772241992882564,0.1409252669039146,0.10747330960854093,0.06515124555160143,1.0,0.5682695729537367
100000004539443100,3,False,2,0,61990.0,0.0,2,0,False,0.0,0.0009498234571300333,0.0,8.566567129257467e-88,10,0.0,0.0,2,0.15409697508896797,0.06217526690391458,0.023042704626334523,0.05526690391459074,0.1516725978647687,0.11530249110320284,1.0,0.5615569395017794
100000004544958100,2,False,1,2,168000.0,23200.0,3,2,False,0.1380952380952381,0.0012088985426125264,3.252539934650704e-05,1.1572823396644983e-74,8,5200.0,0.22413793103448276,11,0.0737855871886121,0.1554581850533808,0.033007117437722416,0.1507473309608541,0.15430604982206406,0.10059608540925268,1.0,0.6679003558718862
100000004549591100,4,False,1,0,49000.0,0.0,1,0,True,0.0,0.0004416344618574919,0.0,8.99580068494908e-81,7,0.0,0.0,19,0.0737855871886121,0.06217526690391458,0.02962633451957295,0.05526690391459074,0.11871886120996442,0.06515124555160143,0.75,0.30354314946619215
100000004552204100,3,False,1,2,22500.0,10000.0,2,2,False,0.4444444444444444,0.0008576379020107509,2.2969228956200704e-68,6.511675420503204e-104,8,0.0,0.0,42,0.0737855871886121,0.1554581850533808,0.011832740213523133,0.1303914590747331,0.14989323843416372,0.10059608540925268,1.0,0.6219572953736655
100000004553349100,3,False,1,0,7755.0,0.0,1,0,False,0.0,0.00029839572443222755,0.0,7.925534882731046e-06,7,0.0,0.0,10,0.0737855871886121,0.06217526690391458,0.14190391459074733,0.05526690391459074,0.06085409252669039,0.06515124555160143,1.0,0.45913701067615664
100000004559194100,1,False,1,0,282145.0,0.0,6,0,False,0.0,0.00031417342495357304,0.0,0.00016763255877555276,7,0.0,0.0,16,0.0737855871886121,0.06217526690391458,0.1637010676156584,0.05526690391459074,0.08277580071174379,0.06515124555160143,1.0,0.502855871886121
100000004564736100,3,False,1,0,15000.0,0.0,2,0,False,0.0,0.000374787274937624,0.0,4.5670626799932614e-94,7,0.0,0.0,29,0.0737855871886121,0.06217526690391458,0.017704626334519576,0.05526690391459074,0.10790035587188612,0.06515124555160143,1.0,0.3819839857651246
100000004569484100,3,False,2,4,98312.0,156000.0,3,4,False,1.586784929611848,0.0003176306570251513,2.3615090924490987e-06,8.983319149196302e-07,7,0.0,0.0,18,0.15409697508896797,0.16814946619217083,0.12072953736654807,0.14604982206405695,0.08597864768683275,0.06515124555160143,1.0,0.740155693950178
100000004569637100,4,False,1,0,5500.0,0.0,1,0,True,0.0,0.0005498067268896699,0.0,2.0783969001843115e-124,7,0.0,0.0,8,0.0737855871886121,0.06217526690391458,0.005293594306049823,0.05526690391459074,0.13644128113879003,0.06515124555160143,0.75,0.29858540925266897
100000004571634100,4,False,1,0,20000.0,0.0,1,0,True,0.0,0.00037199945287271977,0.0,1.3999064314404233e-85,8,0.0,0.0,11,0.0737855871886121,0.06217526690391458,0.025,0.05526690391459074,0.10683274021352315,0.10059608540925268,0.75,0.31774243772241995
100000004573782100,2,False,1,0,15000.0,0.0,1,0,False,0.0,0.00030817642665083013,0.0,1.1154575407333263e-67,1,0.0,0.0,1,0.0737855871886121,0.06217526690391458,0.038078291814946624,0.05526690391459074,0.07551601423487544,0.01766903914590747,1.0,0.3224911032028469
100000004580202100,2,False,1,3,9000.0,45000.0,1,4,False,5.0,0.0003202940811967599,1.7515781087710455e-94,9.11895307903955e-09,7,5000.0,0.1111111111111111,29,0.0737855871886121,0.16390569395017793,0.09145907473309609,0.120355871886121,0.08818505338078293,0.06515124555160143,1.0,0.6028425266903915
100000004580254100,3,False,2,0,27940.0,0.0,2,0,False,0.0,0.0003105599321801213,0.0,5.024497659388434e-05,7,0.0,0.0,28,0.15409697508896797,0.06217526690391458,0.15409252669039147,0.05526690391459074,0.07829181494661921,0.06515124555160143,1.0,0.5690747330960855
100000004584730100,4,False,1,0,47000.0,0.0,1,0,True,0.0,0.00030213632336613963,0.0,2.936172018976676e-08,7,0.0,0.0,50,0.0737855871886121,0.06217526690391458,0.09813167259786476,0.05526690391459074,0.06839857651245551,0.06515124555160143,0.75,0.3171819395017793
100000004586598100,4,False,1,0,761255.0,0.0,4,0,True,0.0,0.0005360536008426939,0.0,1.1138807168736672e-52,7,0.0,0.0,25,0.0737855871886121,0.06217526690391458,0.050800711743772244,0.05526690391459074,0.13274021352313167,0.06515124555160143,0.75,0.3299399466192171
100000004587414100,3,False,2,0,533603.0,0.0,2,0,False,0.0,0.00031310982640313294,0.0,0.011704625552727178,7,0.0,0.0,10,0.15409697508896797,0.06217526690391458,0.19830960854092528,0.05526690391459074,0.08206405693950179,0.06515124555160143,1.0,0.6170640569395018
100000004588479100,1,False,1,0,177633.0,0.0,2,0,False,0.0,0.0003030104122067236,0.0,0.0001330099163429384,7,0.0,0.0,16,0.0737855871886121,0.06217526690391458,0.16201067615658366,0.05526690391459074,0.06896797153024911,0.06515124555160143,1.0,0.48735765124555164
100000004591973100,3,False,1,1,10000.0,100000.0,1,1,False,10.0,0.0003967252062931591,1.0819421503297088e-82,7.648180022097253e-96,9,0.0,0.0,7,0.0737855871886121,0.13716192170818506,0.016770462633451957,0.12544483985765126,0.11270462633451958,0.10908362989323844,1.0,0.5749510676156584
100000004592467100,2,False,1,0,7000.0,0.0,1,0,False,0.0,0.0002850830256694938,0.0,3.934622297681421e-05,1,0.0,0.0,2,0.0737855871886121,0.06217526690391458,0.152846975088968,0.05526690391459074,0.005978647686832741,0.01766903914590747,1.0,0.3677224199288256
100000004596284100,4,False,1,0,30000.0,0.0,1,0,True,0.0,0.0005878009594684961,0.0,9.9802270376454e-100,7,0.0,0.0,16,0.0737855871886121,0.06217526690391458,0.014323843416370108,0.05526690391459074,0.1404270462633452,0.06515124555160143,0.75,0.30834741992882564
100000004601193100,4,False,1,0,84000.0,0.0,3,0,True,0.0,0.0005996320860194806,0.0,9.526524112143098e-85,8,0.0,0.0,11,0.0737855871886121,0.06217526690391458,0.025800711743772242,0.05526690391459074,0.1412811387900356,0.10059608540925268,0.75,0.34417927046263347
100000004603109100,3,False,3,2,2730000.0,400000.0,8,2,False,0.14652014652014653,0.003368435757054811,5.918477936983972e-13,1.3110048163630659e-12,2,157500.0,0.39375,21,0.1683896797153025,0.1554581850533808,0.08354092526690392,0.13907473309608542,0.15971530249110322,0.03368327402135231,1.0,0.7398620996441282
100000004610802100,4,False,1,0,241000.0,0.0,18,0,True,0.0,0.0004711600296508656,0.0,8.60432935063234e-65,7,0.0,0.0,56,0.0737855871886121,0.06217526690391458,0.04368327402135231,0.05526690391459074,0.1212099644128114,0.06515124555160143,0.75,0.3159541814946619
100000004611571100,3,False,1,0,22550.0,0.0,1,0,False,0.0,0.0002852984352331266,0.0,0.00033289468596154655,7,0.0,0.0,0,0.0737855871886121,0.06217526690391458,0.17250889679715306,0.05526690391459074,0.00697508896797153,0.06515124555160143,1.0,0.4358629893238435
100000004613582100,3,False,1,1,5000.0,9500.0,1,1,False,1.9,0.0005500909019586995,1.7678842752123964e-68,8.532445701341959e-126,1,0.0,0.0,1,0.0737855871886121,0.13716192170818506,0.004314946619217082,0.1301779359430605,0.13658362989323844,0.01766903914590747,1.0,0.4996930604982206
100000004616845100,4,False,1,0,20200.0,0.0,2,0,True,0.0,0.00028726488461505554,0.0,7.339139775272957e-43,7,0.0,0.0,44,0.0737855871886121,0.06217526690391458,0.05382562277580071,0.05526690391459074,0.019217081850533807,0.06515124555160143,0.75,0.24706628113879
100000004622227100,1,False,1,3,24931.0,19000.0,1,3,False,0.762103405398901,0.00028867914141684126,4.972493683134583e-06,0.00031772592174437526,7,0.0,0.0,0,0.0737855871886121,0.16390569395017793,0.17197508896797153,0.14761565836298934,0.028469750889679714,0.06515124555160143,1.0,0.650903024911032
100000004629688100,3,False,1,1,5000.0,15000.0,1,2,False,3.0,0.00038542440684862916,2.847168731986132e-07,1.1433710130120353e-90,7,0.0,0.0,3,0.0737855871886121,0.13716192170818506,0.020373665480427048,0.1429893238434164,0.1098220640569395,0.06515124555160143,1.0,0.5492838078291815
100000004634420100,3,False,1,0,26150.0,0.0,1,0,False,0.0,0.0002880888125884709,0.0,7.869025807741836e-33,1,0.0,0.0,22,0.0737855871886121,0.06217526690391458,0.06823843416370107,0.05526690391459074,0.024982206405693947,0.01766903914590747,1.0,0.30211743772241983
100000004635886100,3,False,1,0,23000.0,0.0,1,0,False,0.0,0.00029088085448180257,0.0,1.1054280956407212e-05,7,0.0,0.0,16,0.0737855871886121,0.06217526690391458,0.14439501779359432,0.05526690391459074,0.039074733096085404,0.06515124555160143,1.0,0.43984875444839855
100000004644615100,3,False,1,2,50810.0,379665.0,1,14,False,7.472249557173785,0.00037224876096295063,5.417802613829037e-63,8.84971766301206e-09,1,17400.0,0.045829876338350915,24,0.0737855871886121,0.1554581850533808,0.09128113879003559,0.13274021352313167,0.10704626334519574,0.01766903914590747,1.0,0.5779804270462633
100000004652395100,4,False,3,0,101528.0,0.0,5,0,True,0.0,0.00033383623658682566,0.0,1.2478070806900128e-05,7,0.0,0.0,0,0.1683896797153025,0.06217526690391458,0.14510676156583632,0.05526690391459074,0.09466192170818506,0.06515124555160143,0.75,0.443063834519573
100000004655046100,4,False,1,0,24000.0,0.0,1,0,True,0.0,0.000554151168146223,0.0,5.657896326046016e-103,9,0.0,0.0,18,0.0737855871886121,0.06217526690391458,0.012233096085409255,0.05526690391459074,0.13729537366548045,0.10908362989323844,0.75,0.3373798932384342
100000004657034100,3,False,1,0,141250.0,0.0,1,0,False,0.0,0.0002885771602958765,0.0,0.006599745903597731,7,0.0,0.0,10,0.0737855871886121,0.06217526690391458,0.19528469750889682,0.05526690391459074,0.02790035587188612,0.06515124555160143,1.0,0.47956405693950177
100000004659919100,3,False,1,1,110000.0,39000.0,2,1,False,0.35454545454545455,0.0007202226840458007,1.3502080075191676e-96,3.461811865817098e-80,10,0.0,0.0,48,0.0737855871886121,0.13716192170818506,0.0300711743772242,0.11978647686832741,0.14661921708185052,0.11530249110320284,1.0,0.6227268683274021
100000004662806100,1,False,2,2,106585.0,59900.0,2,3,False,0.5619927757189098,0.00030378502063225604,2.928977271443575e-90,3.342488263120668e-05,8,58905.0,0.9833889816360601,7,0.15409697508896797,0.1554581850533808,0.15169039145907476,0.12199288256227758,0.06996441281138789,0.10059608540925268,1.0,0.7537989323843417
100000004664515100,1,False,1,0,37691.0,0.0,1,0,False,0.0,0.00029105490189726733,0.0,0.00039066241366989034,7,0.0,0.0,0,0.0737855871886121,0.06217526690391458,0.17473309608540927,0.05526690391459074,0.0397153024911032,0.06515124555160143,1.0,0.47082740213523133
100000004664905100,1,False,2,0,329020.0,0.0,4,0,False,0.0,0.0004093944958532321,0.0,0.00015436894116268926,7,0.0,0.0,16,0.15409697508896797,0.06217526690391458,0.16290035587188614,0.05526690391459074,0.11459074733096086,0.06515124555160143,1.0,0.6141814946619217
100000004666651100,2,False,1,0,429250.0,0.0,1,0,False,0.0,0.00045486552942800446,0.0,1.4508907742968034e-55,10,0.0,0.0,74,0.0737855871886121,0.06217526690391458,0.049644128113879,0.05526690391459074,0.11950177935943063,0.11530249110320284,1.0,0.4756761565836299
100000004670388100,3,False,1,2,160354.0,720000.0,1,4,False,4.490065729573319,0.0005106658992940043,1.9949853657892594e-53,2.2875399950747832e-60,7,160354.0,0.22271388888888888,6,0.0737855871886121,0.1554581850533808,0.04715302491103203,0.13494661921708187,0.12533807829181495,0.06515124555160143,1.0,0.6018327402135232
100000004671609100,3,False,1,0,100000.0,0.0,1,0,False,0.0,0.00029861090142943917,0.0,2.319735880597372e-06,9,0.0,0.0,24,0.0737855871886121,0.06217526690391458,0.13051601423487544,0.05526690391459074,0.06128113879003559,0.10908362989323844,1.0,0.49210854092526696
100000004673335100,4,False,1,0,80000.0,0.0,1,0,True,0.0,0.0004904325350799609,0.0,5.720771906704623e-06,7,0.0,0.0,33,0.0737855871886121,0.06217526690391458,0.1390569395017794,0.05526690391459074,0.12341637010676157,0.06515124555160143,0.75,0.38913923487544483
100000004674178100,4,False,1,0,20000.0,0.0,1,0,True,0.0,0.00030109709997427686,0.0,2.989871945224246e-10,7,0.0,0.0,13,0.0737855871886121,0.06217526690391458,0.08674377224199288,0.05526690391459074,0.06633451957295373,0.06515124555160143,0.75,0.30709297153024906
100000004674389100,4,False,1,0,15000.0,0.0,1,0,True,0.0,0.000350008910970006,0.0,1.212354532548625e-85,8,0.0,0.0,11,0.0737855871886121,0.06217526690391458,0.024911032028469754,0.05526690391459074,0.1007829181494662,0.10059608540925268,0.75,0.3131383451957296
100000004674412100,4,False,1,0,46000.0,0.0,1,0,True,0.0,0.00048635027076683157,0.0,2.123063220587884e-85,8,0.0,0.0,11,0.0737855871886121,0.06217526690391458,0.025355871886120998,0.05526690391459074,0.12291814946619217,0.10059608540925268,0.75,0.33007339857651247
100000004674799100,2,False,1,0,140000.0,0.0,5,0,False,0.0,0.0007835157306521877,0.0,0.00012185533144629889,7,0.0,0.0,0,0.0737855871886121,0.06217526690391458,0.1615658362989324,0.05526690391459074,0.14811387900355874,0.06515124555160143,1.0,0.5660587188612101
100000004676985100,3,False,1,1,32260.0,27102.0,1,1,False,0.8401115933044018,0.00028584148473294714,5.704920969668048e-102,0.0003981674657333866,7,0.0,0.0,0,0.0737855871886121,0.13716192170818506,0.17482206405693954,0.11793594306049823,0.009537366548042705,0.06515124555160143,1.0,0.5783941281138791
100000004677680100,1,False,2,1,63000.0,168000.0,2,3,False,2.6666666666666665,0.0010880720674013387,4.951304309068765e-75,0.00023220368448522018,8,18000.0,0.10714285714285714,11,0.15409697508896797,0.13716192170818506,0.1682384341637011,0.12797153024911034,0.15302491103202848,0.10059608540925268,1.0,0.8410898576512456
100000004679953100,1,False,3,3,343538.0,34100.0,3,3,False,0.09926121709970949,0.00033235947591843905,6.2719976266471975e-06,0.0016262424084884936,7,21300.0,0.624633431085044,8,0.1683896797153025,0.16390569395017793,0.18976868327402138,0.14818505338078292,0.09409252669039146,0.06515124555160143,1.0,0.8294928825622777
100000004687099100,2,False,1,0,30000.0,0.0,1,0,False,0.0,0.0003323155680397957,0.0,1.577495182356409e-67,1,0.0,0.0,1,0.0737855871886121,0.06217526690391458,0.038879003558718865,0.05526690391459074,0.09402135231316727,0.01766903914590747,1.0,0.341797153024911
100000004687282100,2,False,1,0,20000.0,0.0,1,0,False,0.0,0.0003303913409246876,0.0,1.3863362552463691e-67,7,0.0,0.0,16,0.0737855871886121,0.06217526690391458,0.038612099644128116,0.05526690391459074,0.09323843416370109,0.06515124555160143,1.0,0.3882295373665481
100000004689658100,3,False,1,1,456100.0,7092.0,1,1,False,0.015549221661916246,0.00038400669971824206,9.127267017341773e-122,0.0004207888256060465,7,0.0,0.0,8,0.0737855871886121,0.13716192170818506,0.1758896797153025,0.1121708185053381,0.10946619217081852,0.06515124555160143,1.0,0.6736254448398578
100000004691350100,4,False,1,0,13300.0,0.0,1,0,True,0.0,0.0008804550843035277,0.0,1.4608592013607264e-111,7,0.0,0.0,6,0.0737855871886121,0.06217526690391458,0.008807829181494663,0.05526690391459074,0.1506049822064057,0.06515124555160143,0.75,0.31184386120996443
100000004692798100,1,False,2,1,240305.0,15000.0,4,2,False,0.06242067372713843,0.002006648778073443,1.0502842388567766e-110,5.113054048101552e-07,1,5000.0,0.3333333333333333,7,0.15409697508896797,0.13716192170818506,0.11565836298932386,0.11512455516014235,0.15750889679715305,0.01766903914590747,1.0,0.6972197508896797
100000004697956100,3,False,1,1,10000.0,10000.0,1,1,False,1.0,0.0004656095541818629,7.372543454143367e-08,3.372938763424824e-86,1,0.0,0.0,41,0.0737855871886121,0.13716192170818506,0.024021352313167262,0.14163701067615658,0.1205693950177936,0.01766903914590747,1.0,0.514844306049822
100000004698193100,2,False,2,3,222700.0,38000.0,15,5,False,0.17063313875168387,0.0008189069872518329,5.582726155988565e-97,1.0090737877091293e-06,1,12000.0,0.3157894736842105,41,0.15409697508896797,0.16390569395017793,0.12197508896797155,0.11971530249110321,0.14903914590747333,0.01766903914590747,1.0,0.7264012455516015
100000004707703100,1,False,2,5,239300.0,231650.0,3,6,False,0.9680317592979524,0.0006316421761140461,2.8820151628057586e-67,0.0001521493660091166,7,140000.0,0.604360025901144,16,0.15409697508896797,0.17043149466192173,0.16272241992882563,0.1312455516014235,0.14327402135231318,0.06515124555160143,1.0,0.8269217081850534
100000004713684100,3,False,1,0,37500.0,0.0,1,0,False,0.0,0.0002861345413116351,0.0,0.00042928846910096993,7,0.0,0.0,0,0.0737855871886121,0.06217526690391458,0.176067615658363,0.05526690391459074,0.011245551601423487,0.06515124555160143,1.0,0.4436921708185054
100000004714705100,0,True,0,1,0.0,36550.0,0,1,False,,0.00028403728526186454,1.4872192713262153e-97,0.0,0,0.0,0.0,49,0.001641459074733096,0.13716192170818506,0.001823843416370107,0.11950177935943063,0.0014590747330960854,0.001307829181494662,1.0,0.2628959074733096
100000004715209100,3,False,1,5,5000.0,350450.0,1,17,False,70.09,0.00028599860486194984,1.8447092293884234e-09,7.217654137904226e-09,7,5000.0,0.014267370523612499,4,0.0737855871886121,0.17043149466192173,0.0902135231316726,0.14007117437722422,0.010533807829181493,0.06515124555160143,1.0,0.5501868327402135
100000004717647100,3,False,1,5,300000.0,2240000.0,2,10,False,7.466666666666667,0.0010148146521054117,3.4847632471607277e-06,3.1560249004554695e-66,7,47000.0,0.020982142857142855,50,0.0737855871886121,0.17043149466192173,0.041903914590747326,0.14690391459074734,0.15231316725978647,0.06515124555160143,1.0,0.6504893238434164
100000004722630100,4,False,1,0,340000.0,0.0,2,0,True,0.0,0.0004890129031795525,0.0,1.5387511751028294e-53,7,0.0,0.0,6,0.0737855871886121,0.06217526690391458,0.05044483985765125,0.05526690391459074,0.12334519572953738,0.06515124555160143,0.75,0.32262677935943057
100000004722765100,3,False,1,3,230000.0,2284500.0,1,9,False,9.932608695652174,0.0005780041497952161,1.7104231333144645e-36,6.736938644852461e-69,7,175000.0,0.07660319544758153,57,0.0737855871886121,0.16390569395017793,0.03638790035587188,0.13736654804270462,0.1397864768683274,0.06515124555160143,1.0,0.6163834519572953
100000004723755100,0,True,0,1,0.0,95000.0,0,5,False,,0.00028403728526186454,5.309358069520046e-74,0.0,0,0.0,0.0,2,0.001641459074733096,0.13716192170818506,0.001823843416370107,0.12868327402135232,0.0014590747330960854,0.001307829181494662,1.0,0.2720774021352313
100000004726132100,3,False,1,1,349000.0,24000.0,1,2,False,0.06876790830945559,0.0003147519384977211,9.14926609249124e-104,0.002260831262885931,7,0.0,0.0,0,0.0737855871886121,0.13716192170818506,0.19083629893238435,0.11697508896797153,0.08320284697508898,0.06515124555160143,1.0,0.6671129893238434
100000004732589100,2,False,1,0,227520.0,0.0,1,0,False,0.0,0.0003916573254953477,0.0,6.002491506721401e-06,1,0.0,0.0,11,0.0737855871886121,0.06217526690391458,0.13941281138790038,0.05526690391459074,0.11138790035587189,0.01766903914590747,1.0,0.45969750889679717
100000004737477100,1,False,2,1,49598.0,40500.0,3,3,False,0.8165651840800032,0.0002907355261844197,4.87163598377322e-96,0.0006586036074503812,7,15000.0,0.37037037037037035,0,0.15409697508896797,0.13716192170818506,0.1827402135231317,0.12007117437722421,0.03850533807829181,0.06515124555160143,1.0,0.6977268683274022
100000004737764100,3,False,1,0,600000.0,0.0,1,0,False,0.0,0.0006721666992352119,0.0,3.833939680248026e-56,7,0.0,0.0,2,0.0737855871886121,0.06217526690391458,0.049466192170818504,0.05526690391459074,0.14491103202846975,0.06515124555160143,1.0,0.45075622775800706
100000004739664100,1,False,1,1,12000.0,10000.0,1,1,False,0.8333333333333334,0.00028653698093645,1.0819421503297013e-116,1.7161643266461678e-32,1,0.0,0.0,22,0.0737855871886121,0.13716192170818506,0.07268683274021352,0.11327402135231317,0.013238434163701067,0.01766903914590747,1.0,0.4278158362989324
100000004741837100,1,False,1,0,25596.0,0.0,1,0,False,0.0,0.00028677121509067233,0.0,5.0490334251243945e-05,7,0.0,0.0,16,0.0737855871886121,0.06217526690391458,0.15418149466192174,0.05526690391459074,0.015373665480427045,0.06515124555160143,1.0,0.42593416370106774
100000004744306100,1,False,1,2,69000.0,92000.0,1,3,False,1.3333333333333333,0.00045801164745791,7.977344613345329e-75,1.4490361007108538e-09,8,0.0,0.0,49,0.0737855871886121,0.1554581850533808,0.08816725978647688,0.12818505338078293,0.11978647686832741,0.10059608540925268,1.0,0.6659786476868328
100000004746397100,3,False,1,1,219520.0,7500.0,1,1,False,0.03416545189504373,0.0002910928135271127,9.355433635389004e-07,0.008227540596695466,7,0.0,0.0,10,0.0737855871886121,0.13716192170818506,0.1967081850533808,0.14434163701067618,0.040071174377224204,0.06515124555160143,1.0,0.6572197508896798
100000004747154100,4,False,1,0,67000.0,0.0,1,0,True,0.0,0.00033051358872122357,0.0,1.8557719706724588e-11,7,0.0,0.0,4,0.0737855871886121,0.06217526690391458,0.0844306049822064,0.05526690391459074,0.09330960854092528,0.06515124555160143,0.75,0.32558941281138787
100000004750321100,3,False,2,0,50185.0,0.0,2,0,False,0.0,0.00031080562948993424,0.0,6.7253985865290735e-06,7,0.0,0.0,18,0.15409697508896797,0.06217526690391458,0.1409252669039146,0.05526690391459074,0.07864768683274022,0.06515124555160143,1.0,0.5562633451957295
100000004750897100,3,False,1,0,10000.0,0.0,1,0,False,0.0,0.0004868115284353937,0.0,1.616970793425885e-90,7,0.0,0.0,3,0.0737855871886121,0.06217526690391458,0.0204626334519573,0.05526690391459074,0.12298932384341639,0.06515124555160143,1.0,0.39983096085409253
100000004756901100,2,False,1,0,153248.0,0.0,1,0,False,0.0,0.000309246920393586,0.0,6.34374180683302e-06,7,0.0,0.0,16,0.0737855871886121,0.06217526690391458,0.14003558718861212,0.05526690391459074,0.07672597864768683,0.06515124555160143,1.0,0.4731405693950178
100000004759121100,1,False,6,2,710000.0,312000.0,10,6,False,0.4394366197183099,0.0014177577629187414,6.846367964658582e-66,0.011137203329864094,7,105000.0,0.33653846153846156,0,0.17771797153024912,0.1554581850533808,0.19804270462633455,0.1320284697508897,0.15544483985765126,0.06515124555160143,1.0,0.8838434163701068
100000004765639100,2,False,1,2,5000.0,11000.0,1,2,False,2.2,0.0003595954287210625,4.516474465482331e-05,6.76874303049404e-11,7,5000.0,0.45454545454545453,0,0.0737855871886121,0.1554581850533808,0.08532028469750891,0.1514590747330961,0.10391459074733098,0.06515124555160143,1.0,0.6350889679715304
100000004770073100,3,False,1,1,5462.4,5466.97,1,1,False,1.0008366285881665,0.00028625711099113934,1.3109662899023827e-125,2.574815447796775e-05,7,5462.4,0.9991640707741216,0,0.0737855871886121,0.13716192170818506,0.14928825622775801,0.11174377224199289,0.011672597864768684,0.06515124555160143,1.0,0.5488033807829181
100000004777215100,4,False,1,0,60000.0,0.0,1,0,True,0.0,0.00046233472881301277,0.0,5.76280062807965e-79,7,0.0,0.0,32,0.0737855871886121,0.06217526690391458,0.03149466192170818,0.05526690391459074,0.1201423487544484,0.06515124555160143,0.75,0.3060120106761566
100000004779204100,3,False,1,1,30450.0,20000.0,1,2,False,0.6568144499178982,0.0002857402571742782,1.858762460731998e-106,0.000386836315305169,7,10000.0,0.5,0,0.0737855871886121,0.13716192170818506,0.17464412811387903,0.11608540925266905,0.00911032028469751,0.06515124555160143,1.0,0.5759386120996441
100000004780083100,4,False,1,0,9999.0,0.0,1,0,True,0.0,0.0002918009380467011,0.0,1.752616066273261e-65,7,0.0,0.0,56,0.0737855871886121,0.06217526690391458,0.04261565836298933,0.05526690391459074,0.04263345195729537,0.06515124555160143,0.75,0.2562210854092527
100000004780327100,4,False,1,0,12000.0,0.0,1,0,True,0.0,0.00029041673483753066,0.0,1.33085597445853e-08,1,0.0,0.0,47,0.0737855871886121,0.06217526690391458,0.09332740213523133,0.05526690391459074,0.03679715302491103,0.01766903914590747,0.75,0.2542660142348754
100000004783447100,1,False,1,0,26200.0,0.0,1,0,False,0.0,0.00028949495415137613,0.0,2.5358227444721276e-32,1,0.0,0.0,22,0.0737855871886121,0.06217526690391458,0.07811387900355872,0.05526690391459074,0.032597864768683274,0.01766903914590747,1.0,0.31960854092526686
100000004784224100,1,False,1,1,23500.0,100000.0,2,1,False,4.25531914893617,0.00030314046631661296,1.0819421503297088e-82,6.339794000623961e-67,1,0.0,0.0,21,0.0737855871886121,0.13716192170818506,0.04048042704626335,0.12544483985765126,0.06925266903914591,0.01766903914590747,1.0,0.4637944839857651
100000004788983100,4,False,1,0,27000.0,0.0,1,0,True,0.0,0.00036737627572271716,0.0,2.9801667996205736e-85,7,0.0,0.0,0,0.0737855871886121,0.06217526690391458,0.025444839857651242,0.05526690391459074,0.10619217081850535,0.06515124555160143,0.75,0.29101201067615656
100000004790991100,1,False,1,0,239413.0,0.0,4,0,False,0.0,0.0003096091848596281,0.0,0.00015441733728372648,7,0.0,0.0,16,0.0737855871886121,0.06217526690391458,0.16298932384341638,0.05526690391459074,0.07708185053380782,0.06515124555160143,1.0,0.49645017793594304
100000004791226100,4,False,1,0,20000.0,0.0,1,0,True,0.0,0.000538256646962268,0.0,1.2591667374038265e-105,7,0.0,0.0,0,0.0737855871886121,0.06217526690391458,0.010854092526690392,0.05526690391459074,0.13352313167259788,0.06515124555160143,0.75,0.30056717081850537
100000004792397100,1,False,1,0,73520.0,0.0,1,0,False,0.0,0.00029935208742815815,0.0,4.247867838788938e-32,1,0.0,0.0,22,0.0737855871886121,0.06217526690391458,0.08229537366548043,0.05526690391459074,0.06327402135231316,0.01766903914590747,1.0,0.35446619217081843
100000004797167100,4,False,1,0,31000.0,0.0,1,0,True,0.0,0.000548310911343299,0.0,2.9936093830531933e-99,1,0.0,0.0,35,0.0737855871886121,0.06217526690391458,0.014590747330960855,0.05526690391459074,0.13587188612099646,0.01766903914590747,0.75,0.26951957295373663
100000004798515100,4,False,1,0,200000.0,0.0,2,0,True,0.0,0.00036178148366266193,0.0,1.5671848497767171e-06,7,0.0,0.0,7,0.0737855871886121,0.06217526690391458,0.12704626334519573,0.05526690391459074,0.10462633451957297,0.06515124555160143,0.75,0.3660387010676157
100000004800452100,4,False,1,0,6544.53,0.0,1,0,True,0.0,0.000604105845523999,0.0,7.038934002369344e-122,7,0.0,0.0,10,0.0737855871886121,0.06217526690391458,0.005604982206405694,0.05526690391459074,0.14163701067615658,0.06515124555160143,0.75,0.30271574733096085
100000004800648100,4,False,1,0,131000.0,0.0,1,0,True,0.0,0.00033495973521438684,0.0,1.2683551440575052e-06,7,0.0,0.0,7,0.0737855871886121,0.06217526690391458,0.12473309608540926,0.05526690391459074,0.09501779359430605,0.06515124555160143,0.75,0.3570974199288257
100000004806903100,2,False,1,0,18000.0,0.0,1,0,False,0.0,0.0005303725568037133,0.0,3.691537707418847e-107,10,0.0,0.0,2,0.0737855871886121,0.06217526690391458,0.010275800711743773,0.05526690391459074,0.13032028469750892,0.11530249110320284,1.0,0.44712633451957295
100000004813068100,0,True,0,3,0.0,297000.0,0,5,False,,0.00028403728526186454,1.2821041831286447e-66,0.0,0,0.0,0.0,21,0.001641459074733096,0.16390569395017793,0.001823843416370107,0.1315302491103203,0.0014590747330960854,0.001307829181494662,1.0,0.30166814946619214
100000004816564100,2,False,1,1,285480.0,5000.0,1,1,False,0.01751436177665686,0.0003741591004976395,6.2977321814379195e-127,5.747601870727098e-06,7,5000.0,1.0,3,0.0737855871886121,0.13716192170818506,0.13914590747330963,0.111067615658363,0.10754448398576515,0.06515124555160143,1.0,0.6338567615658364
100000004820260100,2,False,1,3,234200.0,215350.0,12,10,False,0.9195132365499573,0.001400262403366314,2.0775007174359922e-05,3.274633098925245e-08,7,150200.0,0.6974692361272348,3,0.0737855871886121,0.16390569395017793,0.09884341637010677,0.1501067615658363,0.15530249110320285,0.06515124555160143,1.0,0.7070951957295374
100000004825069100,2,False,1,0,30000.0,0.0,4,0,False,0.0,0.0002941494798757919,0.0,4.152907423928722e-34,1,0.0,0.0,22,0.0737855871886121,0.06217526690391458,0.0603202846975089,0.05526690391459074,0.0504626334519573,0.01766903914590747,1.0,0.319679715302491
100000004840086100,4,False,1,0,100000.0,0.0,2,0,True,0.0,0.0005359418824264205,0.0,3.2777693353611925e-82,7,0.0,0.0,0,0.0737855871886121,0.06217526690391458,0.028247330960854092,0.05526690391459074,0.13266903914590747,0.06515124555160143,0.75,0.3129715302491103
100000004841728100,1,False,1,0,52208.0,0.0,1,0,False,0.0,0.00029491262791009435,0.0,3.579618759425012e-32,1,0.0,0.0,22,0.0737855871886121,0.06217526690391458,0.08149466192170818,0.05526690391459074,0.052526690391459074,0.01766903914590747,1.0,0.34291814946619215
100000004847758100,1,False,4,15,115171.0,488800.0,4,23,False,4.244123954815014,0.00030306622061837405,0.001324009767545136,0.0009178291451699312,7,59387.0,0.1214954991816694,2,0.17435498220640572,0.1766770462633452,0.18647686832740215,0.15743772241992882,0.0690391459074733,0.06515124555160143,1.0,0.8291370106761566
100000004848236100,4,False,1,0,7500.0,0.0,1,0,True,0.0,0.0003071870048343236,0.0,1.5706858156692725e-85,7,0.0,0.0,0,0.0737855871886121,0.06217526690391458,0.02508896797153025,0.05526690391459074,0.07409252669039146,0.06515124555160143,0.75,0.26667037366548046
100000004850609100,4,False,1,0,10000.0,0.0,1,0,True,0.0,0.0003113165154706234,0.0,2.196793258654002e-08,7,0.0,0.0,0,0.0737855871886121,0.06217526690391458,0.09590747330960854,0.05526690391459074,0.07935943060498221,0.06515124555160143,0.75,0.3237344306049822
100000004856746100,4,False,1,0,20000.0,0.0,1,0,True,0.0,0.00029838035861107513,0.0,1.8360068623630763e-10,7,0.0,0.0,62,0.0737855871886121,0.06217526690391458,0.08629893238434164,0.05526690391459074,0.06078291814946619,0.06515124555160143,0.75,0.302595640569395
100000004877085100,3,False,1,3,25000.0,95600.0,1,9,False,3.824,0.0002932227759922747,2.3430004810624187e-83,1.4967309722384723e-05,7,25000.0,0.2615062761506276,12,0.0737855871886121,0.16390569395017793,0.14626334519572956,0.12498220640569396,0.04768683274021353,0.06515124555160143,1.0,0.6217749110320285
100000004889043100,3,False,2,0,272000.0,0.0,4,0,False,0.0,0.00029687077049735165,0.0,0.006472453783616112,7,0.0,0.0,0,0.15409697508896797,0.06217526690391458,0.1949288256227758,0.05526690391459074,0.05658362989323844,0.06515124555160143,1.0,0.588202846975089
100000004890713100,4,False,1,0,40485.0,0.0,1,0,True,0.0,0.00029907689809090607,0.0,5.421544729672389e-08,7,0.0,0.0,18,0.0737855871886121,0.06217526690391458,0.10195729537366549,0.05526690391459074,0.062491103202846975,0.06515124555160143,0.75,0.31562055160142344
100000004891562100,4,False,1,0,103400.0,0.0,1,0,True,0.0,0.0003390068757721875,0.0,3.906615824463174e-08,1,0.0,0.0,47,0.0737855871886121,0.06217526690391458,0.10008896797153027,0.05526690391459074,0.09715302491103205,0.01766903914590747,0.75,0.3046040925266904
100000004892144100,3,False,2,1,4500000.0,180300.0,7,1,False,0.04006666666666667,0.0029565604996041835,2.2445768071387955e-14,1.705302351364574e-12,2,0.0,0.0,21,0.15409697508896797,0.13716192170818506,0.08380782918149467,0.13857651245551603,0.15935943060498223,0.03368327402135231,1.0,0.7066859430604983
100000004904960100,2,False,2,0,32000.0,0.0,2,0,False,0.0,0.0007730557274249566,0.0,2.0260039049232855e-97,10,0.0,0.0,0,0.15409697508896797,0.06217526690391458,0.015569395017793594,0.05526690391459074,0.14782918149466193,0.11530249110320284,1.0,0.5502402135231317
100000004905207100,2,False,1,0,380000.0,0.0,1,0,False,0.0,0.00043163102456137423,0.0,8.943796567141298e-10,11,0.0,0.0,40,0.0737855871886121,0.06217526690391458,0.08763345195729538,0.05526690391459074,0.11765124555160145,0.11901245551601423,1.0,0.5155249110320285
100000004906181100,3,False,1,7,100000.0,2473417.91,1,33,False,24.734179100000002,0.000287251356082404,2.54870212313247e-35,0.00555306793891433,7,100000.0,0.040429884329575345,20,0.0737855871886121,0.17327402135231318,0.19372775800711747,0.13743772241992883,0.018967971530249112,0.06515124555160143,1.0,0.6623443060498221
100000004908173100,4,False,1,0,21000.0,0.0,1,0,True,0.0,0.00031908351963201353,0.0,3.5464985041746156e-76,8,0.0,0.0,4,0.0737855871886121,0.06217526690391458,0.032206405693950176,0.05526690391459074,0.08733096085409253,0.10059608540925268,0.75,0.3085209074733096
100000004911971100,4,False,1,0,35000.0,0.0,3,0,True,0.0,0.0002874923131441869,0.0,1.8468428793037128e-36,7,0.0,0.0,20,0.0737855871886121,0.06217526690391458,0.05685053380782919,0.05526690391459074,0.02092526690391459,0.06515124555160143,0.75,0.250616103202847
100000004917367100,3,False,2,0,120000.0,0.0,2,0,False,0.0,0.00029242601990993615,0.0,0.005761965422278999,7,0.0,0.0,10,0.15409697508896797,0.06217526690391458,0.19403914590747331,0.05526690391459074,0.04498220640569395,0.06515124555160143,1.0,0.575711743772242
100000004921657100,3,False,1,1,8300.0,22190.0,1,1,False,2.6734939759036145,0.00035920839141722976,1.33202116633367e-88,2.6272183300929955e-88,10,8300.0,0.3740423614240649,2,0.0737855871886121,0.13716192170818506,0.022508896797153025,0.1227758007117438,0.10377224199288257,0.11530249110320284,1.0,0.5753069395017794
100000004931931100,3,False,1,1,23938.0,45000.0,1,1,False,1.8798562954298605,0.00029023084039703776,1.7515781087710474e-94,0.00022853995706612545,7,0.0,0.0,0,0.0737855871886121,0.13716192170818506,0.16788256227758008,0.1204982206405694,0.03608540925266904,0.06515124555160143,1.0,0.6005649466192171
100000004948177100,1,False,3,0,437163.0,0.0,8,0,False,0.0,0.0004196505594096646,0.0,0.00018815503120138616,7,0.0,0.0,16,0.1683896797153025,0.06217526690391458,0.16485765124555163,0.05526690391459074,0.11530249110320286,0.06515124555160143,1.0,0.6311432384341639
100000004950490100,2,False,1,0,10000.0,0.0,1,0,False,0.0,0.0003288143739859841,0.0,6.696479563248218e-79,1,0.0,0.0,1,0.0737855871886121,0.06217526690391458,0.031672597864768684,0.05526690391459074,0.09231316725978647,0.01766903914590747,1.0,0.33288256227758
100000004959752100,3,False,1,0,22200.0,0.0,1,0,False,0.0,0.000779568196772247,0.0,4.153393051848355e-104,11,0.0,0.0,2,0.0737855871886121,0.06217526690391458,0.011654804270462634,0.05526690391459074,0.14804270462633454,0.11901245551601423,1.0,0.4699377224199288
100000004962193100,2,False,8,0,900468.0,0.0,11,0,False,0.0,0.0006532707986955293,0.0,5.301384618459764e-05,7,0.0,0.0,0,0.17879893238434164,0.06217526690391458,0.1547153024911032,0.05526690391459074,0.14427046263345197,0.06515124555160143,1.0,0.6603781138790037
100000004970752100,3,False,1,0,10000.0,0.0,1,0,False,0.0,0.0007380151980244125,0.0,1.0365216744397587e-115,7,0.0,0.0,0,0.0737855871886121,0.06217526690391458,0.0074288256227758006,0.05526690391459074,0.14718861209964415,0.06515124555160143,1.0,0.41099644128113877
100000004971871100,0,True,1,1,25400.0,5650.0,3,1,False,0.22244094488188976,0.0007369536367679136,4.0165323224985627e-125,1.7995185181493817e-94,0,5650.0,1.0,52,0.0737855871886121,0.13716192170818506,0.017437722419928827,0.1119572953736655,0.14711743772241995,0.001307829181494662,1.0,0.488767793594306
100000004975919100,3,False,1,2,22351.0,15000.0,1,2,False,0.6711109122634334,0.0002885489652551007,1.0502842388567756e-110,0.00014592587978268806,7,0.0,0.0,8,0.0737855871886121,0.1554581850533808,0.16254448398576515,0.11487544483985765,0.027758007117437724,0.06515124555160143,1.0,0.5995729537366549
100000004976946100,4,False,1,0,246000.0,0.0,1,0,True,0.0,0.0003177394905480085,0.0,7.219257065293235e-41,7,0.0,0.0,65,0.0737855871886121,0.06217526690391458,0.05578291814946619,0.05526690391459074,0.08619217081850535,0.06515124555160143,0.75,0.2987655693950178
100000004979264100,4,False,1,0,39800.0,0.0,1,0,True,0.0,0.00040904561507833085,0.0,5.937984149797625e-84,8,0.0,0.0,4,0.0737855871886121,0.06217526690391458,0.026512455516014236,0.05526690391459074,0.11437722419928827,0.10059608540925268,0.75,0.32453514234875447
100000004979283100,3,False,1,0,40132.0,0.0,1,0,False,0.0,0.0002988858445477895,0.0,3.5743899821625224e-08,7,0.0,0.0,18,0.0737855871886121,0.06217526690391458,0.09964412811387902,0.05526690391459074,0.06192170818505338,0.06515124555160143,1.0,0.4179448398576513
100000004979498100,2,False,1,1,700000.0,200000.0,2,1,False,0.2857142857142857,0.0013196649789369464,8.658205414460652e-49,3.233295042970421e-48,1,200000.0,1.0,58,0.0737855871886121,0.13716192170818506,0.05240213523131673,0.13544483985765127,0.15480427046263345,0.01766903914590747,1.0,0.5712677935943061
100000004981068100,4,False,1,0,10000.0,0.0,1,0,True,0.0,0.00037667231794717357,0.0,7.476106871875257e-09,7,0.0,0.0,8,0.0737855871886121,0.06217526690391458,0.09030249110320285,0.05526690391459074,0.10832740213523133,0.06515124555160143,0.75,0.3412566725978648
100000004984689100,3,False,1,0,53030.0,0.0,1,0,False,0.0,0.00029474170072610827,0.0,0.00022477326528029895,7,0.0,0.0,8,0.0737855871886121,0.06217526690391458,0.16743772241992882,0.05526690391459074,0.05195729537366548,0.06515124555160143,1.0,0.47577402135231317
100000004988240100,4,False,1,0,20000.0,0.0,1,0,True,0.0,0.0005267985150376041,0.0,1.2591667374038265e-105,7,0.0,0.0,0,0.0737855871886121,0.06217526690391458,0.010854092526690392,0.05526690391459074,0.12725978647686834,0.06515124555160143,0.75,0.29586966192170816
100000004991593100,4,False,1,0,45000.0,0.0,2,0,True,0.0,0.00035290508491296,0.0,1.5309461715831455e-06,7,0.0,0.0,8,0.0737855871886121,0.06217526690391458,0.12686832740213524,0.05526690391459074,0.1013523131672598,0.06515124555160143,0.75,0.36344973309608547
100000004991812100,3,False,1,0,10000.0,0.0,1,0,False,0.0,0.0003445372783790375,0.0,3.728991063097115e-94,7,0.0,0.0,29,0.0737855871886121,0.06217526690391458,0.017615658362989325,0.05526690391459074,0.09914590747330962,0.06515124555160143,1.0,0.37314056939501783
100000004993576100,2,False,1,0,167000.0,0.0,1,0,False,0.0,0.0003367567162005447,0.0,4.395993777326289e-06,7,0.0,0.0,3,0.0737855871886121,0.06217526690391458,0.1360320284697509,0.05526690391459074,0.09601423487544486,0.06515124555160143,1.0,0.48842526690391463
100000004997515100,3,False,4,4,395000.0,54500.0,4,4,False,0.1379746835443038,0.0003546076433490899,1.179465162488819e-91,4.068403590415593e-07,9,0.0,0.0,4,0.17435498220640572,0.16814946619217083,0.11476868327402137,0.12156583629893239,0.1020640569395018,0.10908362989323844,1.0,0.7899866548042704
100000005008589100,3,False,1,0,42806.68,0.0,1,0,False,0.0,0.00030143318626670365,0.0,7.207922847865934e-05,7,0.0,0.0,0,0.0737855871886121,0.06217526690391458,0.15711743772241993,0.05526690391459074,0.06683274021352313,0.06515124555160143,1.0,0.48032918149466197
100000005010159100,4,False,1,0,7092.0,0.0,1,0,True,0.0,0.0006104429800321485,0.0,1.0383188539338868e-120,7,0.0,0.0,8,0.0737855871886121,0.06217526690391458,0.0056939501779359435,0.05526690391459074,0.1420640569395018,0.06515124555160143,0.75,0.30310275800711745
100000005017150100,0,True,0,0,0.0,0.0,0,0,False,,0.00028403728526186454,0.0,0.0,0,0.0,0.0,75,0.001641459074733096,0.06217526690391458,0.001823843416370107,0.05526690391459074,0.0014590747330960854,0.001307829181494662,0.0,0.0
100000005022552100,3,False,1,1,241000.0,5000.0,3,1,False,0.02074688796680498,0.00035574598882730224,2.4863615221456067e-06,3.5782864321778195e-05,7,0.0,0.0,16,0.0737855871886121,0.13716192170818506,0.15249110320284698,0.14619217081850536,0.10234875444839858,0.06515124555160143,1.0,0.6771307829181494
100000005022964100,2,False,1,0,20000.0,0.0,1,0,False,0.0,0.00032555357078914145,0.0,1.0374514882797978e-79,10,0.0,0.0,2,0.0737855871886121,0.06217526690391458,0.030338078291814948,0.05526690391459074,0.0908896797153025,0.11530249110320284,1.0,0.4277580071174377
100000005025629100,4,False,1,0,5227.0,0.0,1,0,True,0.0,0.00031242919276724924,0.0,5.609804964051804e-07,7,0.0,0.0,10,0.0737855871886121,0.06217526690391458,0.1164590747330961,0.05526690391459074,0.08092526690391459,0.06515124555160143,0.75,0.3403225088967971
100000005030592100,2,False,1,0,10000.0,0.0,1,0,False,0.0,0.00028719413741388133,0.0,1.0757189850272193e-06,7,0.0,0.0,3,0.0737855871886121,0.06217526690391458,0.12228647686832742,0.05526690391459074,0.018612099644128115,0.06515124555160143,1.0,0.3972775800711744
100000005031696100,2,False,1,2,5000.0,115000.0,1,3,False,23.0,0.0005364847150657276,1.2529409755035426e-80,8.532445701341959e-126,10,5000.0,0.043478260869565216,48,0.0737855871886121,0.1554581850533808,0.004314946619217082,0.12633451957295375,0.13295373665480428,0.11530249110320284,1.0,0.6081494661921709
100000005032294100,2,False,1,0,10000.0,0.0,1,0,False,0.0,0.00038989660633548587,0.0,3.0787364060337e-88,8,0.0,0.0,40,0.0737855871886121,0.06217526690391458,0.0226423487544484,0.05526690391459074,0.111067615658363,0.10059608540925268,1.0,0.4255338078291815
100000005034574100,1,False,1,0,258816.0,0.0,16,0,False,0.0,0.00042264457719623787,0.0,2.0139632924375708e-60,1,0.0,0.0,73,0.0737855871886121,0.06217526690391458,0.047064056939501775,0.05526690391459074,0.11580071174377227,0.01766903914590747,1.0,0.37176156583629894
100000005037490100,3,False,1,2,15000.0,30000.0,1,3,False,2.0,0.00032139477856053106,1.4875780152208378e-05,6.414734991491411e-11,7,14000.0,0.4666666666666667,12,0.0737855871886121,0.1554581850533808,0.08523131672597865,0.14939501779359432,0.08861209964412811,0.06515124555160143,1.0,0.6176334519572955
100000005041147100,4,False,1,0,10000.0,0.0,1,0,True,0.0,0.0005305931885964422,0.0,1.0365216744397587e-115,7,0.0,0.0,0,0.0737855871886121,0.06217526690391458,0.0074288256227758006,0.05526690391459074,0.1304626334519573,0.06515124555160143,0.75,0.295702846975089
100000005041905100,3,False,1,1,5000.0,1080351.0,1,5,False,216.0702,0.0002848119558788065,1.3389066862641777e-33,3.440884740013081e-33,1,0.0,0.0,22,0.0737855871886121,0.13716192170818506,0.06192170818505338,0.13793594306049822,0.004626334519572954,0.01766903914590747,1.0,0.43310053380782915
100000005042822100,4,False,1,0,1000000.0,0.0,1,0,True,0.0,0.0004498595094071702,0.0,1.1277264027170533e-40,7,0.0,0.0,36,0.0737855871886121,0.06217526690391458,0.05631672597864769,0.05526690391459074,0.11935943060498222,0.06515124555160143,0.75,0.3240413701067616
100000005048668100,3,False,2,8,16668.0,159400.0,2,11,False,9.563234941204703,0.00028699417683881296,0.00018569250514072701,0.00023116985899957555,7,10168.0,0.0637892095357591,8,0.15409697508896797,0.17407473309608543,0.1680604982206406,0.15402135231316727,0.016868327402135234,0.06515124555160143,1.0,0.732273131672598
100000005049404100,4,False,1,0,98000.0,0.0,2,0,True,0.0,0.0003109237994423163,0.0,2.305937646662353e-50,7,0.0,0.0,10,0.0737855871886121,0.06217526690391458,0.051245551601423495,0.05526690391459074,0.0788612099644128,0.06515124555160143,0.75,0.2898643238434163
100000005052998100,3,False,1,1,9500.0,28400.0,1,1,False,2.9894736842105263,0.0002845685901278064,4.8383091071625915e-05,0.00021607045777887772,7,0.0,0.0,0,0.0737855871886121,0.13716192170818506,0.1666370106761566,0.1517437722419929,0.003274021352313167,0.06515124555160143,1.0,0.5977535587188613
100000005053653100,2,False,2,1,63073.0,25000.0,2,1,False,0.3963661154535221,0.0003118718093393115,3.665762593409714e-103,2.621520062064904e-05,7,0.0,0.0,12,0.15409697508896797,0.13716192170818506,0.14955516014234876,0.11736654804270463,0.08021352313167261,0.06515124555160143,1.0,0.7035453736654805
100000005055454100,3,False,1,0,6500.0,0.0,1,0,False,0.0,0.0005025562666871296,0.0,4.855447172410274e-68,1,0.0,0.0,27,0.0737855871886121,0.06217526690391458,0.03727758007117438,0.05526690391459074,0.12462633451957297,0.01766903914590747,1.0,0.3708007117437722
100000005056870100,1,False,1,0,20000.0,0.0,1,0,False,0.0,0.0003015396280843566,0.0,5.13003467233527e-68,1,0.0,0.0,55,0.0737855871886121,0.06217526690391458,0.037500000000000006,0.05526690391459074,0.06722419928825624,0.01766903914590747,1.0,0.3136209964412811
100000005059998100,2,False,1,0,18000.0,0.0,1,0,False,0.0,0.0002943175608148987,0.0,1.7527011707254598e-06,7,0.0,0.0,0,0.0737855871886121,0.06217526690391458,0.12793594306049824,0.05526690391459074,0.05096085409252669,0.06515124555160143,1.0,0.4352758007117439
100000005061890100,3,False,1,0,90000.0,0.0,1,0,False,0.0,0.0005314583976537376,0.0,9.60953679784701e-84,7,0.0,0.0,2,0.0737855871886121,0.06217526690391458,0.026912811387900356,0.05526690391459074,0.1309608540925267,0.06515124555160143,1.0,0.4142526690391459
100000005074393100,1,False,4,6,563026.0,685500.0,5,10,False,1.2175281425724567,0.001052679085372143,3.093546995006099e-07,0.0009659062075626783,10,45500.0,0.06637490882567469,12,0.17435498220640572,0.17211298932384342,0.18692170818505338,0.14327402135231318,0.1526690391459075,0.11530249110320284,1.0,0.9446352313167259
100000005075949100,4,False,1,0,2226000.0,0.0,7,0,True,0.0,0.0007627598293026877,0.0,1.0701615100491203e-36,7,0.0,0.0,57,0.0737855871886121,0.06217526690391458,0.056672597864768685,0.05526690391459074,0.14768683274021352,0.06515124555160143,0.75,0.3455538256227758
100000005077484100,2,False,1,2,150000.0,13550.0,1,2,False,0.09033333333333333,0.0005359153299928486,1.88250246555804e-67,9.153907989321097e-64,1,7050.0,0.5202952029520295,27,0.0737855871886121,0.1554581850533808,0.04439501779359431,0.1310320284697509,0.1325978647686833,0.01766903914590747,1.0,0.5549377224199289
100000005079473100,4,False,1,0,39312.0,0.0,1,0,True,0.0,0.00032420433701655944,0.0,1.0740188728101424e-08,7,0.0,0.0,8,0.0737855871886121,0.06217526690391458,0.09234875444839857,0.05526690391459074,0.08996441281138791,0.06515124555160143,0.75,0.329019128113879
100000005079754100,1,False,1,2,70000.0,122000.0,1,2,False,1.7428571428571429,0.0002979404020109979,9.341966020995796e-80,0.0005467942842747026,10,20000.0,0.16393442622950818,2,0.0737855871886121,0.1554581850533808,0.18060498220640572,0.12669039145907474,0.059644128113879,0.11530249110320284,1.0,0.7114857651245552
100000005082652100,3,False,1,0,30000.0,0.0,1,0,False,0.0,0.0004055510564510419,0.0,8.451707289400472e-09,1,0.0,0.0,1,0.0737855871886121,0.06217526690391458,0.0905693950177936,0.05526690391459074,0.11409252669039147,0.01766903914590747,1.0,0.41355871886121
100000005087431100,0,True,0,0,0.0,0.0,0,0,False,,0.00028403728526186454,0.0,0.0,0,0.0,0.0,76,0.001641459074733096,0.06217526690391458,0.001823843416370107,0.05526690391459074,0.0014590747330960854,0.001307829181494662,0.0,0.0
100000005087923100,4,False,1,0,20000.0,0.0,1,0,True,0.0,0.00045772536861912646,0.0,6.999784156619976e-90,1,0.0,0.0,41,0.0737855871886121,0.06217526690391458,0.02108540925266904,0.05526690391459074,0.11971530249110321,0.01766903914590747,0.75,0.26227313167259786
100000005089460100,3,False,1,0,12300.0,0.0,1,0,False,0.0,0.0002859429749795417,0.0,5.3968168371156546e-33,1,0.0,0.0,22,0.0737855871886121,0.06217526690391458,0.06307829181494662,0.05526690391459074,0.0101067615658363,0.01766903914590747,1.0,0.2820818505338078
100000005092518100,1,False,1,0,26144.0,0.0,1,0,False,0.0,0.00028948328890489474,0.0,2.5331112552354614e-32,1,0.0,0.0,22,0.0737855871886121,0.06217526690391458,0.07798042704626335,0.05526690391459074,0.032491103202846976,0.01766903914590747,1.0,0.31936832740213517
100000005093521100,1,False,1,0,15200.0,0.0,1,0,False,0.0,0.00028705624775596207,0.0,0.00025479842558370276,10,0.0,0.0,2,0.0737855871886121,0.06217526690391458,0.1691281138790036,0.05526690391459074,0.017224199288256227,0.11530249110320284,1.0,0.49288256227758015
100000005100475100,3,False,1,0,40000.0,0.0,1,0,False,0.0,0.0003358756434948202,0.0,3.2770058377925306e-73,1,0.0,0.0,41,0.0737855871886121,0.06217526690391458,0.03425266903914591,0.05526690391459074,0.09544483985765126,0.01766903914590747,1.0,0.33859430604982205
100000005105153100,2,False,1,0,30000.0,0.0,1,0,False,0.0,0.0003999117178183266,0.0,3.6411671665115717e-66,7,0.0,0.0,0,0.0737855871886121,0.06217526690391458,0.042170818505338076,0.05526690391459074,0.11316725978647688,0.06515124555160143,1.0,0.4117170818505338
100000005124479100,1,False,2,2,137753.0,22000.0,2,2,False,0.15970614070110994,0.0003015589477014959,3.219240826818573e-98,0.001597930298722481,10,0.0,0.0,0,0.15409697508896797,0.1554581850533808,0.18950177935943063,0.1190747330960854,0.06733096085409253,0.11530249110320284,1.0,0.8007651245551601
100000005127767100,3,False,1,0,7000.0,0.0,1,0,False,0.0,0.00042000688119063923,0.0,3.0556132489649035e-103,7,0.0,0.0,19,0.0737855871886121,0.06217526690391458,0.011966192170818506,0.05526690391459074,0.11540925266903916,0.06515124555160143,1.0,0.38375444839857653
100000005133757100,1,False,2,0,65000.0,0.0,2,0,False,0.0,0.00029777000832415825,0.0,0.0004513853173209987,10,0.0,0.0,8,0.15409697508896797,0.06217526690391458,0.17722419928825625,0.05526690391459074,0.05900355871886121,0.11530249110320284,1.0,0.6230693950177937
100000005140601100,2,False,3,2,52685.0,195300.0,4,5,False,3.706937458479643,0.0028369301131165587,8.880113900554075e-05,0.00015450476864142378,7,33685.0,0.17247823860727088,8,0.1683896797153025,0.1554581850533808,0.16307829181494662,0.15252669039145908,0.15914590747330962,0.06515124555160143,1.0,0.86375
100000005142492100,3,False,1,1,10000.0,57000.0,1,1,False,5.7,0.002008139930809382,3.144441674544658e-07,1.0365216744397587e-115,7,10000.0,0.17543859649122806,41,0.0737855871886121,0.13716192170818506,0.0074288256227758006,0.14334519572953738,0.15765124555160145,0.06515124555160143,1.0,0.5845240213523133
100000005142589100,2,False,1,0,50000.0,0.0,2,0,False,0.0,0.00030867364112986223,0.0,5.256783508906576e-06,7,0.0,0.0,0,0.0737855871886121,0.06217526690391458,0.13834519572953738,0.05526690391459074,0.07594306049822064,0.06515124555160143,1.0,0.47066725978647694
100000005146665100,4,False,1,0,5500.0,0.0,1,0,True,0.0,0.0002849160870659512,0.0,3.829577113415692e-43,7,0.0,0.0,44,0.0737855871886121,0.06217526690391458,0.05355871886120997,0.05526690391459074,0.0051957295373665485,0.06515124555160143,0.75,0.23635008896797152
100000005168487100,2,False,1,1,15000.0,103510.0,1,14,False,6.900666666666667,0.0019051314086689446,5.832568886639074e-05,8.21552963007756e-110,8,15000.0,0.14491353492416192,11,0.0737855871886121,0.13716192170818506,0.00965302491103203,0.1519572953736655,0.15686832740213524,0.10059608540925268,1.0,0.6300222419928827
100000005171642100,3,False,2,1,696800.0,683600.0,5,4,False,0.9810562571756601,0.0029161926887801884,1.052585858658416e-06,4.083292356716032e-53,1,658000.0,0.96255119953189,41,0.15409697508896797,0.13716192170818506,0.05062277580071174,0.14469750889679717,0.15921708185053382,0.01766903914590747,1.0,0.6634653024911031
100000005172860100,3,False,1,0,15209.2,0.0,1,0,False,0.0,0.00029021804344172804,0.0,4.296428034935295e-05,7,0.0,0.0,0,0.0737855871886121,0.06217526690391458,0.15320284697508899,0.05526690391459074,0.03601423487544484,0.06515124555160143,1.0,0.4455960854092528
100000005175148100,2,False,2,1,79000.0,15000.0,4,1,False,0.189873417721519,0.0007168602433955912,6.8805881169183475e-06,2.244271706155137e-07,7,15000.0,1.0,3,0.15409697508896797,0.13716192170818506,0.11094306049822066,0.14832740213523132,0.14647686832740214,0.06515124555160143,1.0,0.7621574733096086
100000005182219100,3,False,2,0,55000.0,0.0,2,0,False,0.0,0.00035209380729018494,0.0,0.0030446445845139897,7,0.0,0.0,10,0.15409697508896797,0.06217526690391458,0.1916370106761566,0.05526690391459074,0.1011387900355872,0.06515124555160143,1.0,0.6294661921708186
100000005183943100,1,False,1,0,680900.0,0.0,9,0,False,0.0,0.0006064501177117044,0.0,4.253617104185224e-43,1,0.0,0.0,23,0.0737855871886121,0.06217526690391458,0.05364768683274022,0.05526690391459074,0.141779359430605,0.01766903914590747,1.0,0.40432384341637007
100000005186109100,3,False,1,0,5000.0,0.0,1,0,False,0.0,0.0006020725206943363,0.0,8.532445701341959e-126,7,0.0,0.0,3,0.0737855871886121,0.06217526690391458,0.004314946619217082,0.05526690391459074,0.1414946619217082,0.06515124555160143,1.0,0.4021886120996442
100000005186131100,3,False,1,1,10000.0,10000.0,1,1,False,1.0,0.00028459655354180335,1.0819421503297013e-116,0.0002216836122062578,7,10000.0,1.0,0,0.0737855871886121,0.13716192170818506,0.16725978647686834,0.11327402135231317,0.0035587188612099647,0.06515124555160143,1.0,0.56019128113879
100000005187208100,3,False,1,0,14160.0,0.0,1,0,False,0.0,0.0003102546287373436,0.0,1.070950276695342e-05,7,0.0,0.0,10,0.0737855871886121,0.06217526690391458,0.14395017793594309,0.05526690391459074,0.07800711743772241,0.06515124555160143,1.0,0.4783362989323844
100000005189258100,4,False,1,0,50000.0,0.0,1,0,True,0.0,0.00031420590869675534,0.0,5.1833496045587935e-06,7,0.0,0.0,10,0.0737855871886121,0.06217526690391458,0.1381672597864769,0.05526690391459074,0.08284697508896798,0.06515124555160143,0.75,0.3580449288256229
100000005198498100,3,False,1,0,28800.0,0.0,1,0,False,0.0,0.00028849938801545007,0.0,8.258123376031394e-33,1,0.0,0.0,22,0.0737855871886121,0.06217526690391458,0.06966192170818505,0.05526690391459074,0.027544483985765124,0.01766903914590747,1.0,0.30610320284697506
100000005198906100,3,False,1,1,227970.0,60000.0,1,1,False,0.26319252533228055,0.0002913644025114483,3.0998919294146865e-90,0.008384397049812928,7,0.0,0.0,10,0.0737855871886121,0.13716192170818506,0.19679715302491105,0.12220640569395018,0.0406405693950178,0.06515124555160143,1.0,0.6357428825622776
100000005203590100,2,False,1,0,90000.0,0.0,1,0,False,0.0,0.0003009802586520465,0.0,1.1370942017967566e-06,1,0.0,0.0,41,0.0737855871886121,0.06217526690391458,0.12322064056939504,0.05526690391459074,0.06612099644128114,0.01766903914590747,1.0,0.39823843416370097
100000005205745100,2,False,1,0,6000.0,0.0,1,0,False,0.0,0.0003105468913481465,0.0,3.639939021261887e-10,7,0.0,0.0,41,0.0737855871886121,0.06217526690391458,0.08692170818505339,0.05526690391459074,0.07822064056939501,0.06515124555160143,1.0,0.42152135231316734
100000005209352100,4,False,1,0,5000.0,0.0,1,0,True,0.0,0.00041782514733986235,0.0,7.329315048431899e-116,7,0.0,0.0,0,0.0737855871886121,0.06217526690391458,0.00662811387900356,0.05526690391459074,0.11505338078291816,0.06515124555160143,0.75,0.28354537366548044
100000005222360100,3,False,1,1,5000.0,27000.0,1,1,False,5.4,0.0006006689436615324,9.885867518482639e-09,8.532445701341959e-126,7,0.0,0.0,40,0.0737855871886121,0.13716192170818506,0.004314946619217082,0.1404270462633452,0.1413523131672598,0.06515124555160143,1.0,0.5621930604982207
100000005226217100,4,False,1,0,17500.0,0.0,1,0,True,0.0,0.0003808223989310147,0.0,2.7427232460630597e-91,9,0.0,0.0,4,0.0737855871886121,0.06217526690391458,0.02001779359430605,0.05526690391459074,0.10882562277580071,0.10908362989323844,0.75,0.321866103202847
100000005228059100,1,False,1,0,26000.0,0.0,1,0,False,0.0,0.0002894532925567997,0.0,2.5261254900435843e-32,1,0.0,0.0,22,0.0737855871886121,0.06217526690391458,0.07775800711743773,0.05526690391459074,0.03224199288256228,0.01766903914590747,1.0,0.31889679715302494
100000005233755100,3,False,1,1,25000.0,5000.0,1,1,False,0.2,0.00029003378352864787,6.2977321814379195e-127,5.690473502920334e-05,7,5000.0,1.0,28,0.0737855871886121,0.13716192170818506,0.15533807829181498,0.111067615658363,0.035373665480427044,0.06515124555160143,1.0,0.5778781138790037
100000005235389100,0,True,0,0,0.0,0.0,0,0,False,,0.00028403728526186454,0.0,0.0,0,0.0,0.0,77,0.001641459074733096,0.06217526690391458,0.001823843416370107,0.05526690391459074,0.0014590747330960854,0.001307829181494662,0.0,0.0
100000005237935150,2,False,1,0,34508.0,0.0,1,0,False,0.0,0.00029636429901978736,0.0,7.024825929926578e-09,1,0.0,0.0,24,0.0737855871886121,0.06217526690391458,0.09012455516014235,0.05526690391459074,0.055871886120996445,0.01766903914590747,1.0,0.35489323843416365
100000005241556100,3,False,1,0,100000.0,0.0,1,0,False,0.0,0.0005457881780648779,0.0,3.2777693353611925e-82,8,0.0,0.0,35,0.0737855871886121,0.06217526690391458,0.028247330960854092,0.05526690391459074,0.13537366548042706,0.10059608540925268,1.0,0.4554448398576513
100000005242320100,2,False,2,21,365700.0,8936295.0,2,29,False,24.43613617719442,0.0004971822551126905,2.04825572317313e-05,9.322885694796459e-08,2,365700.0,0.04092299996810759,24,0.15409697508896797,0.17783807829181494,0.10551601423487544,0.1500355871886121,0.12391459074733098,0.03368327402135231,1.0,0.7450845195729537
100000005264874100,3,False,1,2,30000.0,78000.0,1,3,False,2.6,0.00042569821711005494,1.139836869667021e-79,1.795308203276027e-82,1,0.0,0.0,26,0.0737855871886121,0.1554581850533808,0.027713523131672597,0.12676156583629894,0.11640569395017794,0.01766903914590747,1.0,0.5177935943060498
100000005264990100,0,True,1,2,17070.0,122000.0,1,2,False,7.147041593438781,0.00036189040387550776,1.4193691811603015e-07,6.948228432407699e-10,7,0.0,0.0,49,0.0737855871886121,0.1554581850533808,0.08718861209964412,0.142491103202847,0.10469750889679716,0.06515124555160143,1.0,0.6287722419928826
100000005265073100,3,False,1,1,5000.0,9000.0,1,1,False,1.8,0.0002975016239325611,3.0091882774244547e-118,1.7054968116859504e-07,8,0.0,0.0,49,0.0737855871886121,0.13716192170818506,0.10894128113879005,0.11270462633451958,0.058113879003558716,0.10059608540925268,1.0,0.5913033807829181
100000005268319100,3,False,1,5,19712.8,91000.0,2,10,False,4.6162899232985675,0.0002920482292857457,5.652361091432862e-06,4.891347458681097e-05,7,18167.8,0.19964615384615383,0,0.0737855871886121,0.17043149466192173,0.15382562277580072,0.14797153024911033,0.04362989323843416,0.06515124555160143,1.0,0.6547953736654805
100000005272139100,4,False,1,0,165000.0,0.0,1,0,True,0.0,0.0007505718828659009,0.0,6.328350416363938e-75,7,0.0,0.0,16,0.0737855871886121,0.06217526690391458,0.03282918149466192,0.05526690391459074,0.14747330960854094,0.06515124555160143,0.75,0.3275111209964413
100000005287097100,1,False,2,9,127173.0,697300.0,5,42,False,5.483082100760382,0.0003010567218212353,2.620430624045438e-06,0.00010639221974103047,7,101973.0,0.14623978201634877,16,0.15409697508896797,0.17463523131672598,0.16032028469750892,0.14640569395017794,0.06626334519572953,0.06515124555160143,1.0,0.7668727758007118
100000005293969100,4,False,1,0,5466.97,0.0,1,0,True,0.0,0.000527355829610977,0.0,1.6986055025574465e-124,7,0.0,0.0,0,0.0737855871886121,0.06217526690391458,0.0051601423487544484,0.05526690391459074,0.12782918149466194,0.06515124555160143,0.75,0.2920262455516014
100000005308954100,3,False,1,1,69020.0,30000.0,1,1,False,0.43465662126919735,0.00035736902846797446,1.8043745829576355e-100,1.2869827766157204e-06,7,0.0,0.0,16,0.0737855871886121,0.13716192170818506,0.12482206405693952,0.11843416370106763,0.10320284697508898,0.06515124555160143,1.0,0.6225578291814947
100000005314565100,3,False,1,0,218500.0,0.0,3,0,False,0.0,0.000372831939964293,0.0,0.0001628471179907747,7,0.0,0.0,0,0.0737855871886121,0.06217526690391458,0.16343416370106764,0.05526690391459074,0.10725978647686833,0.06515124555160143,1.0,0.5270729537366549
100000005316708100,1,False,1,2,90000.0,257500.0,1,4,False,2.861111111111111,0.0002960795403046517,1.2425875451843878e-06,4.888554532083061e-06,1,0.0,0.0,24,0.0737855871886121,0.1554581850533808,0.13736654804270462,0.14505338078291816,0.05523131672597865,0.01766903914590747,1.0,0.5845640569395019
100000005317181100,3,False,1,1,141250.0,14500.0,1,1,False,0.10265486725663717,0.00032058334854381034,3.31677580247477e-111,0.0005551526770199343,7,0.0,0.0,0,0.0737855871886121,0.13716192170818506,0.18087188612099647,0.11480427046263346,0.08839857651245552,0.06515124555160143,1.0,0.660173487544484
100000005326681100,2,False,1,0,31228.0,0.0,1,0,False,0.0,0.0002938955031621825,0.0,1.9009509841526757e-06,7,0.0,0.0,3,0.0737855871886121,0.06217526690391458,0.12864768683274022,0.05526690391459074,0.04953736654804271,0.06515124555160143,1.0,0.43456405693950173
100000005328215100,2,False,1,0,27000.0,0.0,1,0,False,0.0,0.0002968086507959013,0.0,2.067776744989595e-06,1,0.0,0.0,11,0.0737855871886121,0.06217526690391458,0.12962633451957298,0.05526690391459074,0.05629893238434163,0.01766903914590747,1.0,0.3948220640569395
100000005339662100,1,False,4,4,202939.0,295160.0,9,15,False,1.4544271924075707,0.0016550208762444903,1.7410446657837522e-06,5.382131184643123e-05,7,128675.0,0.4359499932240141,3,0.17435498220640572,0.16814946619217083,0.15489323843416372,0.14569395017793593,0.15629893238434164,0.06515124555160143,1.0,0.8645418149466193
100000005342513100,3,False,1,1,235000.0,30000.0,2,1,False,0.1276595744680851,0.0011366998270111314,9.351350178173238e-35,1.524110442314848e-34,1,30000.0,1.0,22,0.0737855871886121,0.13716192170818506,0.058007117437722425,0.13772241992882564,0.15338078291814947,0.01766903914590747,1.0,0.5777268683274022
100000005357034100,3,False,1,0,9754.0,0.0,1,0,False,0.0,0.00028458279554211685,0.0,0.00021893992503050345,7,0.0,0.0,0,0.0737855871886121,0.06217526690391458,0.1669928825622776,0.05526690391459074,0.003416370106761566,0.06515124555160143,1.0,0.42678825622775807
100000005357705100,3,False,1,4,52595.0,387080.0,1,5,False,7.35963494628767,0.00029465389343350136,1.0457525716202048e-62,0.00022384947016832935,7,52595.0,0.13587630463986772,8,0.0737855871886121,0.16814946619217083,0.16734875444839858,0.13281138790035588,0.05181494661921709,0.06515124555160143,1.0,0.6590613879003558
100000005360814100,4,False,1,0,144000.0,0.0,3,0,True,0.0,0.00043116934297136975,0.0,2.0555620419365685e-08,7,0.0,0.0,8,0.0737855871886121,0.06217526690391458,0.0954626334519573,0.05526690391459074,0.11743772241992882,0.06515124555160143,0.75,0.3519595195729537
100000005362848100,3,False,1,0,29000.0,0.0,1,0,False,0.0,0.0002947670824135595,0.0,3.0384740485692186e-08,7,0.0,0.0,18,0.0737855871886121,0.06217526690391458,0.09848754448398578,0.05526690391459074,0.052241992882562274,0.06515124555160143,1.0,0.40710854092526694
100000005363908100,1,False,1,1,19500.0,19500.0,1,1,False,1.0,0.0003366397210534135,4.441064599665551e-69,3.579139843180068e-69,1,19500.0,1.0,71,0.0737855871886121,0.13716192170818506,0.03603202846975089,0.1298932384341637,0.09587188612099645,0.01766903914590747,1.0,0.49041370106761567
100000005367180100,4,False,1,0,7700.0,0.0,1,0,True,0.0,0.0007774995611696135,0.0,1.6331184349119012e-119,7,0.0,0.0,8,0.0737855871886121,0.06217526690391458,0.00604982206405694,0.05526690391459074,0.14797153024911033,0.06515124555160143,0.75,0.3078002669039146
100000005367284100,3,False,1,2,13700.0,48300.0,1,5,False,3.5255474452554743,0.00028758192998372406,1.942703335934109e-93,0.00017289343137008703,7,13700.0,0.2836438923395445,0,0.0737855871886121,0.1554581850533808,0.1639679715302491,0.1207829181494662,0.021209964412811387,0.06515124555160143,1.0,0.600355871886121
100000005367445100,3,False,1,1,5000.0,5000.0,1,1,False,1.0,0.0019379271078226277,4.124896437658076e-08,8.532445701341959e-126,9,5000.0,1.0,4,0.0737855871886121,0.13716192170818506,0.004314946619217082,0.1413523131672598,0.15715302491103203,0.10908362989323844,1.0,0.6228514234875444
100000005370558100,4,False,1,0,5000.0,0.0,1,0,True,0.0,0.000297676900366244,0.0,1.5533674100591384e-08,7,0.0,0.0,0,0.0737855871886121,0.06217526690391458,0.0942170818505338,0.05526690391459074,0.05857651245551601,0.06515124555160143,0.75,0.3068794483985765
100000005370580100,0,True,1,0,24075.0,0.0,1,0,False,0.0,0.00034399606200622427,0.0,8.126737607598648e-11,7,0.0,0.0,12,0.0737855871886121,0.06217526690391458,0.0856761565836299,0.05526690391459074,0.09900355871886123,0.06515124555160143,1.0,0.44105871886120995
100000005375968100,3,False,1,2,170082.0,86000.0,1,4,False,0.5056384567443939,0.0002935494320207199,6.414331228993513e-85,0.0009142453633297776,7,30000.0,0.3488372093023256,0,0.0737855871886121,0.1554581850533808,0.1863879003558719,0.12434163701067616,0.04861209964412812,0.06515124555160143,1.0,0.6537366548042706
100000005382566100,0,True,7,1,393066.0,50000.0,11,1,False,0.12720510041570626,0.002097760988514033,6.297732181437894e-93,5.889987889894966e-07,14,50000.0,1.0,49,0.17839857651245553,0.13716192170818506,0.11717081850533809,0.12113879003558721,0.15793594306049824,0.11986654804270463,1.0,0.8316725978647688
100000005386383100,0,True,2,1,37500.0,29000.0,2,1,False,0.7733333333333333,0.000521220348356915,1.0469816094694326e-07,4.331126379989855e-89,7,0.0,0.0,49,0.15409697508896797,0.13716192170818506,0.02215302491103203,0.1418505338078292,0.12612099644128116,0.06515124555160143,1.0,0.6465346975088968
100000005392290100,0,True,0,1,0.0,81465.0,0,1,False,,0.00028403728526186454,1.0167639583902493e-85,0.0,0,0.0,0.0,68,0.001641459074733096,0.13716192170818506,0.001823843416370107,0.12405693950177936,0.0014590747330960854,0.001307829181494662,1.0,0.26745106761565834
100000005394708100,1,False,1,1,26000.0,65000.0,1,1,False,2.5,0.00034325637964354545,6.751521920794311e-75,1.1432958199905424e-81,1,26000.0,0.4,49,0.0737855871886121,0.13716192170818506,0.02891459074733096,0.12804270462633452,0.09850533807829182,0.01766903914590747,1.0,0.4840791814946619
100000005395727100,0,True,1,0,17000.0,0.0,1,0,False,0.0,0.0003691073806941126,0.0,2.5172622762602156e-89,7,0.0,0.0,3,0.0737855871886121,0.06217526690391458,0.021975088967971533,0.05526690391459074,0.10640569395017795,0.06515124555160143,1.0,0.38475978647686837
100000005402643100,2,False,1,1,127800.0,90000.0,1,1,False,0.704225352112676,0.0002959828759453673,3.009188277424462e-84,1.4288184360983816e-07,1,0.0,0.0,4,0.0737855871886121,0.13716192170818506,0.10774021352313168,0.12466192170818506,0.05508896797153025,0.01766903914590747,1.0,0.5161076512455516
100000005409156100,3,False,2,0,260080.0,0.0,2,0,False,0.0,0.0004214259198803029,0.0,0.00766140443905574,7,0.0,0.0,10,0.15409697508896797,0.06217526690391458,0.19626334519572955,0.05526690391459074,0.11551601423487545,0.06515124555160143,1.0,0.6484697508896797
100000005409680100,0,True,2,0,55060.0,0.0,2,0,False,0.0,0.0006293233060008121,0.0,8.810336361843938e-07,9,0.0,0.0,43,0.15409697508896797,0.06217526690391458,0.12046263345195732,0.05526690391459074,0.14313167259786477,0.10908362989323844,1.0,0.6442170818505337
100000005413948100,2,False,2,1,28215.0,5000.0,2,1,False,0.177210703526493,0.00194575273301975,6.2977321814379195e-127,5.58859187148547e-07,9,0.0,0.0,4,0.15409697508896797,0.13716192170818506,0.11619217081850536,0.111067615658363,0.15729537366548044,0.10908362989323844,1.0,0.7848976868327402
100000005417257100,0,True,0,2,0.0,106000.0,0,2,False,,0.00028403728526186454,7.845189878957667e-82,0.0,0,0.0,0.0,49,0.001641459074733096,0.1554581850533808,0.001823843416370107,0.12597864768683276,0.0014590747330960854,0.001307829181494662,1.0,0.28766903914590747
100000005432267100,1,False,2,0,350001.0,0.0,2,0,False,0.0,0.0003403512220313829,0.0,0.0011054959571371247,10,0.0,0.0,2,0.15409697508896797,0.06217526690391458,0.1874555160142349,0.05526690391459074,0.09750889679715304,0.11530249110320284,1.0,0.6718060498220642
100000005454368100,0,True,2,0,48600.0,0.0,2,0,False,0.0,0.0003918858897666957,0.0,7.464547107180509e-08,7,0.0,0.0,12,0.15409697508896797,0.06217526690391458,0.10400355871886123,0.05526690391459074,0.11153024911032029,0.06515124555160143,1.0,0.5522241992882563
100000005456919100,1,False,2,1,479950.0,5000.0,10,1,False,0.010417751849150954,0.0014326810455822896,3.2580288574690502e-46,1.6041347850866588e-44,1,5000.0,1.0,9,0.15409697508896797,0.13716192170818506,0.05329181494661921,0.13580071174377226,0.15551601423487546,0.01766903914590747,1.0,0.6535364768683274
100000005473151100,1,False,3,4,1220000.0,225000.0,4,6,False,0.18442622950819673,0.0004656060116167458,1.0195526461879734e-70,5.579250907363719e-06,9,205000.0,0.9111111111111111,18,0.1683896797153025,0.16814946619217083,0.13896797153024912,0.1294661921708185,0.1204982206405694,0.10908362989323844,1.0,0.8345551601423489
100000005474472100,2,False,1,0,100000.0,0.0,1,0,False,0.0,0.0005417066816380902,0.0,3.2777693353611925e-82,1,0.0,0.0,21,0.0737855871886121,0.06217526690391458,0.028247330960854092,0.05526690391459074,0.13395017793594308,0.01766903914590747,1.0,0.371094306049822
100000005475379100,3,False,1,3,108370.0,81000.0,1,3,False,0.7474393282273692,0.00041911385742735864,8.36940689132908e-86,0.00010396469314970903,8,0.0,0.0,11,0.0737855871886121,0.16390569395017793,0.16014234875444844,0.12398576512455517,0.11523131672597865,0.10059608540925268,1.0,0.737646797153025
100000005480435100,0,True,0,0,0.0,0.0,0,0,False,,0.00028403728526186454,0.0,0.0,0,0.0,0.0,78,0.001641459074733096,0.06217526690391458,0.001823843416370107,0.05526690391459074,0.0014590747330960854,0.001307829181494662,0.0,0.0
100000005481280100,2,False,1,3,32700.0,50000.0,1,3,False,1.529051987767584,0.0002943601917989594,1.2544890426256728e-89,1.9452378426881197e-06,7,17000.0,0.34,3,0.0737855871886121,0.16390569395017793,0.12900355871886124,0.12256227758007118,0.05103202846975089,0.06515124555160143,1.0,0.6054403914590748
100000005485830100,0,True,0,5,0.0,275885.0,0,9,False,,0.00028403728526186454,1.0446217001996868e-67,0.0,0,0.0,0.0,55,0.001641459074733096,0.17043149466192173,0.001823843416370107,0.1309608540925267,0.0014590747330960854,0.001307829181494662,1.0,0.30762455516014237
100000005493505100,0,True,3,0,62020.0,0.0,3,0,False,0.0,0.0006136658085401847,0.0,8.461094462362915e-11,11,0.0,0.0,12,0.1683896797153025,0.06217526690391458,0.08585409252669039,0.05526690391459074,0.14220640569395018,0.11901245551601423,1.0,0.6329048042704626
100000005495211100,4,False,1,0,14500.0,0.0,1,0,True,0.0,0.0005565331315319111,0.0,2.6387999234960784e-110,7,0.0,0.0,0,0.0737855871886121,0.06217526690391458,0.009163701067615658,0.05526690391459074,0.13779359430604982,0.06515124555160143,0.75,0.30250222419928824
100000005495722100,0,True,0,0,0.0,0.0,0,0,False,,0.00028403728526186454,0.0,0.0,0,0.0,0.0,79,0.001641459074733096,0.06217526690391458,0.001823843416370107,0.05526690391459074,0.0014590747330960854,0.001307829181494662,0.0,0.0
100000005496254100,1,False,1,0,12700.0,0.0,1,0,False,0.0,0.0002864018744547651,0.0,0.0002267695088342365,7,0.0,0.0,0,0.0737855871886121,0.06217526690391458,0.1677046263345196,0.05526690391459074,0.012170818505338079,0.06515124555160143,1.0,0.4362544483985765
100000005497148100,4,False,1,0,24000.0,0.0,2,0,True,0.0,0.0004871241243711796,0.0,5.126376935240972e-100,7,0.0,0.0,10,0.0737855871886121,0.06217526690391458,0.014056939501779359,0.05526690391459074,0.12306049822064058,0.06515124555160143,0.75,0.2951223309608541
100000005498992100,0,True,0,16,0.0,2262868.0,0,19,False,,0.00028403728526186454,0.00028156031625311753,0.0,0,0.0,0.0,4,0.001641459074733096,0.1769973309608541,0.001823843416370107,0.15516014234875447,0.0014590747330960854,0.001307829181494662,1.0,0.3383896797153025
100000005505655100,1,False,2,1,33070.0,20000.0,2,1,False,0.6047777441790142,0.0003196999461879125,7.393168034909662e-11,3.610925631515214e-05,7,13070.0,0.6535,13,0.15409697508896797,0.13716192170818506,0.15258007117437725,0.13950177935943062,0.08811387900355873,0.06515124555160143,1.0,0.736605871886121
100000005507142100,2,False,3,3,51000.0,100000.0,3,4,False,1.9607843137254901,0.0005555330660543224,1.0819421503297004e-82,4.5937751919514216e-79,1,0.0,0.0,26,0.1683896797153025,0.16390569395017793,0.031405693950177935,0.12519572953736657,0.13765124555160144,0.01766903914590747,1.0,0.6442170818505338
100000005514161100,1,False,4,1,401500.0,50000.0,7,1,False,0.12453300124533001,0.0008011820844826387,6.297732181437894e-93,2.48459118441435e-06,9,0.0,0.0,24,0.17435498220640572,0.13716192170818506,0.1314946619217082,0.12113879003558721,0.14854092526690393,0.10908362989323844,1.0,0.8217749110320287
100000005519347100,0,True,2,1,73100.0,99000.0,2,1,False,1.3543091655266757,0.0005531508069346042,5.131454337807248e-10,1.94777388662956e-67,9,0.0,0.0,16,0.15409697508896797,0.13716192170818506,0.03941281138790036,0.1397864768683274,0.13715302491103204,0.10908362989323844,1.0,0.7166948398576514
100000005519998100,2,False,3,3,182000.0,188000.0,5,8,False,1.032967032967033,0.0006478016609438265,9.106432208423519e-05,2.246387038421703e-09,7,62000.0,0.32978723404255317,62,0.1683896797153025,0.16390569395017793,0.08870106761565837,0.1526690391459075,0.14384341637010675,0.06515124555160143,1.0,0.7826601423487546
100000005523088100,0,True,1,0,700000.0,0.0,2,0,False,0.0,0.0017042968750550953,0.0,8.383277990049365e-09,15,0.0,0.0,49,0.0737855871886121,0.06217526690391458,0.0903914590747331,0.05526690391459074,0.15644128113879005,0.11994661921708186,1.0,0.5580071174377225
100000005527892100,1,False,3,8,220001.0,552419.0,3,8,False,2.510984040981632,0.00031071868022195014,2.986523436397924e-07,0.0031898008947421268,8,100000.0,0.18102201408713314,35,0.1683896797153025,0.17407473309608543,0.1919928825622776,0.14320284697508898,0.07857651245551601,0.10059608540925268,1.0,0.8568327402135232
100000005530114100,3,False,2,1,136970.0,25000.0,2,1,False,0.1825217200846901,0.0004919601717163661,0.0010855087981908827,7.143213152859116e-05,7,25000.0,1.0,28,0.15409697508896797,0.13716192170818506,0.15693950177935945,0.15736654804270464,0.12362989323843417,0.06515124555160143,1.0,0.7943460854092528
100000005532138100,3,False,1,0,25046.0,0.0,1,0,False,0.0,0.00029220151181778365,0.0,5.093378088227732e-06,7,0.0,0.0,1,0.0737855871886121,0.06217526690391458,0.13781138790035588,0.05526690391459074,0.044412811387900354,0.06515124555160143,1.0,0.43860320284697507
100000005539201100,1,False,1,1,45504.0,25000.0,1,1,False,0.5494022503516175,0.0002888976049575228,3.665762593409714e-103,6.732044566832527e-05,7,0.0,0.0,16,0.0737855871886121,0.13716192170818506,0.15622775800711747,0.11736654804270463,0.029679715302491104,0.06515124555160143,1.0,0.5793727758007118
100000005539910100,2,False,1,2,102000.0,22000.0,1,2,False,0.21568627450980393,0.0004957703414509768,4.748704969843037e-105,2.3428953266681022e-79,10,0.0,0.0,2,0.0737855871886121,0.1554581850533808,0.031049822064056938,0.11665480427046264,0.12384341637010676,0.11530249110320284,1.0,0.6160943060498221
100000005543136100,0,True,0,1,0.0,10000.0,0,1,False,,0.00028403728526186454,8.83186040629554e-12,0.0,0,0.0,0.0,12,0.001641459074733096,0.13716192170818506,0.001823843416370107,0.13914590747330963,0.0014590747330960854,0.001307829181494662,1.0,0.2825400355871886
100000005546031100,1,False,3,1,66800.0,8000.0,6,1,False,0.11976047904191617,0.000708042163900387,5.4860984651106914e-120,3.0468013008589054e-68,1,8000.0,1.0,71,0.1683896797153025,0.13716192170818506,0.03701067615658363,0.11256227758007117,0.14612099644128115,0.01766903914590747,1.0,0.618914590747331
100000005547096100,2,False,1,2,8000.0,226300.0,1,3,False,28.2875,0.0008858731245961233,5.1970647476100454e-68,5.876151065059731e-119,1,0.0,0.0,71,0.0737855871886121,0.1554581850533808,0.006183274021352315,0.1306761565836299,0.1511032028469751,0.01766903914590747,1.0,0.5348754448398577
100000005550592100,0,True,0,0,0.0,0.0,0,0,False,,0.00028403728526186454,0.0,0.0,0,0.0,0.0,80,0.001641459074733096,0.06217526690391458,0.001823843416370107,0.05526690391459074,0.0014590747330960854,0.001307829181494662,0.0,0.0
100000005553088100,4,False,1,0,17500.0,0.0,1,0,True,0.0,0.0002926950337521978,0.0,5.5632198977941215e-11,7,0.0,0.0,8,0.0737855871886121,0.06217526690391458,0.0849644128113879,0.05526690391459074,0.045836298932384334,0.06515124555160143,0.75,0.2903847864768683
100000005560900100,0,True,0,0,0.0,0.0,0,0,False,,0.00028403728526186454,0.0,0.0,0,0.0,0.0,81,0.001641459074733096,0.06217526690391458,0.001823843416370107,0.05526690391459074,0.0014590747330960854,0.001307829181494662,0.0,0.0
100000005561741100,2,False,1,0,25000.0,0.0,1,0,False,0.0,0.0003280111863604064,0.0,6.863908570841608e-71,9,0.0,0.0,18,0.0737855871886121,0.06217526690391458,0.035231316725978644,0.05526690391459074,0.0919572953736655,0.10908362989323844,1.0,0.4275
100000005567828100,4,False,1,0,94000.0,0.0,1,0,True,0.0,0.000318956974181956,0.0,8.261138441521055e-08,7,0.0,0.0,18,0.0737855871886121,0.06217526690391458,0.10453736654804271,0.05526690391459074,0.08711743772241994,0.06515124555160143,0.75,0.3360253558718861
100000005568407100,0,True,0,0,0.0,0.0,0,0,False,,0.00028403728526186454,0.0,0.0,0,0.0,0.0,82,0.001641459074733096,0.06217526690391458,0.001823843416370107,0.05526690391459074,0.0014590747330960854,0.001307829181494662,0.0,0.0
100000005572303100,2,False,1,1,75000.0,20000.0,1,1,False,0.26666666666666666,0.0003115611143406635,1.858762460731998e-106,2.7890903744821346e-08,7,0.0,0.0,16,0.0737855871886121,0.13716192170818506,0.09768683274021353,0.11608540925266905,0.07978647686832739,0.06515124555160143,1.0,0.5696574733096086
100000005578559100,2,False,2,21,131000.0,893163.67,2,23,False,6.818043282442749,0.00038878154166668204,4.590893768983739e-06,6.737065396580031e-08,7,131000.0,0.14666964678489441,18,0.15409697508896797,0.17783807829181494,0.10329181494661924,0.14740213523131673,0.1104626334519573,0.06515124555160143,1.0,0.7582428825622776
100000005584222100,1,False,2,2,192717.0,108587.0,6,3,False,0.5634531463233653,0.0008687511465880345,1.7809446516381042e-81,0.0007443805950163797,7,80000.0,0.7367364417471705,0,0.15409697508896797,0.1554581850533808,0.18425266903914594,0.12604982206405693,0.1501779359430605,0.06515124555160143,1.0,0.8351868327402135
100000005588444100,1,False,1,0,12300.0,0.0,1,0,False,0.0,0.0002847379939052889,0.0,1.5663781572504363e-06,1,0.0,0.0,1,0.0737855871886121,0.06217526690391458,0.12695729537366549,0.05526690391459074,0.004270462633451958,0.01766903914590747,1.0,0.34012455516014234
100000005589319100,4,False,1,0,26000.0,0.0,1,0,True,0.0,0.00030826371489897685,0.0,2.7170991757348276e-06,7,0.0,0.0,2,0.0737855871886121,0.06217526690391458,0.1323843416370107,0.05526690391459074,0.07558718861209965,0.06515124555160143,0.75,0.348262900355872
100000005602999100,2,False,1,2,5000.0,16000.0,1,3,False,3.2,0.00030312202304768097,1.91266151569428e-05,2.4700352376685354e-69,8,5000.0,0.3125,53,0.0737855871886121,0.1554581850533808,0.03594306049822064,0.14989323843416372,0.06918149466192171,0.10059608540925268,1.0,0.5848576512455517
100000005608515100,2,False,1,0,64000.0,0.0,4,0,False,0.0,0.00029157107874623167,0.0,1.0346772392296891e-33,1,0.0,0.0,1,0.0737855871886121,0.06217526690391458,0.061298932384341635,0.05526690391459074,0.041494661921708184,0.01766903914590747,1.0,0.3116903914590747
100000005610717100,3,False,4,1,484500.0,265200.0,6,7,False,0.5473684210526316,0.00034253652843156614,2.727116627335126e-68,0.009791334854817224,7,222200.0,0.8378582202111614,0,0.17435498220640572,0.13716192170818506,0.19733096085409255,0.1304626334519573,0.09822064056939503,0.06515124555160143,1.0,0.8026823843416371
100000005612411100,1,False,3,8,115500.0,506997.0,4,8,False,4.389584415584416,0.0003253995233385583,1.0101532945480254e-58,2.758084911963709e-05,8,115500.0,0.22781199888756737,2,0.1683896797153025,0.17407473309608543,0.15000000000000002,0.13387900355871887,0.0907473309608541,0.10059608540925268,1.0,0.8176868327402136
100000005614315100,2,False,1,0,455000.0,0.0,1,0,False,0.0,0.0005716224281904462,0.0,3.6220978289306433e-60,7,0.0,0.0,16,0.0737855871886121,0.06217526690391458,0.047330960854092524,0.05526690391459074,0.13907473309608542,0.06515124555160143,1.0,0.4427846975088968
100000005616568100,4,False,1,0,530000.0,0.0,1,0,True,0.0,0.00042944394358471573,0.0,5.362563607972686e-50,7,0.0,0.0,10,0.0737855871886121,0.06217526690391458,0.05151245551601424,0.05526690391459074,0.11715302491103204,0.06515124555160143,0.75,0.31878336298932386
100000005619339100,2,False,1,1,5000.0,5442.6,1,1,False,1.0885200000000002,0.0003190607479727339,1.7220230652643522e-09,5.918291809501335e-11,7,0.0,0.0,16,0.0737855871886121,0.13716192170818506,0.0851423487544484,0.14,0.08725978647686834,0.06515124555160143,1.0,0.5885008896797154
100000005620225100,1,False,2,0,49845.66,0.0,2,0,False,0.0,0.00029462209379889863,0.0,0.00044853544987374754,7,0.0,0.0,0,0.15409697508896797,0.06217526690391458,0.1769572953736655,0.05526690391459074,0.051743772241992884,0.06515124555160143,1.0,0.5653914590747332
100000005621418100,4,False,1,0,30000.0,0.0,1,0,True,0.0,0.000306100727853963,0.0,9.584035721156422e-11,7,0.0,0.0,14,0.0737855871886121,0.06217526690391458,0.08603202846975089,0.05526690391459074,0.07323843416370107,0.06515124555160143,0.75,0.3117370996441281
100000005628518100,3,False,1,0,77000.0,0.0,3,0,False,0.0,0.000529840457648284,0.0,5.164373943131086e-86,7,0.0,0.0,43,0.0737855871886121,0.06217526690391458,0.024555160142348757,0.05526690391459074,0.1298932384341637,0.06515124555160143,1.0,0.4108274021352313
100000005634552100,1,False,1,3,25850.0,1196000.0,1,4,False,46.2669245647969,0.00028679834503974705,0.001510800281970479,5.074023435154352e-05,7,0.0,0.0,0,0.0737855871886121,0.16390569395017793,0.15427046263345198,0.15750889679715305,0.015729537366548044,0.06515124555160143,1.0,0.6303514234875446
100000005636951100,4,False,1,0,40000.0,0.0,1,0,True,0.0,0.0006314134519763883,0.0,9.899189687976288e-90,1,0.0,0.0,41,0.0737855871886121,0.06217526690391458,0.021174377224199292,0.05526690391459074,0.14320284697508898,0.01766903914590747,0.75,0.27995551601423485
100000005660203100,2,False,1,2,572899.0,41000.0,12,5,False,0.07156584319400104,0.0009413495995700464,3.650883222381471e-05,2.987549353862286e-56,7,41000.0,1.0,16,0.0737855871886121,0.1554581850533808,0.04928825622775801,0.1509608540925267,0.1516014234875445,0.06515124555160143,1.0,0.6462455516014235
100000005661528100,3,False,1,0,25000.0,0.0,1,0,False,0.0,0.00028951686290143794,0.0,9.851540939762034e-05,7,0.0,0.0,8,0.0737855871886121,0.06217526690391458,0.15969750889679718,0.05526690391459074,0.03274021352313167,0.06515124555160143,1.0,0.44881672597864763
100000005661829100,3,False,1,2,37790.0,40362.0,1,4,False,1.0680603334215402,0.0002904540848687899,1.4751420472064745e-06,1.8052745848582337e-05,7,33790.0,0.837173579109063,43,0.0737855871886121,0.1554581850533808,0.14679715302491103,0.14548042704626335,0.03715302491103203,0.06515124555160143,1.0,0.6238256227758007
100000005664632100,2,False,1,0,198620.0,0.0,18,0,False,0.0,0.00036308191160147715,0.0,9.869406932574043e-56,10,0.0,0.0,74,0.0737855871886121,0.06217526690391458,0.04955516014234876,0.05526690391459074,0.10498220640569397,0.11530249110320284,1.0,0.461067615658363
100000005664922100,2,False,2,3,22000.0,537000.0,2,4,False,24.40909090909091,0.0008009596370616584,3.783423921094427e-14,4.1584122000722565e-104,1,0.0,0.0,21,0.15409697508896797,0.16390569395017793,0.011743772241992884,0.13864768683274023,0.14846975088967973,0.01766903914590747,1.0,0.6345329181494661
100000005665181100,2,False,4,11,45498.0,181915.0,5,11,False,3.998307617917271,0.00039625523747124116,0.0023156791841771568,2.403725240357957e-06,7,5000.0,0.027485364043646758,10,0.17435498220640572,0.17551601423487545,0.1311387900355872,0.15779359430604983,0.11245551601423488,0.06515124555160143,1.0,0.8164101423487545
100000005667841100,3,False,2,0,186000.0,0.0,2,0,False,0.0,0.00031061471957395545,0.0,1.8329539297480929e-06,8,0.0,0.0,4,0.15409697508896797,0.06217526690391458,0.12829181494661923,0.05526690391459074,0.07843416370106762,0.10059608540925268,1.0,0.5788612099644128
100000005668605100,0,True,3,0,94500.0,0.0,3,0,False,0.0,0.0008327527433204807,0.0,8.802725611987994e-07,10,0.0,0.0,49,0.1683896797153025,0.06217526690391458,0.12037366548042705,0.05526690391459074,0.14932384341637012,0.11530249110320284,1.0,0.6708318505338078
100000005669845100,1,False,1,0,20000.0,0.0,1,0,False,0.0,0.000315727074112564,0.0,8.372018377213338e-67,1,0.0,0.0,27,0.0737855871886121,0.06217526690391458,0.041058718861209965,0.05526690391459074,0.08395017793594306,0.01766903914590747,1.0,0.3339056939501779
100000005674387100,3,False,1,0,26200.0,0.0,1,0,False,0.0,0.0002880965592946403,0.0,7.876545184333523e-33,1,0.0,0.0,22,0.0737855871886121,0.06217526690391458,0.06872775800711743,0.05526690391459074,0.025373665480427045,0.01766903914590747,1.0,0.3029982206405693
100000005685783100,4,False,1,0,26150.0,0.0,1,0,True,0.0,0.0005289127759687647,0.0,1.0020285835529373e-101,1,0.0,0.0,22,0.0737855871886121,0.06217526690391458,0.013167259786476869,0.05526690391459074,0.1294661921708185,0.01766903914590747,0.75,0.2636476868327402
100000005704413100,3,False,3,32,97834.67,1363593.0,4,35,False,13.9377278014021,0.000595947977122765,6.932927911861475e-06,5.28904458347233e-08,7,97834.67,0.07174770624372521,18,0.1683896797153025,0.17879893238434164,0.10169039145907476,0.14839857651245553,0.14106761565836298,0.06515124555160143,1.0,0.803496441281139
100000005709551100,3,False,1,0,24560.0,0.0,1,0,False,0.0,0.00029306111135541947,0.0,1.4835012705894738e-05,7,0.0,0.0,12,0.0737855871886121,0.06217526690391458,0.14617437722419932,0.05526690391459074,0.04711743772241993,0.06515124555160143,1.0,0.4496708185053382
100000005711521100,4,False,1,0,238000.0,0.0,1,0,True,0.0,0.0005306782532442467,0.0,1.3517813468302094e-69,7,0.0,0.0,12,0.0737855871886121,0.06217526690391458,0.03576512455516014,0.05526690391459074,0.1306049822064057,0.06515124555160143,0.75,0.31706183274021355
100000005723580100,4,False,1,0,35000.0,0.0,1,0,True,0.0,0.00034244767587877955,0.0,4.5785098813392666e-76,8,0.0,0.0,4,0.0737855871886121,0.06217526690391458,0.03229537366548043,0.05526690391459074,0.09807829181494664,0.10059608540925268,0.75,0.31664813167259787
100000005730108100,2,False,1,0,8000.0,0.0,1,0,False,0.0,0.00035664017085656677,0.0,2.1123091448511445e-100,7,0.0,0.0,0,0.0737855871886121,0.06217526690391458,0.013790035587188613,0.05526690391459074,0.10291814946619217,0.06515124555160143,1.0,0.37308718861209966
100000005744674100,0,True,0,1,0.0,50066.0,0,2,False,,0.00028403728526186454,1.3756612426423132e-07,0.0,0,0.0,0.0,49,0.001641459074733096,0.13716192170818506,0.001823843416370107,0.1424199288256228,0.0014590747330960854,0.001307829181494662,1.0,0.28581405693950174
100000005745873100,4,False,1,0,223000.0,0.0,1,0,True,0.0,0.00031458847135458853,0.0,6.873491256232263e-41,7,0.0,0.0,65,0.0737855871886121,0.06217526690391458,0.055693950177935936,0.05526690391459074,0.08306049822064057,0.06515124555160143,0.75,0.2963500889679715
100000005754335100,3,False,1,0,44037.0,0.0,1,0,False,0.0,0.00040221903124362124,0.0,4.119666989681987e-06,7,0.0,0.0,66,0.0737855871886121,0.06217526690391458,0.13558718861209967,0.05526690391459074,0.11359430604982207,0.06515124555160143,1.0,0.5055604982206405
100000005756189100,3,False,1,1,65000.0,49050.0,1,1,False,0.7546153846153846,0.0002861264312952152,3.280427460479589e-93,0.004477026501734031,7,49050.0,1.0,10,0.0737855871886121,0.13716192170818506,0.19297153024911035,0.1209252669039146,0.011174377224199289,0.06515124555160143,1.0,0.6011699288256229
100000005756535100,3,False,1,0,20000.0,0.0,1,0,False,0.0,0.000538362025874259,0.0,1.2591667374038265e-105,1,0.0,0.0,22,0.0737855871886121,0.06217526690391458,0.010854092526690392,0.05526690391459074,0.13359430604982206,0.01766903914590747,1.0,0.3533451957295373
100000005767403100,4,False,1,0,1100000.0,0.0,2,0,True,0.0,0.0010729063194684471,0.0,1.3616191314954302e-09,7,0.0,0.0,62,0.0737855871886121,0.06217526690391458,0.08807829181494663,0.05526690391459074,0.15281138790035587,0.06515124555160143,0.75,0.37295151245551605
100000005778283100,1,False,3,0,615760.0,0.0,3,0,False,0.0,0.0004349765253664856,0.0,2.3265304179986136e-05,9,0.0,0.0,1,0.1683896797153025,0.06217526690391458,0.14857651245551604,0.05526690391459074,0.11793594306049823,0.10908362989323844,1.0,0.6614279359430606
100000005782781100,2,False,6,10,171888.0,1263597.0,10,10,False,7.351281066741134,0.0004845809443832175,0.0008280898063186546,3.9793484603505724e-05,7,161688.0,0.12795851842003422,1,0.17771797153024912,0.17507562277580072,0.1530249110320285,0.15715302491103203,0.12270462633451958,0.06515124555160143,1.0,0.8508274021352314
100000005782886100,4,False,1,0,14000.0,0.0,1,0,True,0.0,0.0003614653761971847,0.0,2.4531662486663533e-91,9,0.0,0.0,4,0.0737855871886121,0.06217526690391458,0.0199288256227758,0.05526690391459074,0.10441281138790036,0.10908362989323844,0.75,0.318489768683274
100000005783452100,4,False,2,0,286500.0,0.0,2,0,True,0.0,0.00031269420038584753,0.0,4.480086032116452e-07,8,0.0,0.0,24,0.15409697508896797,0.06217526690391458,0.11530249110320286,0.05526690391459074,0.0813523131672598,0.10059608540925268,0.75,0.4265925266903915
100000005799271100,2,False,1,0,45000.0,0.0,2,0,False,0.0,0.000533439996018488,0.0,6.701533762164643e-91,8,0.0,0.0,11,0.0737855871886121,0.06217526690391458,0.0202846975088968,0.05526690391459074,0.1315302491103203,0.10059608540925268,1.0,0.4436387900355872
100000005807278100,1,False,1,0,8385.0,0.0,1,0,False,0.0,0.0002913751424901943,0.0,3.3216726913902178e-68,1,0.0,0.0,55,0.0737855871886121,0.06217526690391458,0.03709964412811388,0.05526690391459074,0.04078291814946619,0.01766903914590747,1.0,0.28677935943060495
100000005809252100,2,False,1,0,25000.0,0.0,1,0,False,0.0,0.0005636418777816682,0.0,2.221102896440608e-102,7,0.0,0.0,10,0.0737855871886121,0.06217526690391458,0.012633451957295375,0.05526690391459074,0.13850533807829182,0.06515124555160143,1.0,0.40751779359430607
100000005815602100,3,False,1,1,20000.0,165000.0,1,1,False,8.25,0.0005488642324587954,2.6832314995445124e-75,1.2591667374038265e-105,7,0.0,0.0,16,0.0737855871886121,0.13716192170818506,0.010854092526690392,0.12782918149466194,0.13615658362989325,0.06515124555160143,1.0,0.5509386120996441
100000005820746100,3,False,1,1,1989000.0,60000.0,2,1,False,0.030165912518853696,0.0009809454470825988,2.7575375072536268e-15,1.9807867404323477e-32,1,0.0,0.0,21,0.0737855871886121,0.13716192170818506,0.0744661921708185,0.13850533807829182,0.1521708185053381,0.01766903914590747,1.0,0.593758896797153
100000005830339100,3,False,5,1,476341.0,339251.0,12,1,False,0.7122019729563485,0.0003614782431924722,0.000611003495878694,0.002584828751760418,7,0.0,0.0,2,0.17655693950177936,0.13716192170818506,0.19101423487544486,0.15693950177935945,0.10448398576512456,0.06515124555160143,1.0,0.8313078291814947
100000005834479100,2,False,1,2,7500.0,14470.0,1,2,False,1.9293333333333333,0.00028521168132314136,5.6678334374943846e-05,1.0826944820925549e-05,7,0.0,0.0,8,0.0737855871886121,0.1554581850533808,0.14403914590747333,0.15188612099644128,0.006334519572953738,0.06515124555160143,1.0,0.5966548042704627
100000005844459100,1,False,2,0,243400.0,0.0,2,0,False,0.0,0.0003361311841502259,0.0,0.001230773902146963,7,0.0,0.0,0,0.15409697508896797,0.06217526690391458,0.18798932384341638,0.05526690391459074,0.09558718861209965,0.06515124555160143,1.0,0.6202669039145908
100000005847078100,3,False,1,0,16300.0,0.0,1,0,False,0.0,0.00028656271147309525,0.0,6.212679149016061e-33,1,0.0,0.0,22,0.0737855871886121,0.06217526690391458,0.06463523131672598,0.05526690391459074,0.013416370106761567,0.01766903914590747,1.0,0.28694839857651244
100000005849100100,2,False,1,0,33300.0,0.0,1,0,False,0.0,0.00048778544182475443,0.0,1.909418316716245e-94,10,0.0,0.0,2,0.0737855871886121,0.06217526690391458,0.017526690391459075,0.05526690391459074,0.12327402135231318,0.11530249110320284,1.0,0.4473309608540925
100000005849862100,4,False,1,0,13000.0,0.0,2,0,True,0.0,0.00054514122371513,0.0,6.802690151989402e-112,7,0.0,0.0,1,0.0737855871886121,0.06217526690391458,0.008718861209964414,0.05526690391459074,0.13494661921708187,0.06515124555160143,0.75,0.3000333629893238
100000005852946100,1,False,1,0,23746.0,0.0,1,0,False,0.0,0.0002887536196950777,0.0,0.00031847120996332935,10,0.0,0.0,2,0.0737855871886121,0.06217526690391458,0.1720640569395018,0.05526690391459074,0.028683274021352314,0.11530249110320284,1.0,0.5072775800711744
100000005857058100,3,False,3,0,80222.0,0.0,3,0,False,0.0,0.0003876405083123721,0.0,0.0003270110957104946,7,0.0,0.0,0,0.1683896797153025,0.06217526690391458,0.17233096085409255,0.05526690391459074,0.1102491103202847,0.06515124555160143,1.0,0.6335631672597866
100000005873152100,3,False,1,1,10000.0,10000.0,1,1,False,1.0,0.0004638746283381705,2.0430707431728053e-08,1.4605086766377196e-89,11,0.0,0.0,11,0.0737855871886121,0.13716192170818506,0.021708185053380784,0.1408540925266904,0.12021352313167262,0.11901245551601423,1.0,0.6127357651245552
100000005877725100,1,False,1,0,70000.0,0.0,1,0,False,0.0,0.0002986188433636131,0.0,4.144930635966689e-32,1,0.0,0.0,22,0.0737855871886121,0.06217526690391458,0.08211743772241993,0.05526690391459074,0.06135231316725979,0.01766903914590747,1.0,0.35236654804270456
100000005878334100,4,False,1,0,76400.0,0.0,2,0,True,0.0,0.0003966735466511419,0.0,3.904615136284491e-74,7,0.0,0.0,35,0.0737855871886121,0.06217526690391458,0.033540925266903915,0.05526690391459074,0.11259786476868328,0.06515124555160143,0.75,0.30188834519572955
100000005882013100,2,False,2,1,135000.0,10000.0,3,1,False,0.07407407407407407,0.0005229986412188898,0.00010082323071459404,8.359130584395951e-07,10,10000.0,1.0,12,0.15409697508896797,0.13716192170818506,0.12010676156583631,0.15302491103202848,0.12619217081850534,0.11530249110320284,1.0,0.805885231316726
100000005888829100,4,False,1,0,197000.0,0.0,1,0,True,0.0,0.0003097749342646877,0.0,3.0023600014396706e-07,8,0.0,0.0,4,0.0737855871886121,0.06217526690391458,0.11307829181494662,0.05526690391459074,0.07736654804270462,0.10059608540925268,0.75,0.36170151245551596
100000005893892100,3,False,1,0,102780.0,0.0,1,0,False,0.0,0.000287340707251215,0.0,0.005629726458758805,7,0.0,0.0,10,0.0737855871886121,0.06217526690391458,0.19386120996441283,0.05526690391459074,0.020284697508896797,0.06515124555160143,1.0,0.4705249110320284
100000005895525100,1,False,1,0,120000.0,0.0,3,0,False,0.0,0.00038905134219681674,0.0,1.2565967310007303e-67,1,0.0,0.0,55,0.0737855871886121,0.06217526690391458,0.03852313167259786,0.05526690391459074,0.1107473309608541,0.01766903914590747,1.0,0.3581672597864768
100000005897462100,1,False,1,0,98400.0,0.0,1,0,False,0.0,0.00029887827133272846,0.0,0.00034311766905716995,8,0.0,0.0,11,0.0737855871886121,0.06217526690391458,0.1729537366548043,0.05526690391459074,0.061850533807829185,0.10059608540925268,1.0,0.5266281138790035
100000005901606100,1,False,1,0,35660.0,0.0,1,0,False,0.0,0.000291465547574841,0.0,2.9584137790833997e-32,1,0.0,0.0,22,0.0737855871886121,0.06217526690391458,0.0795373665480427,0.05526690391459074,0.041209964412811384,0.01766903914590747,1.0,0.32964412811387894
100000005904580100,2,False,2,0,72000.0,0.0,2,0,False,0.0,0.0005192563707850244,0.0,1.0081865058772322e-06,7,0.0,0.0,7,0.15409697508896797,0.06217526690391458,0.1218861209964413,0.05526690391459074,0.12597864768683276,0.06515124555160143,1.0,0.5845551601423489
100000005910114100,3,False,3,19,326144.0,1469993.0,3,56,False,4.507190075549451,0.0003595266304257571,0.0010004837939507482,0.001259964447815973,7,266160.0,0.18106208669020873,0,0.1683896797153025,0.17759786476868328,0.1881672597864769,0.15729537366548044,0.10384341637010676,0.06515124555160143,1.0,0.8604448398576513
100000005910895100,4,False,1,0,5100.0,0.0,1,0,True,0.0,0.0005939082470115685,0.0,1.6564536463173868e-125,8,0.0,0.0,53,0.0737855871886121,0.06217526690391458,0.004982206405693951,0.05526690391459074,0.1408540925266904,0.10059608540925268,0.75,0.3282451067615658
100000005911352100,2,False,2,3,15000.0,24000.0,2,3,False,1.6,0.0005484487902845049,9.149266092491269e-104,3.6627985065126994e-81,7,0.0,0.0,19,0.15409697508896797,0.16390569395017793,0.029181494661921704,0.11708185053380783,0.13594306049822064,0.06515124555160143,1.0,0.6653603202846975
100000005931985100,2,False,1,0,76000.0,0.0,1,0,False,0.0,0.00031118615061488805,0.0,1.0425153750136822e-08,1,0.0,0.0,24,0.0737855871886121,0.06217526690391458,0.09225978647686833,0.05526690391459074,0.0791459074733096,0.01766903914590747,1.0,0.3803024911032028
100000005932987100,2,False,1,0,25000.0,0.0,3,0,False,0.0,0.00040921829575276043,0.0,2.333701259825144e-12,7,0.0,0.0,62,0.0737855871886121,0.06217526690391458,0.08398576512455516,0.05526690391459074,0.11451957295373667,0.06515124555160143,1.0,0.45488434163701064
100000005933757100,2,False,4,34,1246000.0,3002628.0,6,46,False,2.409813804173355,0.00099505086232175,0.00011816209934082803,5.763778087916656e-08,7,1246000.0,0.4149698197712138,40,0.17435498220640572,0.17891903914590748,0.10240213523131675,0.1533096085409253,0.1522419928825623,0.06515124555160143,1.0,0.8263790035587191
100000005939154100,2,False,1,0,22000.0,0.0,2,0,False,0.0,0.0002921109417916456,0.0,1.5105784877528903e-08,7,0.0,0.0,16,0.0737855871886121,0.06217526690391458,0.09403914590747331,0.05526690391459074,0.04391459074733096,0.06515124555160143,1.0,0.39433274021352316
100000005940652100,1,False,1,0,8395.0,0.0,1,0,False,0.0,0.0002865317247116768,0.0,1.5292706247585258e-10,10,0.0,0.0,51,0.0737855871886121,0.06217526690391458,0.0862099644128114,0.05526690391459074,0.013167259786476869,0.11530249110320284,1.0,0.4059074733096085
100000005941908100,3,False,1,0,10000.0,0.0,1,0,False,0.0,0.0006874337389913973,0.0,1.0365216744397587e-115,8,0.0,0.0,40,0.0737855871886121,0.06217526690391458,0.0074288256227758006,0.05526690391459074,0.14555160142348755,0.10059608540925268,1.0,0.4448042704626335
100000005942793100,2,False,4,0,55000.0,0.0,4,0,False,0.0,0.0003303869311679776,0.0,1.8987841401157694e-05,7,0.0,0.0,0,0.17435498220640572,0.06217526690391458,0.14733096085409256,0.05526690391459074,0.09316725978647687,0.06515124555160143,1.0,0.597446619217082
100000005958064100,1,False,1,2,5746.0,163986.84,1,3,False,28.539303863557258,0.0002846510202515633,7.564061317064017e-09,2.3922414213231686e-05,7,0.0,0.0,40,0.0737855871886121,0.1554581850533808,0.14866548042704628,0.14021352313167262,0.003843416370106762,0.06515124555160143,1.0,0.5871174377224201
100000005961971100,1,False,1,0,47353.0,0.0,1,0,False,0.0,0.0002939012927017517,0.0,3.409117706889041e-32,1,0.0,0.0,22,0.0737855871886121,0.06217526690391458,0.0813167259786477,0.05526690391459074,0.049608540925266904,0.01766903914590747,1.0,0.3398220640569395
100000005974542100,3,False,1,0,94500.0,0.0,3,0,False,0.0,0.0004824887162321402,0.0,1.102766507049614e-06,7,0.0,0.0,29,0.0737855871886121,0.06217526690391458,0.1227758007117438,0.05526690391459074,0.1222775800711744,0.06515124555160143,1.0,0.5014323843416371
100000005979037100,4,False,1,0,60300.0,0.0,1,0,True,0.0,0.00032305372968769776,0.0,6.355668139520375e-63,7,0.0,0.0,8,0.0737855871886121,0.06217526690391458,0.0447508896797153,0.05526690391459074,0.08960854092526692,0.06515124555160143,0.75,0.29305382562277577
100000005995391100,3,False,1,0,17200.0,0.0,1,0,False,0.0,0.0002867021521841448,0.0,6.381890473170846e-33,1,0.0,0.0,22,0.0737855871886121,0.06217526690391458,0.0652135231316726,0.05526690391459074,0.014448398576512455,0.01766903914590747,1.0,0.28855871886121
100000005996909100,3,False,1,0,5500.0,0.0,1,0,False,0.0,0.0003144353662289394,0.0,5.98800033717728e-08,7,0.0,0.0,3,0.0737855871886121,0.06217526690391458,0.10284697508896799,0.05526690391459074,0.08298932384341638,0.06515124555160143,1.0,0.4422153024911033
100000006008169100,1,False,1,0,70000.0,0.0,1,0,False,0.0,0.0002955783596697886,0.0,3.094727996250689e-07,1,0.0,0.0,7,0.0737855871886121,0.06217526690391458,0.11334519572953738,0.05526690391459074,0.054234875444839854,0.01766903914590747,1.0,0.3764768683274021
100000006020215100,3,False,1,2,30000.0,33800.0,1,2,False,1.1266666666666667,0.0002950598741383567,8.231721736154703e-90,1.6395866320232993e-05,7,0.0,0.0,12,0.0737855871886121,0.1554581850533808,0.14661921708185055,0.12241992882562279,0.05295373665480427,0.06515124555160143,1.0,0.616387900355872
100000006030946100,1,False,1,0,73289.0,0.0,1,0,False,0.0,0.0002993039682864224,0.0,4.241189183577336e-32,1,0.0,0.0,22,0.0737855871886121,0.06217526690391458,0.08220640569395019,0.05526690391459074,0.06320284697508897,0.01766903914590747,1.0,0.35430604982206404
100000006048193100,3,False,1,0,41559.0,0.0,1,0,False,0.0,0.000294789977962285,0.0,0.0003011277329832496,7,0.0,0.0,0,0.0737855871886121,0.06217526690391458,0.17117437722419931,0.05526690391459074,0.05231316725978648,0.06515124555160143,1.0,0.47986654804270457
100000006069103100,1,False,3,3,228818.0,270000.0,3,4,False,1.1799770997036947,0.0011426650946129886,5.018477967111436e-68,5.442085813451299e-05,7,45000.0,0.16666666666666666,5,0.1683896797153025,0.16390569395017793,0.1550711743772242,0.1306049822064057,0.15352313167259787,0.06515124555160143,1.0,0.8366459074733097
100000006100920100,3,False,1,0,100000.0,0.0,1,0,False,0.0,0.00032467557116686615,0.0,0.0001101677186911049,7,0.0,0.0,0,0.0737855871886121,0.06217526690391458,0.16058718861209967,0.05526690391459074,0.09032028469750891,0.06515124555160143,1.0,0.5072864768683274
100000006111439100,3,False,3,4,20570.0,24000.0,3,4,False,1.166747690811862,0.0003633712139970613,3.162591880550396e-06,0.00024442769638660644,7,0.0,0.0,10,0.1683896797153025,0.16814946619217083,0.16886120996441284,0.14676156583629893,0.10505338078291816,0.06515124555160143,1.0,0.8223665480427048
100000006111442100,3,False,1,0,64000.0,0.0,1,0,False,0.0,0.00029400022684377325,0.0,1.4967967143963815e-06,8,0.0,0.0,4,0.0737855871886121,0.06217526690391458,0.12651245551601425,0.05526690391459074,0.0500355871886121,0.10059608540925268,1.0,0.46837188612099645
100000006122699100,2,False,2,0,45865.0,0.0,2,0,False,0.0,0.0004023554194803153,0.0,9.145707104295151e-08,7,0.0,0.0,16,0.15409697508896797,0.06217526690391458,0.1054270462633452,0.05526690391459074,0.11366548042704627,0.06515124555160143,1.0,0.5557829181494662
100000006126743100,3,False,1,0,55000.0,0.0,1,0,False,0.0,0.00028580502421316124,0.0,0.004118265404731589,7,0.0,0.0,10,0.0737855871886121,0.06217526690391458,0.19279359430604984,0.05526690391459074,0.009395017793594305,0.06515124555160143,1.0,0.458567615658363
100000006161893100,2,False,1,0,14000.0,0.0,1,0,False,0.0,0.0005287119679530247,0.0,8.144559177138952e-111,7,0.0,0.0,16,0.0737855871886121,0.06217526690391458,0.00907473309608541,0.05526690391459074,0.12911032028469752,0.06515124555160143,1.0,0.3945640569395018
100000006165886100,3,False,2,1,184481.0,75000.0,2,1,False,0.4065459315593476,0.0002969344658096957,0.0008173305061753317,0.0018003671106489824,7,75000.0,1.0,0,0.15409697508896797,0.13716192170818506,0.19012455516014237,0.15708185053380783,0.05672597864768683,0.06515124555160143,1.0,0.7603425266903915
100000006169033100,3,False,1,3,49000.0,1140271.0,1,10,False,23.270836734693876,0.0004155381947948953,8.058787518237957e-06,4.345615416647955e-06,7,0.0,0.0,66,0.0737855871886121,0.16390569395017793,0.13594306049822066,0.14875444839857652,0.11494661921708187,0.06515124555160143,1.0,0.7024866548042705
100000006171671100,4,False,1,0,10000.0,0.0,1,0,True,0.0,0.0005259443557789896,0.0,1.0365216744397587e-115,7,0.0,0.0,0,0.0737855871886121,0.06217526690391458,0.0074288256227758006,0.05526690391459074,0.12676156583629894,0.06515124555160143,0.75,0.2929270462633452
100000006177176100,1,False,1,0,8911.0,0.0,1,0,False,0.0,0.00028498907650676634,0.0,2.9791023004610986e-05,7,0.0,0.0,16,0.0737855871886121,0.06217526690391458,0.1508896797153025,0.05526690391459074,0.0056939501779359435,0.06515124555160143,1.0,0.4129626334519574
100000006209210100,3,False,1,0,229111.0,0.0,1,0,False,0.0,0.0003587204326887264,0.0,1.5404928890762265e-05,7,0.0,0.0,1,0.0737855871886121,0.06217526690391458,0.14644128113879004,0.05526690391459074,0.10362989323843418,0.06515124555160143,1.0,0.5064501779359432
100000006225798100,3,False,3,2,722000.0,26300.0,4,2,False,0.03642659279778394,0.0003578858499598972,2.0544685102758063e-102,0.00995360760094901,7,0.0,0.0,28,0.1683896797153025,0.1554581850533808,0.1974199288256228,0.11779359430604983,0.10334519572953738,0.06515124555160143,1.0,0.8075578291814948
100000006232642100,4,False,1,0,456000.0,0.0,4,0,True,0.0,0.00042528669378609843,0.0,2.115005082669092e-07,7,0.0,0.0,66,0.0737855871886121,0.06217526690391458,0.1103202846975089,0.05526690391459074,0.11622775800711745,0.06515124555160143,0.75,0.36219528469750883
100000006232815100,0,True,1,5,160000.0,296500.0,2,5,False,1.853125,0.0005527071996415808,1.8504534898645525e-66,9.454115518761503e-64,0,0.0,0.0,27,0.0737855871886121,0.17043149466192173,0.04448398576512455,0.13181494661921708,0.13708185053380784,0.001307829181494662,1.0,0.558905693950178
100000006240939100,2,False,1,5,160000.0,778015.0,1,5,False,4.86259375,0.00031699645214277255,1.5759473866482686e-06,6.596425328592277e-08,1,160000.0,0.2056515619878794,41,0.0737855871886121,0.17043149466192173,0.10320284697508897,0.14555160142348755,0.08526690391459076,0.01766903914590747,1.0,0.5959074733096086
100000006248077100,2,False,1,0,50000.0,0.0,1,0,False,0.0,0.00029226239590987346,0.0,3.623540278232002e-06,7,0.0,0.0,16,0.0737855871886121,0.06217526690391458,0.13434163701067617,0.05526690391459074,0.04455516014234875,0.06515124555160143,1.0,0.43527580071174377
100000006249740100,0,True,0,3,0.0,93007.0,0,5,False,,0.00028403728526186454,3.8048448235069227e-82,0.0,0,0.0,0.0,83,0.001641459074733096,0.16390569395017793,0.001823843416370107,0.12590747330960855,0.0014590747330960854,0.001307829181494662,1.0,0.2960453736654804
100000006257675100,4,False,1,0,70000.0,0.0,2,0,True,0.0,0.0003803390580875,0.0,7.805100816671478e-65,7,0.0,0.0,32,0.0737855871886121,0.06217526690391458,0.04359430604982206,0.05526690391459074,0.10868327402135233,0.06515124555160143,0.75,0.3064924377224199
100000006274203100,3,False,2,3,3417512.0,72000.0,41,3,False,0.02106795821053445,0.0006280413262427882,0.00012467710092833138,0.004130056842101101,9,5000.0,0.06944444444444445,43,0.15409697508896797,0.16390569395017793,0.19288256227758008,0.15338078291814947,0.1429893238434164,0.10908362989323844,1.0,0.9163389679715304
100000006288612100,4,False,1,0,30805.0,0.0,3,0,True,0.0,0.00029601183542054735,0.0,6.150576624413063e-07,7,0.0,0.0,7,0.0737855871886121,0.06217526690391458,0.1173487544483986,0.05526690391459074,0.055160142348754444,0.06515124555160143,0.75,0.3216659252669039
100000006308406100,4,False,1,0,183000.0,0.0,2,0,True,0.0,0.0005357976342203115,0.0,1.2619874672678724e-64,7,0.0,0.0,32,0.0737855871886121,0.06217526690391458,0.04395017793594306,0.05526690391459074,0.1325266903914591,0.06515124555160143,0.75,0.3246419039145907
100000006326645100,1,False,1,0,25264.0,0.0,1,0,False,0.0,0.0002892999778887585,0.0,2.4901144214051747e-32,1,0.0,0.0,22,0.0737855871886121,0.06217526690391458,0.07749110320284697,0.05526690391459074,0.03145907473309608,0.01766903914590747,1.0,0.31784697508896786
100000006351075100,4,False,1,0,40000.0,0.0,2,0,True,0.0,0.00028951731864172535,0.0,2.911085416961051e-41,7,0.0,0.0,65,0.0737855871886121,0.06217526690391458,0.055427046263345194,0.05526690391459074,0.03281138790035587,0.06515124555160143,0.75,0.2584630782918149
100000006369769100,1,False,1,0,40000.0,0.0,1,0,False,0.0,0.00029236960417714945,0.0,3.133273046965901e-32,1,0.0,0.0,22,0.0737855871886121,0.06217526690391458,0.0802491103202847,0.05526690391459074,0.044911032028469744,0.01766903914590747,1.0,0.33405693950177934
100000006381453100,4,False,1,0,45000.0,0.0,1,0,True,0.0,0.000572766000149635,0.0,7.910384603100019e-94,8,0.0,0.0,4,0.0737855871886121,0.06217526690391458,0.01806049822064057,0.05526690391459074,0.1393594306049822,0.10059608540925268,0.75,0.33693282918149464
100000006385877100,2,False,1,1,53706.62,36602.93,5,5,False,0.6815347903107661,0.002194871414776506,3.4759106114674913e-07,1.173661969879877e-89,1,11102.93,0.3033344598369584,4,0.0737855871886121,0.13716192170818506,0.021352313167259787,0.14355871886120997,0.15829181494661923,0.01766903914590747,1.0,0.5518193950177935
100000006412162100,4,False,1,0,15000.0,0.0,2,0,True,0.0,0.0002920115972314472,0.0,1.4879422135754987e-08,1,0.0,0.0,47,0.0737855871886121,0.06217526690391458,0.09386120996441281,0.05526690391459074,0.043487544483985764,0.01766903914590747,0.75,0.2596841637010676
100000006416061100,4,False,1,0,30000.0,0.0,1,0,True,0.0,0.00043232061134837387,0.0,1.9490088987049284e-91,7,0.0,0.0,0,0.0737855871886121,0.06217526690391458,0.019661921708185055,0.05526690391459074,0.11772241992882564,0.06515124555160143,0.75,0.2953225088967971
100000006424479100,2,False,1,2,500000.0,220000.0,2,3,False,0.44,0.0009366829618461994,4.748704969843041e-71,8.501606683995995e-09,10,0.0,0.0,12,0.0737855871886121,0.1554581850533808,0.09074733096085409,0.12939501779359433,0.1515302491103203,0.11530249110320284,1.0,0.7162188612099645
100000006443391100,1,False,3,2,86775.93,60041.71000000001,7,6,False,0.6919166409394865,0.002513212986101413,3.1740066095708715e-90,1.7405440592593227e-06,1,11102.93,0.1849202829166591,4,0.1683896797153025,0.1554581850533808,0.127846975088968,0.12234875444839859,0.15886120996441283,0.01766903914590747,1.0,0.7505738434163701
100000006444163100,3,False,1,0,6026.0,0.0,1,0,False,0.0,0.00031842700231550275,0.0,1.2877064349440512e-07,7,0.0,0.0,0,0.0737855871886121,0.06217526690391458,0.1072064056939502,0.05526690391459074,0.08683274021352315,0.06515124555160143,1.0,0.4504181494661922
100000006445501100,1,False,1,0,91000.0,0.0,1,0,False,0.0,0.00029776218091683015,0.0,0.0003299637493724024,8,0.0,0.0,11,0.0737855871886121,0.06217526690391458,0.1724199288256228,0.05526690391459074,0.05893238434163701,0.10059608540925268,1.0,0.5231761565836298
100000006446271100,1,False,2,0,80000.0,0.0,2,0,False,0.0,0.0003121608517178722,0.0,0.0005314270383861077,10,0.0,0.0,2,0.15409697508896797,0.06217526690391458,0.1800711743772242,0.05526690391459074,0.0804982206405694,0.11530249110320284,1.0,0.6474110320284698
100000006471232100,3,False,1,0,41800.0,0.0,1,0,False,0.0,0.00029051353161949913,0.0,9.948858726421783e-33,1,0.0,0.0,22,0.0737855871886121,0.06217526690391458,0.07072953736654805,0.05526690391459074,0.03743772241992883,0.01766903914590747,1.0,0.31706405693950174
100000006476758100,3,False,1,0,5200.0,0.0,1,0,False,0.0,0.0005143533007228762,0.0,9.115565127370811e-08,8,0.0,0.0,11,0.0737855871886121,0.06217526690391458,0.10533807829181496,0.05526690391459074,0.12583629893238435,0.10059608540925268,1.0,0.5229982206405694
100000006490557100,2,False,1,0,5000.0,0.0,1,0,False,0.0,0.0002846258628778307,0.0,2.892010802111746e-34,1,0.0,0.0,1,0.0737855871886121,0.06217526690391458,0.058629893238434164,0.05526690391459074,0.0037722419928825626,0.01766903914590747,1.0,0.27129893238434155
100000006490615100,4,False,1,0,41600.0,0.0,6,0,True,0.0,0.0003924929061758009,0.0,4.7888970228214695e-83,7,0.0,0.0,12,0.0737855871886121,0.06217526690391458,0.027313167259786476,0.05526690391459074,0.11174377224199289,0.06515124555160143,0.75,0.2965769572953737
100000006491272100,3,False,1,0,26200.0,0.0,1,0,False,0.0,0.0002880965592946403,0.0,7.876545184333523e-33,1,0.0,0.0,22,0.0737855871886121,0.06217526690391458,0.06872775800711743,0.05526690391459074,0.025373665480427045,0.01766903914590747,1.0,0.3029982206405693
100000006491963100,4,False,1,0,16000.0,0.0,3,0,True,0.0,0.00029254321802941937,0.0,1.5367401102125078e-08,1,0.0,0.0,47,0.0737855871886121,0.06217526690391458,0.09412811387900356,0.05526690391459074,0.04555160142348754,0.01766903914590747,0.75,0.26143238434163696
100000006492770100,3,False,1,1,269000.0,20000.0,1,1,False,0.07434944237918216,0.00029908160199221875,1.858762460731998e-106,0.0011497667082803842,7,20000.0,1.0,0,0.0737855871886121,0.13716192170818506,0.18772241992882566,0.11608540925266905,0.06256227758007117,0.06515124555160143,1.0,0.6424688612099645
100000006512787100,4,False,1,0,20000.0,0.0,2,0,True,0.0,0.0005269165038666269,0.0,1.2591667374038265e-105,7,0.0,0.0,0,0.0737855871886121,0.06217526690391458,0.010854092526690392,0.05526690391459074,0.12740213523131674,0.06515124555160143,0.75,0.2959764234875445
100000006518161100,1,False,3,2,594200.0,595899.0,13,13,False,1.002859306630764,0.0008043543878271674,2.455129278321317e-56,0.00023045764640425601,7,298399.0,0.5007543224606854,16,0.1683896797153025,0.1554581850533808,0.16797153024911035,0.13437722419928827,0.14875444839857652,0.06515124555160143,1.0,0.84010231316726
100000006522972100,3,False,1,0,9515.0,0.0,1,0,False,0.0,0.0003016543772935865,0.0,8.778939922792455e-06,7,0.0,0.0,10,0.0737855871886121,0.06217526690391458,0.14279359430604985,0.05526690391459074,0.06761565836298933,0.06515124555160143,1.0,0.4667882562277581
100000006523053100,2,False,1,0,5000.0,0.0,1,0,False,0.0,0.0005354372636196683,0.0,8.532445701341959e-126,10,0.0,0.0,2,0.0737855871886121,0.06217526690391458,0.004314946619217082,0.05526690391459074,0.13231316725978648,0.11530249110320284,1.0,0.4431583629893238
100000006527156100,4,False,1,0,48500.0,0.0,1,0,True,0.0,0.00029446767312618616,0.0,1.57963815833954e-37,7,0.0,0.0,57,0.0737855871886121,0.06217526690391458,0.056494661921708184,0.05526690391459074,0.051316725978647684,0.06515124555160143,0.75,0.27314279359430604
100000006530134100,3,False,2,0,144663.0,0.0,2,0,False,0.0,0.00029745273043221506,0.0,0.006167747840878714,7,0.0,0.0,10,0.15409697508896797,0.06217526690391458,0.19457295373665484,0.05526690391459074,0.057864768683274025,0.06515124555160143,1.0,0.5891281138790037
100000006532229100,3,False,1,0,105000.0,0.0,1,0,False,0.0,0.0002990037592164904,0.0,8.466376065400983e-08,8,0.0,0.0,4,0.0737855871886121,0.06217526690391458,0.10498220640569396,0.05526690391459074,0.06227758007117438,0.10059608540925268,1.0,0.4590836298932384
100000006534886100,2,False,1,1,71700.0,167500.0,5,8,False,2.336122733612273,0.0011239520181949218,4.22050609611711e-05,2.854868950571447e-10,7,58100.0,0.34686567164179105,16,0.0737855871886121,0.13716192170818506,0.08665480427046263,0.1512455516014235,0.1533096085409253,0.06515124555160143,1.0,0.66730871886121
100000006557763100,2,False,1,0,10000.0,0.0,1,0,False,0.0,0.000345222917863333,0.0,1.0463547920348354e-94,10,0.0,0.0,2,0.0737855871886121,0.06217526690391458,0.01725978647686833,0.05526690391459074,0.09935943060498222,0.11530249110320284,1.0,0.4231494661921708
100000006562026100,1,False,2,0,75000.0,0.0,6,0,False,0.0,0.0006812196368177574,0.0,1.0122072219321419e-81,2,0.0,0.0,83,0.15409697508896797,0.06217526690391458,0.02882562277580071,0.05526690391459074,0.14526690391459077,0.03368327402135231,1.0,0.47931494661921703
100000006564102100,2,False,1,0,233235.0,0.0,1,0,False,0.0,0.000425476966126855,0.0,0.00019323198276138625,9,0.0,0.0,2,0.0737855871886121,0.06217526690391458,0.1650355871886121,0.05526690391459074,0.11629893238434164,0.10908362989323844,1.0,0.5816459074733096
100000006567935100,2,False,1,0,200000.0,0.0,1,0,False,0.0,0.00030879531809720564,0.0,3.0388911521437924e-07,7,0.0,0.0,33,0.0737855871886121,0.06217526690391458,0.11316725978647689,0.05526690391459074,0.07622775800711744,0.06515124555160143,1.0,0.44577402135231325
100000006573438100,3,False,1,0,5000.0,0.0,1,0,False,0.0,0.0002974557454182962,0.0,1.3881559250994141e-06,7,0.0,0.0,66,0.0737855871886121,0.06217526690391458,0.1258896797153025,0.05526690391459074,0.057935943060498214,0.06515124555160143,1.0,0.4402046263345196
100000006579678100,1,False,2,6,192930.0,1668800.0,2,15,False,8.649769346395066,0.0006216101951976353,8.772160818328173e-08,6.578903102621106e-05,7,42930.0,0.025725071907957815,16,0.15409697508896797,0.17211298932384342,0.15604982206405696,0.1417081850533808,0.14263345195729538,0.06515124555160143,1.0,0.8317526690391459
100000006595426100,2,False,1,0,84800.0,0.0,3,0,False,0.0,0.00033246880564504773,0.0,3.8042543889084914e-06,7,0.0,0.0,0,0.0737855871886121,0.06217526690391458,0.13469750889679719,0.05526690391459074,0.09423487544483987,0.06515124555160143,1.0,0.485311387900356
100000006612238100,2,False,1,1,160000.0,25000.0,1,1,False,0.15625,0.00033796898986947714,6.316606237603311e-33,9.590728876499372e-34,1,25000.0,1.0,22,0.0737855871886121,0.13716192170818506,0.061209964412811395,0.13800711743772243,0.09665480427046264,0.01766903914590747,1.0,0.5244884341637011
100000006638021100,4,False,2,0,388500.0,0.0,2,0,True,0.0,0.0005412545785230707,0.0,1.9307312784244263e-60,9,0.0,0.0,60,0.15409697508896797,0.06217526690391458,0.046975088967971534,0.05526690391459074,0.13380782918149467,0.10908362989323844,0.75,0.42105427046263344
100000006641671100,3,False,2,1,22000.0,25000.0,2,3,False,1.1363636363636365,0.0004374471308180689,3.7044134561203225e-06,0.00011149881637276736,7,20000.0,0.8,8,0.15409697508896797,0.13716192170818506,0.16076512455516015,0.14697508896797154,0.11836298932384341,0.06515124555160143,1.0,0.7825133451957295
100000006656003100,1,False,1,1,20000.0,9000.0,1,1,False,0.45,0.000288203444719507,7.208028952962194e-35,2.2155586188186246e-32,1,9000.0,1.0,22,0.0737855871886121,0.13716192170818506,0.07597864768683274,0.13758007117437723,0.02597864768683274,0.01766903914590747,1.0,0.46815391459074723
100000006658598100,1,False,1,0,9000.0,0.0,1,0,False,0.0,0.0002849985826700248,0.0,2.9939424619637753e-05,7,0.0,0.0,16,0.0737855871886121,0.06217526690391458,0.15097864768683278,0.05526690391459074,0.005765124555160143,0.06515124555160143,1.0,0.4131227758007118
100000006664478100,3,False,1,2,55000.0,60000.0,3,2,False,1.0909090909090908,0.0006130167647713144,3.0998919294146835e-90,6.572468086416079e-91,1,40000.0,0.6666666666666666,41,0.0737855871886121,0.1554581850533808,0.02019572953736655,0.1220640569395018,0.14213523131672598,0.01766903914590747,1.0,0.5313078291814947
100000006679055100,2,False,1,0,25000.0,0.0,1,0,False,0.0,0.0002991979259102439,0.0,6.326334530183664e-05,9,0.0,0.0,2,0.0737855871886121,0.06217526690391458,0.1557829181494662,0.05526690391459074,0.06284697508896797,0.10908362989323844,1.0,0.5189412811387901
100000006684930100,2,False,1,0,10000.0,0.0,1,0,False,0.0,0.00029709019879355124,0.0,1.2023087474468892e-09,10,0.0,0.0,12,0.0737855871886121,0.06217526690391458,0.08798932384341637,0.05526690391459074,0.05708185053380783,0.11530249110320284,1.0,0.45160142348754445
100000006687202100,1,False,1,0,50000.0,0.0,1,0,False,0.0,0.00029334669153312665,0.0,0.00044995367275495445,7,0.0,0.0,0,0.0737855871886121,0.06217526690391458,0.17709074733096086,0.05526690391459074,0.04822064056939501,0.06515124555160143,1.0,0.4816903914590748
100000006689603100,4,False,1,0,400000.0,0.0,2,0,True,0.0,0.0003106768123856188,0.0,0.0001443030577573088,7,0.0,0.0,8,0.0737855871886121,0.06217526690391458,0.1624555160142349,0.05526690391459074,0.07850533807829181,0.06515124555160143,0.75,0.37300489323843417
100000006693788100,4,False,1,0,10764.0,0.0,1,0,True,0.0,0.0005289450844190319,0.0,1.2209474509997801e-114,7,0.0,0.0,0,0.0737855871886121,0.06217526690391458,0.008185053380782919,0.05526690391459074,0.1295373665480427,0.06515124555160143,0.75,0.29557606761565836
100000006701983100,3,False,1,0,27000.0,0.0,1,0,False,0.0,0.000288220506593351,0.0,7.99589357657394e-33,1,0.0,0.0,22,0.0737855871886121,0.06217526690391458,0.06917259786476869,0.05526690391459074,0.026227758007117435,0.01766903914590747,1.0,0.304297153024911
100000006704530100,3,False,1,3,450500.0,428000.0,1,5,False,0.9500554938956715,0.0003960043109285184,3.186340522962058e-61,1.3993063317809821e-35,7,0.0,0.0,14,0.0737855871886121,0.16390569395017793,0.05782918149466192,0.13302491103202846,0.11238434163701069,0.06515124555160143,1.0,0.6060809608540926
100000006706519100,4,False,1,0,36000.0,0.0,3,0,True,0.0,0.0003884862692162926,0.0,1.3557466168595954e-84,7,0.0,0.0,0,0.0737855871886121,0.06217526690391458,0.02588967971530249,0.05526690391459074,0.11032028469750892,0.06515124555160143,0.75,0.29444172597864765
100000006707582100,1,False,2,14,39520.0,961138.0,2,15,False,24.320293522267207,0.0005348603366573581,0.00032378928723129593,1.6242424615444766e-06,1,17520.0,0.018228391760600454,11,0.15409697508896797,0.17639679715302492,0.12731316725978647,0.15544483985765126,0.1318861209964413,0.01766903914590747,1.0,0.7628069395017794
100000006710485100,3,False,1,0,20000.0,0.0,1,0,False,0.0,0.00028713596772963226,0.0,6.881769480026162e-33,1,0.0,0.0,22,0.0737855871886121,0.06217526690391458,0.06659252669039145,0.05526690391459074,0.01818505338078292,0.01766903914590747,1.0,0.2936743772241992
100000006714366100,3,False,1,1,10500.0,5000.0,1,1,False,0.47619047619047616,0.0002878951913686368,6.2977321814379195e-127,9.699925326353433e-06,7,5000.0,1.0,12,0.0737855871886121,0.13716192170818506,0.14314946619217084,0.111067615658363,0.02377224199288256,0.06515124555160143,1.0,0.554088078291815
100000006734214100,3,False,5,3,610000.0,36000.0,10,4,False,0.05901639344262295,0.000602458065840577,8.881556163720943e-98,0.010545226156733622,7,26000.0,0.7222222222222222,10,0.17655693950177936,0.16390569395017793,0.1977758007117438,0.11935943060498222,0.1415658362989324,0.06515124555160143,1.0,0.8643149466192172
100000006734554100,1,False,1,1,16500.0,25000.0,1,1,False,1.5151515151515151,0.0003101813610636916,3.665762593409714e-103,7.604263321284202e-67,1,0.0,0.0,27,0.0737855871886121,0.13716192170818506,0.04092526690391459,0.11736654804270463,0.07793594306049821,0.01766903914590747,1.0,0.464844306049822
100000006735545100,4,False,1,0,5000.0,0.0,1,0,True,0.0,0.0002916892630008751,0.0,5.103153905277151e-07,7,0.0,0.0,8,0.0737855871886121,0.06217526690391458,0.1155693950177936,0.05526690391459074,0.04206405693950178,0.06515124555160143,0.75,0.3105093416370107
100000006745291100,1,False,1,0,82534.0,0.0,1,0,False,0.0,0.00029648531315183083,0.0,0.00031424037219940403,8,0.0,0.0,11,0.0737855871886121,0.06217526690391458,0.17179715302491105,0.05526690391459074,0.05594306049822064,0.10059608540925268,1.0,0.5195640569395018
100000006746688100,3,False,1,0,41000.0,0.0,1,0,False,0.0,0.0002903895843207884,0.0,9.853194401373094e-33,1,0.0,0.0,22,0.0737855871886121,0.06217526690391458,0.0706405693950178,0.05526690391459074,0.036583629893238434,0.01766903914590747,1.0,0.31612099644128105
100000006755850100,2,False,1,0,443475.8,0.0,3,0,False,0.0,0.0006450107113206414,0.0,1.533631087091531e-60,11,0.0,0.0,10,0.0737855871886121,0.06217526690391458,0.04679715302491103,0.05526690391459074,0.14370106761565837,0.11901245551601423,1.0,0.500738434163701
100000006756956100,4,False,1,0,121200.0,0.0,9,0,True,0.0,0.00030923361848763764,0.0,1.3536944772286663e-05,7,0.0,0.0,0,0.0737855871886121,0.06217526690391458,0.1454626334519573,0.05526690391459074,0.07658362989323844,0.06515124555160143,0.75,0.35881895017793597
100000006787636100,2,False,1,0,20000.0,0.0,1,0,False,0.0,0.00035598286529689124,0.0,2.5182428122164267e-68,7,0.0,0.0,5,0.0737855871886121,0.06217526690391458,0.03692170818505338,0.05526690391459074,0.10249110320284699,0.06515124555160143,1.0,0.3957918149466192
100000006788200100,1,False,4,3,272155.8,64500.0,4,4,False,0.23699660268125833,0.00033526854755228417,1.2090915721649802e-07,0.0007817056298809174,7,0.0,0.0,41,0.17435498220640572,0.16390569395017793,0.18514234875444843,0.1422775800711744,0.09516014234875446,0.06515124555160143,1.0,0.8259919928825624
100000006789108100,1,False,1,0,37500.0,0.0,1,0,False,0.0,0.0002896931488559438,0.0,0.00021181717303824115,8,0.0,0.0,11,0.0737855871886121,0.06217526690391458,0.1664590747330961,0.05526690391459074,0.03409252669039146,0.10059608540925268,1.0,0.4923754448398577
100000006831291100,0,True,0,1,0.0,15000.0,0,3,False,,0.00028403728526186454,1.294019180163672e-82,0.0,0,0.0,0.0,83,0.001641459074733096,0.13716192170818506,0.001823843416370107,0.12576512455516015,0.0014590747330960854,0.001307829181494662,1.0,0.2691592526690391
100000006844004100,3,False,1,0,20600.0,0.0,1,0,False,0.0,0.0005421888779571071,0.0,3.389458105622891e-105,7,0.0,0.0,0,0.0737855871886121,0.06217526690391458,0.011298932384341638,0.05526690391459074,0.1341637010676157,0.06515124555160143,1.0,0.4018416370106762
100000006844768100,2,False,1,2,282000.0,188000.0,5,5,False,0.6666666666666666,0.001373256951292608,0.0048657515137865105,1.1163607138560992e-65,7,63000.0,0.3351063829787234,0,0.0737855871886121,0.1554581850533808,0.04252669039145907,0.15829181494661923,0.15508896797153027,0.06515124555160143,1.0,0.6503024911032029
100000006852430100,2,False,1,0,37000.0,0.0,1,0,False,0.0,0.0005330214737035198,0.0,1.1228872334344645e-96,11,0.0,0.0,11,0.0737855871886121,0.06217526690391458,0.016370106761565837,0.05526690391459074,0.1313879003558719,0.11901245551601423,1.0,0.4579982206405694
100000006866783100,0,True,13,67,838812.0,3948037.0,31,90,False,4.706700667133994,0.0008647971860188418,0.05177540562652119,9.498615441534885e-05,6,838812.0,0.21246305442426197,0,0.17963967971530248,0.17951957295373666,0.15951957295373667,0.159644128113879,0.1501067615658363,0.03483096085409253,1.0,0.8632606761565836
100000006866831100,4,False,1,0,16500.0,0.0,1,0,True,0.0,0.00036559311460944465,0.0,1.4454236845911474e-91,7,0.0,0.0,0,0.0737855871886121,0.06217526690391458,0.019483985765124556,0.05526690391459074,0.10583629893238435,0.06515124555160143,0.75,0.28627446619217084
100000006882208100,3,False,1,0,18000.0,0.0,1,0,False,0.0,0.0006353214041413291,0.0,1.90367796621738e-07,7,0.0,0.0,16,0.0737855871886121,0.06217526690391458,0.10978647686832742,0.05526690391459074,0.14334519572953738,0.06515124555160143,1.0,0.5095106761565837
100000006888238100,2,False,1,1,18000.0,30000.0,1,1,False,1.6666666666666667,0.0006050016288488285,1.8043745829576355e-100,1.5148712186231633e-94,1,0.0,0.0,52,0.0737855871886121,0.13716192170818506,0.017348754448398576,0.11843416370106763,0.1417081850533808,0.01766903914590747,1.0,0.5061076512455516
100000006889963100,1,False,4,1,1431000.0,443475.8,6,3,False,0.30990621942697416,0.00042467461887906447,1.0660596814321746e-60,0.017363886953581317,11,443475.80000000005,1.0,10,0.17435498220640572,0.13716192170818506,0.19955516014234875,0.13345195729537368,0.11608540925266905,0.11901245551601423,1.0,0.8796218861209965
100000006894637100,3,False,1,0,52831.0,0.0,1,0,False,0.0,0.000288686814903995,0.0,0.0008796296343210929,7,0.0,0.0,0,0.0737855871886121,0.06217526690391458,0.18629893238434167,0.05526690391459074,0.028540925266903914,0.06515124555160143,1.0,0.4712188612099645
100000006901046100,2,False,1,1,75800.0,5500.0,3,1,False,0.07255936675461741,0.003185561483153273,2.1322503671887753e-05,3.051383381360431e-86,7,5500.0,1.0,16,0.0737855871886121,0.13716192170818506,0.023843416370106764,0.1502491103202847,0.1595729537366548,0.06515124555160143,1.0,0.6097642348754448
100000006903193100,4,False,1,0,9000.0,0.0,1,0,True,0.0,0.0002999592848877436,0.0,9.810497205153915e-07,7,0.0,0.0,0,0.0737855871886121,0.06217526690391458,0.12135231316725979,0.05526690391459074,0.06448398576512455,0.06515124555160143,0.75,0.33166147686832737
100000006912294100,2,False,1,2,6335.09,30000.0,1,2,False,4.7355286191672095,0.0005094341950943378,2.8732193299440035e-07,4.030932413141313e-90,1,0.0,0.0,4,0.0737855871886121,0.1554581850533808,0.020818505338078292,0.14306049822064057,0.12519572953736657,0.01766903914590747,1.0,0.5359875444839858
100000006918814100,4,False,1,0,20000.0,0.0,2,0,True,0.0,0.00030267300036733555,0.0,2.38305362133075e-06,7,0.0,0.0,2,0.0737855871886121,0.06217526690391458,0.1309608540925267,0.05526690391459074,0.06875444839857651,0.06515124555160143,0.75,0.3420707295373665
100000006919124100,3,False,1,0,25000.0,0.0,1,0,False,0.0,0.0002854354559617116,0.0,0.0003505125672526397,7,0.0,0.0,0,0.0737855871886121,0.06217526690391458,0.17330960854092528,0.05526690391459074,0.0077580071174377235,0.06515124555160143,1.0,0.43744661921708183
100000006952718100,1,False,1,0,71489.0,0.0,1,0,False,0.0,0.00029167308419652773,0.0,8.438044396795867e-05,7,0.0,0.0,16,0.0737855871886121,0.06217526690391458,0.15862989323843418,0.05526690391459074,0.041992882562277574,0.06515124555160143,1.0,0.45700177935943054
100000006965162100,3,False,1,0,10000.0,0.0,1,0,False,0.0,0.0003075295098090818,0.0,6.60234575237598e-62,7,0.0,0.0,15,0.0737855871886121,0.06217526690391458,0.04524021352313168,0.05526690391459074,0.07455516014234875,0.06515124555160143,1.0,0.37617437722419933
100000006967370100,3,False,1,1,33225.0,13526.27,1,1,False,0.40711121143717083,0.00029200663145841955,3.1207416347792564e-112,6.56010658950033e-05,7,13526.27,1.0,28,0.0737855871886121,0.13716192170818506,0.1559608540925267,0.11466192170818505,0.04341637010676157,0.06515124555160143,1.0,0.5901379003558719
100000006972210100,1,False,3,0,488775.0,0.0,4,0,False,0.0,0.0003443811639416115,0.0,0.00034629383308601235,8,0.0,0.0,4,0.1683896797153025,0.06217526690391458,0.17313167259786477,0.05526690391459074,0.09907473309608542,0.10059608540925268,1.0,0.6586343416370107
100000006977207100,2,False,1,15,414000.0,4157018.0,1,15,False,10.041106280193237,0.00034588536079879534,0.009701752283326374,0.0003025897408071221,1,0.0,0.0,35,0.0737855871886121,0.1766770462633452,0.17126334519572955,0.1590747330960854,0.099644128113879,0.01766903914590747,1.0,0.6981138790035587
100000006989106100,2,False,1,0,64000.0,0.0,2,0,False,0.0,0.0004927307779303079,0.0,3.0585594063029545e-86,1,0.0,0.0,1,0.0737855871886121,0.06217526690391458,0.02393238434163701,0.05526690391459074,0.12370106761565838,0.01766903914590747,1.0,0.3565302491103203
100000006989232100,3,False,1,0,22194.0,0.0,1,0,False,0.0,0.00028599052598941925,0.0,0.0005701291248585652,7,0.0,0.0,0,0.0737855871886121,0.06217526690391458,0.1811387900355872,0.05526690391459074,0.010320284697508897,0.06515124555160143,1.0,0.447838078291815
100000006994985100,2,False,1,1,48500.0,10200.0,2,2,False,0.21030927835051547,0.0004983232677926436,2.1213380421858095e-116,1.0348784709709395e-09,7,10200.0,1.0,41,0.0737855871886121,0.13716192170818506,0.08790035587188612,0.11395017793594306,0.12398576512455517,0.06515124555160143,1.0,0.6019350533807829
100000007005380100,3,False,1,0,9400.0,0.0,1,0,False,0.0,0.0003014414539532136,0.0,8.725726725131882e-06,7,0.0,0.0,10,0.0737855871886121,0.06217526690391458,0.1427046263345196,0.05526690391459074,0.06690391459074733,0.06515124555160143,1.0,0.4659875444839858
100000007018630100,0,True,0,1,0.0,200000.0,0,5,False,,0.00028403728526186454,1.8587624607319903e-72,0.0,0,0.0,0.0,37,0.001641459074733096,0.13716192170818506,0.001823843416370107,0.12925266903914592,0.0014590747330960854,0.001307829181494662,1.0,0.2726467971530249
100000007020162100,3,False,1,0,86395.0,0.0,1,0,False,0.0,0.0003083734022789158,0.0,1.3498384404636797e-06,7,0.0,0.0,40,0.0737855871886121,0.06217526690391458,0.12544483985765126,0.05526690391459074,0.07572953736654804,0.06515124555160143,1.0,0.4575533807829181
100000007022818100,3,False,1,0,17200.0,0.0,1,0,False,0.0,0.0002867021521841448,0.0,6.381890473170846e-33,1,0.0,0.0,22,0.0737855871886121,0.06217526690391458,0.0652135231316726,0.05526690391459074,0.014448398576512455,0.01766903914590747,1.0,0.28855871886121
100000007034089100,4,False,2,0,198000.0,0.0,2,0,True,0.0,0.00031935729854859127,0.0,2.6093308452046946e-07,8,0.0,0.0,4,0.15409697508896797,0.06217526690391458,0.11201067615658365,0.05526690391459074,0.08790035587188612,0.10059608540925268,0.75,0.4290346975088968
100000007042175100,4,False,1,0,60000.0,0.0,1,0,True,0.0,0.0005308408739127931,0.0,1.2123981801281476e-89,7,0.0,0.0,0,0.0737855871886121,0.06217526690391458,0.021530249110320285,0.05526690391459074,0.1307473309608541,0.06515124555160143,0.75,0.3064924377224199
100000007055802100,1,False,6,1,2024999.0,605000.0,34,7,False,0.29876557963732325,0.0011709473489680093,0.011727375082358731,0.017629747077490807,7,408000.0,0.6743801652892562,0,0.17771797153024912,0.13716192170818506,0.19973309608540926,0.15921708185053382,0.1538078291814947,0.06515124555160143,1.0,0.8927891459074735
100000007071852100,4,False,1,0,195000.0,0.0,1,0,True,0.0,0.00044093304440119335,0.0,4.674254480437123e-06,7,0.0,0.0,8,0.0737855871886121,0.06217526690391458,0.1367437722419929,0.05526690391459074,0.11857651245551604,0.06515124555160143,0.75,0.3837744661921708
100000007129492100,1,False,2,1,50990.0,37000.0,2,1,False,0.725632476956266,0.0002929225746291106,2.254564470233637e-97,0.0005031112077246943,11,25990.0,0.7024324324324325,11,0.15409697508896797,0.13716192170818506,0.17927046263345198,0.119644128113879,0.046690391459074734,0.11901245551601423,1.0,0.7558763345195729
100000007131370100,3,False,1,1,30000.0,30000.0,1,1,False,1.0,0.0008923600147824522,4.026504635139395e-07,2.8006755685685914e-90,7,0.0,0.0,3,0.0737855871886121,0.13716192170818506,0.020640569395017794,0.14370106761565837,0.1511743772241993,0.06515124555160143,1.0,0.591614768683274
100000007138613100,3,False,3,2,1002000.0,179000.0,3,2,False,0.17864271457085829,0.0003521481059614027,4.2776681849801755e-74,0.013581754167848991,7,0.0,0.0,0,0.1683896797153025,0.1554581850533808,0.19902135231316728,0.12846975088967974,0.1012099644128114,0.06515124555160143,1.0,0.8177001779359432
100000007140834100,3,False,1,0,10200.0,0.0,2,0,False,0.0,0.0007076120628983662,0.0,2.0122602208212363e-115,7,0.0,0.0,41,0.0737855871886121,0.06217526690391458,0.00809608540925267,0.05526690391459074,0.14604982206405695,0.06515124555160143,1.0,0.4105249110320285
100000007153161100,4,False,1,0,44997.0,0.0,1,0,True,0.0,0.0005278078376878101,0.0,7.892737202832146e-94,7,0.0,0.0,0,0.0737855871886121,0.06217526690391458,0.01788256227758007,0.05526690391459074,0.12846975088967974,0.06515124555160143,0.75,0.302048487544484
100000007170072100,3,False,1,2,100000.0,99500.0,1,9,False,0.995,0.00030595559582015825,9.124073722829163e-83,0.00019703081879524068,7,99500.0,1.0,8,0.0737855871886121,0.1554581850533808,0.16525800711743774,0.12512455516014234,0.07291814946619217,0.06515124555160143,1.0,0.6576957295373665
100000007173936100,2,False,1,0,10000.0,0.0,1,0,False,0.0,0.0002852751869036316,0.0,6.795167192416175e-08,7,0.0,0.0,33,0.0737855871886121,0.06217526690391458,0.10364768683274023,0.05526690391459074,0.006761565836298933,0.06515124555160143,1.0,0.366788256227758
100000007175718100,1,False,1,0,20000.0,0.0,1,0,False,0.0,0.0003015396280843566,0.0,5.13003467233527e-68,1,0.0,0.0,55,0.0737855871886121,0.06217526690391458,0.037500000000000006,0.05526690391459074,0.06722419928825624,0.01766903914590747,1.0,0.3136209964412811
100000007181706100,1,False,2,0,176272.0,0.0,2,0,False,0.0,0.00031726410255806045,0.0,0.0010842127376502005,10,0.0,0.0,2,0.15409697508896797,0.06217526690391458,0.1872775800711744,0.05526690391459074,0.08548042704626335,0.11530249110320284,1.0,0.659599644128114
100000007197866100,3,False,1,1,20000.0,15000.0,1,1,False,0.75,0.00028807440216333305,1.0502842388567766e-110,0.00013803805740860965,7,15000.0,1.0,8,0.0737855871886121,0.13716192170818506,0.1620996441281139,0.11512455516014235,0.024768683274021354,0.06515124555160143,1.0,0.5780916370106762
100000007229557100,3,False,3,0,878000.0,0.0,3,0,False,0.0,0.000391949609934455,0.0,6.628513091309992e-06,9,0.0,0.0,46,0.1683896797153025,0.06217526690391458,0.14048042704626337,0.05526690391459074,0.1116014234875445,0.10908362989323844,1.0,0.6469973309608541
100000007242833100,2,False,1,1,107500.0,45000.0,3,2,False,0.4186046511627907,0.000510678843594185,1.7515781087710474e-94,2.262471014270249e-74,9,45000.0,1.0,7,0.0737855871886121,0.13716192170818506,0.03336298932384341,0.1204982206405694,0.12540925266903916,0.10908362989323844,1.0,0.5993016014234875
100000007267915100,3,False,2,1,21000.0,10000.0,3,1,False,0.47619047619047616,0.0002898198704420461,2.7426758825638122e-06,6.920353991119666e-05,7,5000.0,0.5,28,0.15409697508896797,0.13716192170818506,0.15649466192170822,0.14661921708185052,0.03494661921708185,0.06515124555160143,1.0,0.6944706405693951
100000007274584100,1,False,1,0,38000.0,0.0,1,0,False,0.0,0.0002915846914971084,0.0,0.0004028716845347093,10,0.0,0.0,2,0.0737855871886121,0.06217526690391458,0.17500000000000002,0.05526690391459074,0.04170818505338078,0.11530249110320284,1.0,0.5232384341637011
100000007281639100,1,False,2,0,216770.0,0.0,4,0,False,0.0,0.0003217638337264365,0.0,0.0001238401494016683,7,0.0,0.0,16,0.15409697508896797,0.06217526690391458,0.16165480427046264,0.05526690391459074,0.08903914590747332,0.06515124555160143,1.0,0.5873843416370107
100000007283257100,1,False,1,0,192000.0,0.0,7,0,False,0.0,0.0003868616858066519,0.0,1.7346290069508173e-60,1,0.0,0.0,73,0.0737855871886121,0.06217526690391458,0.04688612099644128,0.05526690391459074,0.1100355871886121,0.01766903914590747,1.0,0.36581850533807825
100000007289427100,2,False,1,0,12300.0,0.0,1,0,False,0.0,0.000371515713403163,0.0,6.860985348693961e-80,1,0.0,0.0,2,0.0737855871886121,0.06217526690391458,0.030249110320284697,0.05526690391459074,0.10676156583629894,0.01766903914590747,1.0,0.3459074733096085
100000007303047100,3,False,1,0,52250.0,0.0,1,0,False,0.0,0.0002921325932089078,0.0,1.1123162205410545e-32,1,0.0,0.0,22,0.0737855871886121,0.06217526690391458,0.07161921708185053,0.05526690391459074,0.044270462633451954,0.01766903914590747,1.0,0.32478647686832735
100000007311010100,1,False,2,1,64480.0,20000.0,2,1,False,0.31017369727047145,0.0003076428420718718,1.858762460731998e-106,0.00046798070164923156,10,0.0,0.0,2,0.15409697508896797,0.13716192170818506,0.1780249110320285,0.11608540925266905,0.07480427046263345,0.11530249110320284,1.0,0.7754759786476868
100000007322059100,2,False,2,1,29000.0,22500.0,2,2,False,0.7758620689655172,0.000674824254972832,1.0195526461879733e-104,3.058306533504911e-67,8,15500.0,0.6888888888888889,42,0.15409697508896797,0.13716192170818506,0.03976868327402135,0.11686832740213524,0.14498220640569398,0.10059608540925268,1.0,0.6934741992882563
100000007330432100,4,False,1,0,584900.0,0.0,1,0,True,0.0,0.0005349512612489914,0.0,4.8926200367077084e-11,7,0.0,0.0,84,0.0737855871886121,0.06217526690391458,0.08487544483985765,0.05526690391459074,0.13209964412811387,0.06515124555160143,0.75,0.35501556939501777
100000007333038100,3,False,1,2,17500.0,34994.0,1,2,False,1.9996571428571428,0.0002980641455089789,3.3883324488279685e-98,2.369437881249639e-08,1,0.0,0.0,24,0.0737855871886121,0.1554581850533808,0.09630782918149466,0.11914590747330962,0.0600355871886121,0.01766903914590747,1.0,0.5224021352313167
100000007334196100,1,False,1,0,150002.0,0.0,1,0,False,0.0,0.0003066610412842398,0.0,0.0004236371702960422,8,0.0,0.0,11,0.0737855871886121,0.06217526690391458,0.17597864768683277,0.05526690391459074,0.07373665480427047,0.10059608540925268,1.0,0.5415391459074734
100000007337374100,2,False,1,0,20000.0,0.0,2,0,False,0.0,0.00029077874833781614,0.0,3.3908347125471722e-34,1,0.0,0.0,22,0.0737855871886121,0.06217526690391458,0.05934163701067616,0.05526690391459074,0.03864768683274021,0.01766903914590747,1.0,0.30688612099644125
100000007347733100,1,False,1,0,23007.0,0.0,1,0,False,0.0,0.0003437598754848375,0.0,5.35697720635529e-82,1,0.0,0.0,83,0.0737855871886121,0.06217526690391458,0.028736654804270463,0.05526690391459074,0.09879003558718863,0.01766903914590747,1.0,0.3364234875444839
100000007357489100,4,False,2,0,164500.0,0.0,2,0,True,0.0,0.00031124965108606304,0.0,3.0643069428221793e-07,8,0.0,0.0,4,0.15409697508896797,0.06217526690391458,0.11325622775800713,0.05526690391459074,0.0792170818505338,0.10059608540925268,0.75,0.42345640569395016
100000007381662100,4,False,1,0,11000.0,0.0,1,0,True,0.0,0.0002952281864209146,0.0,1.1349148475143865e-06,7,0.0,0.0,0,0.0737855871886121,0.06217526690391458,0.12313167259786478,0.05526690391459074,0.05323843416370107,0.06515124555160143,0.75,0.32456183274021344
100000007382152100,2,False,1,0,5860.0,0.0,1,0,False,0.0,0.00028494269392083914,0.0,1.7341008968921435e-06,7,0.0,0.0,0,0.0737855871886121,0.06217526690391458,0.12775800711743773,0.05526690391459074,0.005480427046263345,0.06515124555160143,1.0,0.38961743772241986
100000007382543100,2,False,3,5,218000.0,427000.0,3,8,False,1.9587155963302751,0.001180138809549522,2.9427393133884217e-61,1.3315653070400478e-12,7,100000.0,0.234192037470726,15,0.1683896797153025,0.17043149466192173,0.08362989323843417,0.13295373665480428,0.15387900355871886,0.06515124555160143,1.0,0.774435053380783
100000007390016100,3,False,1,1,511000.0,346500.0,13,14,False,0.678082191780822,0.0019379856150087027,0.0036501796691744874,1.768799237927824e-58,7,195000.0,0.5627705627705628,85,0.0737855871886121,0.13716192170818506,0.04848754448398576,0.15814946619217082,0.15722419928825623,0.06515124555160143,1.0,0.6399599644128114
100000007392365100,3,False,1,6,9613.0,1765600.0,1,9,False,183.66794965151357,0.0002845749098593697,2.6825197343499804e-40,0.0002173517096207871,7,0.0,0.0,65,0.0737855871886121,0.17211298932384342,0.16672597864768685,0.13729537366548045,0.0033451957295373667,0.06515124555160143,1.0,0.6184163701067616
100000007442518100,1,False,5,9,510000.0,4419999.0,8,12,False,8.666664705882352,0.0006437087080557985,1.7484002418507368e-05,0.001452870928322357,7,335000.0,0.07579187235110234,33,0.17655693950177936,0.17463523131672598,0.18923487544483986,0.1497508896797153,0.14362989323843417,0.06515124555160143,1.0,0.898959074733096
100000007472293100,3,False,1,3,5000.0,345900.0,1,3,False,69.18,0.0002847957666368959,1.0408147076324691e-60,2.6991434616390166e-08,9,0.0,0.0,60,0.0737855871886121,0.16390569395017793,0.09715302491103203,0.13338078291814948,0.004483985765124555,0.10908362989323844,1.0,0.5817927046263345
100000007484343100,3,False,2,0,26757.0,0.0,2,0,False,0.0,0.0002875733429950369,0.0,0.0004346115725154829,7,0.0,0.0,0,0.15409697508896797,0.06217526690391458,0.17624555160142352,0.05526690391459074,0.021138790035587187,0.06515124555160143,1.0,0.5340747330960854
100000007487729100,3,False,1,0,25000.0,0.0,1,0,False,0.0,0.0002925243630806926,0.0,3.086057303687496e-05,7,0.0,0.0,0,0.0737855871886121,0.06217526690391458,0.15115658362989326,0.05526690391459074,0.04540925266903915,0.06515124555160143,1.0,0.4529448398576513
100000007507343100,1,False,1,0,370000.0,0.0,1,0,False,0.0,0.0006410129310052365,0.0,2.0928595083310587e-42,1,0.0,0.0,58,0.0737855871886121,0.06217526690391458,0.054092526690391454,0.05526690391459074,0.14348754448398576,0.01766903914590747,1.0,0.40647686832740204
100000007510567100,4,False,1,0,52000.0,0.0,1,0,True,0.0,0.00030335455998361724,0.0,6.144374034733777e-08,7,0.0,0.0,18,0.0737855871886121,0.06217526690391458,0.10311387900355873,0.05526690391459074,0.06946619217081851,0.06515124555160143,0.75,0.32171930604982213
100000007510875100,3,False,1,0,5000.0,0.0,1,0,False,0.0,0.0003562071295541529,0.0,7.896107833340966e-10,1,0.0,0.0,4,0.0737855871886121,0.06217526690391458,0.08736654804270463,0.05526690391459074,0.10270462633451959,0.01766903914590747,1.0,0.3989679715302491
100000007511163100,1,False,2,3,63666.0,82052.0,2,3,False,1.2887883642760658,0.00033766484809232857,1.127030973913368e-06,3.930327147844517e-05,7,49000.0,0.5971822746550968,16,0.15409697508896797,0.16390569395017793,0.15275800711743773,0.14483985765124557,0.09651245551601424,0.06515124555160143,1.0,0.7772642348754449
100000007511780100,4,False,1,0,155000.0,0.0,2,0,True,0.0,0.0005564054031699689,0.0,4.0163876336312633e-08,7,0.0,0.0,0,0.0737855871886121,0.06217526690391458,0.10017793594306051,0.05526690391459074,0.13772241992882564,0.06515124555160143,0.75,0.3707095195729537
100000007534354100,2,False,1,3,50000.0,147810.0,1,3,False,2.9562,0.0003018983808888537,1.0101724709239293e-06,8.455916284269468e-09,1,0.0,0.0,24,0.0737855871886121,0.16390569395017793,0.09065836298932384,0.14455516014234876,0.06790035587188613,0.01766903914590747,1.0,0.5584741992882561
100000007536804100,1,False,1,2,100000.0,55000.0,1,2,False,0.55,0.000289734103501087,9.122621094518237e-79,4.4662606278660695e-06,1,45000.0,0.8181818181818182,1,0.0737855871886121,0.1554581850533808,0.13612099644128114,0.12718861209964413,0.03423487544483986,0.01766903914590747,1.0,0.5444572953736655
100000007539296100,4,False,1,0,46000.0,0.0,2,0,True,0.0,0.0005539622865753432,0.0,1.6518315210672075e-93,7,0.0,0.0,10,0.0737855871886121,0.06217526690391458,0.018238434163701068,0.05526690391459074,0.13722419928825624,0.06515124555160143,0.75,0.3088812277580072
100000007544358100,1,False,2,1,322500.0,350000.0,2,3,False,1.0852713178294573,0.0003386624551330424,3.408140956016712e-64,0.00017473728282811713,7,22500.0,0.06428571428571428,16,0.15409697508896797,0.13716192170818506,0.16432384341637013,0.1325266903914591,0.09693950177935945,0.06515124555160143,1.0,0.7502001779359431
100000007591246100,3,False,1,1,12190.0,120000.0,1,1,False,9.844134536505333,0.0002962716692861848,7.768946704128986e-09,1.3852081138646641e-06,7,0.0,0.0,12,0.0737855871886121,0.13716192170818506,0.12580071174377225,0.1402846975088968,0.05565836298932384,0.06515124555160143,1.0,0.5978425266903915
100000007593823100,3,False,3,13,25000.0,162900.0,3,21,False,6.516,0.0002890209836016515,2.8489195145341063e-05,0.00037609002366212807,7,15000.0,0.09208103130755065,0,0.1683896797153025,0.17611654804270463,0.174288256227758,0.15053380782918152,0.030462633451957297,0.06515124555160143,1.0,0.7649421708185054
100000007594394100,2,False,6,1,395385.0,3376312.0,6,40,False,8.539302199122375,0.00040315275740300906,0.007921418667741986,0.0016845870970944522,9,395385.0,0.11710558739832101,43,0.17771797153024912,0.13716192170818506,0.18985765124555162,0.15857651245551604,0.11373665480427046,0.10908362989323844,1.0,0.8861343416370107
100000007597382100,3,False,1,0,15700.0,0.0,1,0,False,0.0,0.0002845418943806892,0.0,0.0022003046322882484,7,0.0,0.0,10,0.0737855871886121,0.06217526690391458,0.1907473309608541,0.05526690391459074,0.0031316725978647693,0.06515124555160143,1.0,0.4502580071174377
100000007617808100,2,False,1,0,450000.0,0.0,1,0,False,0.0,0.00035806328109394504,0.0,1.0870620834696006e-05,7,0.0,0.0,16,0.0737855871886121,0.06217526690391458,0.14412811387900357,0.05526690391459074,0.10348754448398577,0.06515124555160143,1.0,0.5039946619217083
100000007618425100,3,False,1,0,39348.0,0.0,1,0,False,0.0,0.00029347529381392015,0.0,7.139038638005335e-05,7,0.0,0.0,28,0.0737855871886121,0.06217526690391458,0.1568505338078292,0.05526690391459074,0.048398576512455514,0.06515124555160143,1.0,0.4616281138790036
100000007629096100,2,False,4,1,1075170.0,765205.0,5,5,False,0.7117060557865268,0.0025321465547752573,2.2817070860286346e-05,6.79427157482144e-05,7,715170.0,0.9346122934377062,0,0.17435498220640572,0.13716192170818506,0.1563167259786477,0.1503202846975089,0.15893238434163703,0.06515124555160143,1.0,0.8422375444839858
100000007629121100,2,False,1,0,29000.0,0.0,1,0,False,0.0,0.00039371795313191733,0.0,3.924041299830372e-86,10,0.0,0.0,2,0.0737855871886121,0.06217526690391458,0.02411032028469751,0.05526690391459074,0.11209964412811388,0.11530249110320284,1.0,0.44274021352313164
100000007631637100,1,False,1,0,15341.0,0.0,1,0,False,0.0,0.00028723293787384917,0.0,1.9404170505213445e-32,1,0.0,0.0,22,0.0737855871886121,0.06217526690391458,0.07366548042704626,0.05526690391459074,0.01886120996441281,0.01766903914590747,1.0,0.30142348754448395
100000007639767100,1,False,4,10,90913.0,822244.0,4,13,False,9.044295095310902,0.0002997826284386741,0.00043232830605746827,0.0012831075289709978,7,40027.0,0.04868019711910333,0,0.17435498220640572,0.17507562277580072,0.1883451957295374,0.15608540925266906,0.06412811387900356,0.06515124555160143,1.0,0.823140569395018
100000007641183100,1,False,1,0,28000.0,0.0,1,0,False,0.0,0.0002870279883094742,0.0,5.2808181293284055e-05,7,0.0,0.0,16,0.0737855871886121,0.06217526690391458,0.15462633451957297,0.05526690391459074,0.01708185053380783,0.06515124555160143,1.0,0.4280871886120997
100000007641801100,1,False,1,0,200000.0,0.0,1,0,False,0.0,0.00029543092174030936,0.0,6.3162463530211696e-06,1,0.0,0.0,1,0.0737855871886121,0.06217526690391458,0.13990213523131675,0.05526690391459074,0.05384341637010676,0.01766903914590747,1.0,0.40264234875444843
100000007647294100,3,False,1,0,385000.0,0.0,1,0,False,0.0,0.0005747812127293331,0.0,5.474841926462947e-49,7,0.0,0.0,38,0.0737855871886121,0.06217526690391458,0.052046263345195735,0.05526690391459074,0.13950177935943062,0.06515124555160143,1.0,0.44792704626334523
100000007648946100,1,False,1,1,19550.0,25000.0,1,1,False,1.278772378516624,0.000287677263113928,1.0278198689330847e-06,0.00028135599919254967,7,0.0,0.0,12,0.0737855871886121,0.13716192170818506,0.17046263345195733,0.14462633451957296,0.021992882562277577,0.06515124555160143,1.0,0.6131806049822065
100000007653003100,3,False,1,0,100000.0,0.0,1,0,False,0.0,0.0002996623451680593,0.0,0.00010361572536715744,7,0.0,0.0,28,0.0737855871886121,0.06217526690391458,0.16005338078291817,0.05526690391459074,0.06384341637010676,0.06515124555160143,1.0,0.4802758007117438
100000007653094100,4,False,1,0,16000.0,0.0,1,0,True,0.0,0.0005716302620974396,0.0,2.989653830163071e-97,7,0.0,0.0,12,0.0737855871886121,0.06217526690391458,0.015836298932384342,0.05526690391459074,0.13914590747330963,0.06515124555160143,0.75,0.3085209074733096
100000007689942100,3,False,1,2,5000.0,25000.0,1,2,False,5.0,0.000885029158865201,5.089925351431644e-07,7.329315048431899e-116,7,0.0,0.0,43,0.0737855871886121,0.1554581850533808,0.00662811387900356,0.14398576512455516,0.15092526690391458,0.06515124555160143,1.0,0.5959341637010677
100000007731977100,4,False,1,0,50000.0,0.0,1,0,True,0.0,0.00033490501780300124,0.0,2.4196465849268557e-06,7,0.0,0.0,0,0.0737855871886121,0.06217526690391458,0.13122775800711747,0.05526690391459074,0.09494661921708186,0.06515124555160143,0.75,0.3619150355871886
100000007737775100,3,False,1,0,6000.0,0.0,1,0,False,0.0,0.0003014154448510145,0.0,2.6473160471857813e-07,8,0.0,0.0,53,0.0737855871886121,0.06217526690391458,0.11227758007117439,0.05526690391459074,0.06676156583629893,0.10059608540925268,1.0,0.47086298932384346
100000007745062100,4,False,1,0,100000.0,0.0,1,0,True,0.0,0.0006212537106212245,0.0,3.2777693353611925e-82,9,0.0,0.0,7,0.0737855871886121,0.06217526690391458,0.028247330960854092,0.05526690391459074,0.14256227758007117,0.10908362989323844,0.75,0.3533407473309608
100000007747786100,0,True,0,31,0.0,4238009.4,0,35,False,,0.00028403728526186454,0.0003633998751046217,0.0,0,0.0,0.0,1,0.001641459074733096,0.1786387900355872,0.001823843416370107,0.15572953736654804,0.0014590747330960854,0.001307829181494662,1.0,0.3406005338078291
100000007749092100,2,False,1,1,7650.0,70375.0,1,5,False,9.199346405228757,0.0018961315199229768,7.736616429684873e-06,1.312914562980663e-119,7,0.0,0.0,16,0.0737855871886121,0.13716192170818506,0.005960854092526691,0.1486120996441281,0.15672597864768686,0.06515124555160143,1.0,0.5873976868327403
100000007749747100,4,False,1,0,50000.0,0.0,1,0,True,0.0,0.00044108292573481213,0.0,6.655527774251186e-84,8,0.0,0.0,4,0.0737855871886121,0.06217526690391458,0.02660142348754448,0.05526690391459074,0.11864768683274023,0.10059608540925268,0.75,0.3278047153024911
100000007754369100,3,False,1,0,82424.0,0.0,1,0,False,0.0,0.00029129122388167036,0.0,0.0010987079827309788,7,0.0,0.0,0,0.0737855871886121,0.06217526690391458,0.18736654804270464,0.05526690391459074,0.040427046263345194,0.06515124555160143,1.0,0.48417259786476863
100000007777377100,2,False,1,2,456290.0,10000.0,7,2,False,0.021915886826360427,0.00035909800001346457,1.5313070731743032e-80,1.0946330749869631e-05,7,10000.0,1.0,16,0.0737855871886121,0.1554581850533808,0.1442170818505338,0.12640569395017795,0.10370106761565838,0.06515124555160143,1.0,0.6687188612099645
100000007793871100,3,False,1,0,26000.0,0.0,3,0,False,0.0,0.000682776882829388,0.0,8.26390935710956e-102,8,0.0,0.0,11,0.0737855871886121,0.06217526690391458,0.01307829181494662,0.05526690391459074,0.14533807829181494,0.10059608540925268,1.0,0.4502402135231317
100000007797290100,2,False,1,1,100000.0,20000.0,1,1,False,0.2,0.0002994879449713283,1.858762460731998e-106,7.163504777193161e-06,7,0.0,0.0,0,0.0737855871886121,0.13716192170818506,0.1412811387900356,0.11608540925266905,0.06341637010676157,0.06515124555160143,1.0,0.5968816725978648
100000007811950100,4,False,1,0,50000.0,0.0,1,0,True,0.0,0.0005429449659102392,0.0,2.6981962427953295e-92,7,0.0,0.0,13,0.0737855871886121,0.06217526690391458,0.01912811387900356,0.05526690391459074,0.13444839857651247,0.06515124555160143,0.75,0.3074666370106761
100000007841978100,4,False,1,0,449000.0,0.0,1,0,True,0.0,0.0005032920960675868,0.0,9.641193728984657e-58,7,0.0,0.0,10,0.0737855871886121,0.06217526690391458,0.04902135231316726,0.05526690391459074,0.12476868327402135,0.06515124555160143,0.75,0.32262677935943057
100000007861311100,2,False,1,0,45000.0,0.0,1,0,False,0.0,0.0003564547094287613,0.0,1.932029134235952e-67,1,0.0,0.0,1,0.0737855871886121,0.06217526690391458,0.0393238434163701,0.05526690391459074,0.10284697508896798,0.01766903914590747,1.0,0.351067615658363
100000007863304100,3,False,1,0,25000.0,0.0,1,0,False,0.0,0.0002848408029669994,0.0,0.002776533969457165,7,0.0,0.0,10,0.0737855871886121,0.06217526690391458,0.1912366548042705,0.05526690391459074,0.0047330960854092535,0.06515124555160143,1.0,0.4523487544483985
100000007864477100,3,False,2,6,76000.0,203500.0,2,10,False,2.6776315789473686,0.00030308611225259875,0.00021488245786884013,0.00041619197150273834,7,70000.0,0.343980343980344,0,0.15409697508896797,0.17211298932384342,0.17562277580071176,0.15437722419928826,0.0691103202846975,0.06515124555160143,1.0,0.7904715302491103
100000007865484100,4,False,1,0,584600.0,0.0,2,0,True,0.0,0.0003641279731085302,0.0,1.1128954287141482e-40,7,0.0,0.0,65,0.0737855871886121,0.06217526690391458,0.056227758007117434,0.05526690391459074,0.10526690391459076,0.06515124555160143,0.75,0.3134052491103203
100000007867364100,4,False,1,0,41852.0,0.0,1,0,True,0.0,0.00044612383055623396,0.0,2.0645080844383234e-88,7,0.0,0.0,43,0.0737855871886121,0.06217526690391458,0.022419928825622777,0.05526690391459074,0.1190747330960854,0.06515124555160143,0.75,0.2984052491103203
100000007898453100,2,False,1,2,24750.0,320000.0,1,2,False,12.929292929292929,0.000331158968667748,0.00010425082507367986,3.2567084332143702e-77,10,24750.0,0.07734375,2,0.0737855871886121,0.1554581850533808,0.03202846975088968,0.15316725978647688,0.09345195729537369,0.11530249110320284,1.0,0.623193950177936
100000007908818100,1,False,4,6,727475.0,302000.0,4,13,False,0.4151345407058662,0.0004724267035019384,2.3210232060475437e-66,0.0018696569514125496,11,15000.0,0.04966887417218543,2,0.17435498220640572,0.17211298932384342,0.1902135231316726,0.1318861209964413,0.12128113879003559,0.11901245551601423,1.0,0.9088612099644128
100000007930878100,2,False,1,0,5000.0,0.0,1,0,False,0.0,0.0004803330717652179,0.0,2.5423209699302822e-98,1,0.0,0.0,23,0.0737855871886121,0.06217526690391458,0.014768683274021352,0.05526690391459074,0.12213523131672599,0.01766903914590747,1.0,0.34580071174377225
100000007938486100,1,False,1,0,39500.0,0.0,1,0,False,0.0,0.0002922654501907084,0.0,3.11362850818903e-32,1,0.0,0.0,22,0.0737855871886121,0.06217526690391458,0.08016014234875446,0.05526690391459074,0.04462633451957295,0.01766903914590747,1.0,0.3336832740213523
100000007939160100,1,False,1,2,795000.0,14300.0,2,2,False,0.017987421383647798,0.0006604775875053992,1.2866340865983484e-98,4.596214525163999e-43,1,0.0,0.0,23,0.0737855871886121,0.1554581850533808,0.05373665480427046,0.11879003558718862,0.14455516014234876,0.01766903914590747,1.0,0.5639946619217081
100000007953156100,2,False,1,1,18000.0,10000.0,1,1,False,0.5555555555555556,0.0004745840631943829,1.0819421503297013e-116,4.1305583332168475e-88,8,0.0,0.0,40,0.0737855871886121,0.13716192170818506,0.022775800711743774,0.11327402135231317,0.12163701067615659,0.10059608540925268,1.0,0.5692304270462634
100000007960337100,4,False,1,0,35500.0,0.0,1,0,True,0.0,0.00030112188016908953,0.0,1.3899058884651934e-58,7,0.0,0.0,8,0.0737855871886121,0.06217526690391458,0.04822064056939502,0.05526690391459074,0.06640569395017794,0.06515124555160143,0.75,0.2782540035587189
100000007982728100,0,True,0,8,0.0,1804384.0,0,12,False,,0.00028403728526186454,0.00041927591989888486,0.0,0,0.0,0.0,41,0.001641459074733096,0.17407473309608543,0.001823843416370107,0.15601423487544486,0.0014590747330960854,0.001307829181494662,1.0,0.3363211743772242
100000007982908100,2,False,1,0,31080.0,0.0,1,0,False,0.0,0.0002945135188818933,0.0,4.22699883064856e-34,1,0.0,0.0,22,0.0737855871886121,0.06217526690391458,0.060409252669039154,0.05526690391459074,0.051459074733096084,0.01766903914590747,1.0,0.3207651245551601
100000007988344100,4,False,1,0,20000.0,0.0,3,0,True,0.0,0.0003852565980953473,0.0,5.449400165247873e-93,7,0.0,0.0,0,0.0737855871886121,0.06217526690391458,0.018416370106761566,0.05526690391459074,0.10975088967971532,0.06515124555160143,0.75,0.2884096975088968
100000007997939100,4,False,1,0,13000.0,0.0,1,0,True,0.0,0.00035593479827323324,0.0,2.3639301471240147e-91,9,0.0,0.0,4,0.0737855871886121,0.06217526690391458,0.019839857651245553,0.05526690391459074,0.10241992882562279,0.10908362989323844,0.75,0.31692838078291813
100000007998965100,2,False,5,1,278000.0,26000.0,7,3,False,0.09352517985611511,0.0004691054088888927,1.3909062908892034e-102,4.310803031923583e-06,8,10000.0,0.38461538461538464,11,0.17655693950177936,0.13716192170818506,0.13576512455516015,0.11765124555160145,0.1209964412811388,0.10059608540925268,1.0,0.7887277580071175
100000007999728100,3,False,1,0,23250.0,0.0,1,0,False,0.0,0.00029058644575317126,0.0,7.002433060161513e-07,7,0.0,0.0,40,0.0737855871886121,0.06217526690391458,0.11886120996441284,0.05526690391459074,0.037935943060498224,0.06515124555160143,1.0,0.41317615658362994
100000008002020100,1,False,1,1,73860.0,17000.0,1,1,False,0.23016517736257786,0.00029621476748713986,5.659494594153026e-105,3.178909142739845e-07,1,0.0,0.0,7,0.0737855871886121,0.13716192170818506,0.11352313167259787,0.11672597864768686,0.05551601423487545,0.01766903914590747,1.0,0.5143816725978648
100000008003034100,1,False,1,4,12201.0,135000.0,1,4,False,11.064666830587656,0.0002853404841148605,2.4980223741315337e-06,3.485940006673986e-05,7,12201.0,0.09037777777777778,12,0.0737855871886121,0.16814946619217083,0.1523131672597865,0.14626334519572956,0.007117437722419929,0.06515124555160143,1.0,0.6127802491103204
100000008008463100,2,False,1,0,54180.0,0.0,1,0,False,0.0,0.0002942369552427541,0.0,8.822561423438216e-07,1,0.0,0.0,41,0.0737855871886121,0.06217526690391458,0.12055160142348756,0.05526690391459074,0.05074733096085409,0.01766903914590747,1.0,0.3801957295373665
100000008011159100,2,False,3,5,363000.0,153037.0,6,5,False,0.4215895316804408,0.0004831813851524262,0.0005051192968942279,1.2702280829467016e-05,7,17000.0,0.11108424760025354,66,0.1683896797153025,0.17043149466192173,0.14519572953736656,0.15637010676156585,0.12249110320284698,0.06515124555160143,1.0,0.8280293594306051
100000008011573100,3,False,1,0,15000.0,0.0,1,0,False,0.0,0.00028763518422193453,0.0,4.407821821769007e-05,7,0.0,0.0,28,0.0737855871886121,0.06217526690391458,0.15333629893238435,0.05526690391459074,0.021886120996441282,0.06515124555160143,1.0,0.4316014234875445
100000008027922100,4,False,1,0,70000.0,0.0,1,0,True,0.0,0.000499869915533636,0.0,8.47481486054243e-84,7,0.0,0.0,29,0.0737855871886121,0.06217526690391458,0.026779359430604985,0.05526690391459074,0.12434163701067616,0.06515124555160143,0.75,0.305625
100000008028628100,1,False,1,0,57224.0,0.0,1,0,False,0.0,0.00029595750070207107,0.0,3.747635577424461e-32,1,0.0,0.0,22,0.0737855871886121,0.06217526690391458,0.0818505338078292,0.05526690391459074,0.055017793594306044,0.01766903914590747,1.0,0.34576512455516006
100000008029279100,3,False,1,0,17000.0,0.0,1,0,False,0.0,0.00028746883462811275,0.0,0.00012726480070770243,7,0.0,0.0,8,0.0737855871886121,0.06217526690391458,0.16183274021352315,0.05526690391459074,0.02085409252669039,0.06515124555160143,1.0,0.43906583629893237
100000008038077100,3,False,1,0,499850.0,0.0,2,0,False,0.0,0.0003001028182583309,0.0,0.0124151746997652,7,0.0,0.0,10,0.0737855871886121,0.06217526690391458,0.19875444839857653,0.05526690391459074,0.06469750889679715,0.06515124555160143,1.0,0.5198309608540925
100000008042075100,3,False,1,0,5000.0,0.0,1,0,False,0.0,0.0002903763512909482,0.0,2.103200126912898e-16,1,0.0,0.0,21,0.0737855871886121,0.06217526690391458,0.08256227758007118,0.05526690391459074,0.036441281138790034,0.01766903914590747,1.0,0.3279003558718861
100000008043184100,3,False,1,0,50564.0,0.0,1,0,False,0.0,0.00029193794055283286,0.0,7.367945130269131e-05,7,0.0,0.0,28,0.0737855871886121,0.06217526690391458,0.15747330960854095,0.05526690391459074,0.043060498220640564,0.06515124555160143,1.0,0.4569128113879003
100000008050986100,4,False,1,0,95000.0,0.0,2,0,True,0.0,0.00031010074288577184,0.0,2.270368352919577e-50,7,0.0,0.0,10,0.0737855871886121,0.06217526690391458,0.05115658362989324,0.05526690391459074,0.07772241992882563,0.06515124555160143,0.75,0.28894350533807833
100000008055972100,3,False,1,0,28300.0,0.0,1,0,False,0.0,0.0002884219209537559,0.0,8.186124413564128e-33,1,0.0,0.0,22,0.0737855871886121,0.06217526690391458,0.0693950177935943,0.05526690391459074,0.027188612099644127,0.01766903914590747,1.0,0.30548042704626327
100000008060273100,2,False,1,0,10000.0,0.0,2,0,False,0.0,0.00029733406334099023,0.0,7.360814775666525e-67,11,0.0,0.0,2,0.0737855871886121,0.06217526690391458,0.04083629893238434,0.05526690391459074,0.05765124555160142,0.11901245551601423,1.0,0.4087277580071174
100000008066326100,1,False,1,0,19320.0,0.0,1,0,False,0.0,0.0002876344398450802,0.0,0.00027969606730620994,7,0.0,0.0,0,0.0737855871886121,0.06217526690391458,0.17028469750889683,0.05526690391459074,0.02177935943060498,0.06515124555160143,1.0,0.4484430604982207
100000008070101100,3,False,1,0,100000.0,0.0,1,0,False,0.0,0.00029104742207195546,0.0,5.607875076143497e-07,8,0.0,0.0,4,0.0737855871886121,0.06217526690391458,0.1162811387900356,0.05526690391459074,0.0395729537366548,0.10059608540925268,1.0,0.4476779359430605
100000008071620100,1,False,1,0,46968.0,0.0,1,0,False,0.0,0.0002927821691368373,0.0,0.0004360977365812071,7,0.0,0.0,0,0.0737855871886121,0.06217526690391458,0.17633451957295376,0.05526690391459074,0.046120996441281134,0.06515124555160143,1.0,0.47883451957295375
100000008071749100,4,False,1,0,24943.0,0.0,1,0,True,0.0,0.00029330326186541604,0.0,4.255497275081779e-08,7,0.0,0.0,18,0.0737855871886121,0.06217526690391458,0.10026690391459077,0.05526690391459074,0.048113879003558714,0.06515124555160143,0.75,0.3035698398576512
100000008074304100,4,False,1,0,5500.0,0.0,1,0,True,0.0,0.0003305780192244159,0.0,2.4540661211882827e-100,7,0.0,0.0,10,0.0737855871886121,0.06217526690391458,0.013879003558718862,0.05526690391459074,0.09338078291814947,0.06515124555160143,0.75,0.2727290925266904
100000008077552100,3,False,1,0,214000.0,0.0,1,0,False,0.0,0.0003272344361075776,0.0,0.0004515342806882175,7,0.0,0.0,8,0.0737855871886121,0.06217526690391458,0.1773131672597865,0.05526690391459074,0.09153024911032029,0.06515124555160143,1.0,0.5252224199288257
100000008086440100,3,False,1,5,199733.0,161300.0,1,6,False,0.8075781167859092,0.0003357148417750885,0.00026607892344591527,0.0006601507525892822,7,38000.0,0.23558586484810912,0,0.0737855871886121,0.17043149466192173,0.18282918149466196,0.15487544483985766,0.09537366548042706,0.06515124555160143,1.0,0.7424466192170819
100000008088082100,3,False,1,1,39138.0,50000.0,1,1,False,1.2775307884920026,0.00029841735471013625,6.297732181437894e-93,1.8727208935055813e-05,7,0.0,0.0,12,0.0737855871886121,0.13716192170818506,0.14715302491103205,0.12113879003558721,0.06099644128113879,0.06515124555160143,1.0,0.6053870106761566
100000008094734100,1,False,4,0,236249.0,0.0,4,0,False,0.0,0.0003421747728723512,0.0,0.0007981690506200531,8,0.0,0.0,0,0.17435498220640572,0.06217526690391458,0.18540925266903918,0.05526690391459074,0.09786476868327404,0.10059608540925268,1.0,0.675667259786477
100000008097580100,3,False,2,0,32000.0,0.0,4,0,False,0.0,0.0006705156426164943,0.0,2.24452163699702e-05,7,0.0,0.0,8,0.15409697508896797,0.06217526690391458,0.14813167259786478,0.05526690391459074,0.14476868327402134,0.06515124555160143,1.0,0.6295907473309609
100000008104567100,2,False,3,3,53550.0,40000.0,3,4,False,0.7469654528478058,0.0005348805817886338,1.1342290596706096e-08,6.680848959486674e-07,7,12000.0,0.3,18,0.1683896797153025,0.16390569395017793,0.11806049822064058,0.14056939501779359,0.1319572953736655,0.06515124555160143,1.0,0.7880338078291816
100000008106997100,2,False,2,1,35600.0,20600.0,2,1,False,0.5786516853932584,0.00030370775610366634,5.07796300956215e-106,8.177274080243808e-06,7,20600.0,1.0,0,0.15409697508896797,0.13716192170818506,0.14208185053380784,0.11644128113879004,0.0698932384341637,0.06515124555160143,1.0,0.6848265124555161
100000008111003100,2,False,6,1,222716.0,35000.0,9,1,False,0.15715081089818422,0.0004668415375091179,3.408140956016711e-98,2.0563292766645778e-05,7,35000.0,1.0,0,0.17771797153024912,0.13716192170818506,0.14759786476868328,0.11925266903914591,0.1207829181494662,0.06515124555160143,1.0,0.767664590747331
100000008116374100,1,False,1,0,31284.0,0.0,1,0,False,0.0,0.0002873787550526296,0.0,5.5819164750335345e-05,7,0.0,0.0,16,0.0737855871886121,0.06217526690391458,0.1552491103202847,0.05526690391459074,0.02049822064056939,0.06515124555160143,1.0,0.43212633451957294
100000008117324100,0,True,0,0,0.0,0.0,0,0,False,,0.00028403728526186454,0.0,0.0,0,0.0,0.0,86,0.001641459074733096,0.06217526690391458,0.001823843416370107,0.05526690391459074,0.0014590747330960854,0.001307829181494662,0.0,0.0
100000008121806100,3,False,1,4,67000.0,248509.0,1,6,False,3.709089552238806,0.0002987225533359213,1.3937666046642988e-06,0.00016127667587699214,7,67000.0,0.26960794176468456,8,0.0737855871886121,0.16814946619217083,0.1633451957295374,0.14540925266903915,0.06163701067615659,0.06515124555160143,1.0,0.6774777580071175
100000008129393100,1,False,1,0,10000.0,0.0,1,0,False,0.0,0.00030999572844131993,0.0,3.5317487671531616e-82,1,0.0,0.0,83,0.0737855871886121,0.06217526690391458,0.028558718861209965,0.05526690391459074,0.07765124555160142,0.01766903914590747,1.0,0.3151067615658363
100000008130868100,4,False,1,0,22782.0,0.0,1,0,True,0.0,0.00044897763957107355,0.0,1.40011174492894e-97,1,0.0,0.0,24,0.0737855871886121,0.06217526690391458,0.015302491103202849,0.05526690391459074,0.11921708185053381,0.01766903914590747,0.75,0.2575622775800711
100000008136608100,4,False,1,0,170000.0,0.0,1,0,True,0.0,0.0005609574303281377,0.0,1.7203517521559538e-74,7,0.0,0.0,18,0.0737855871886121,0.06217526690391458,0.03309608540925267,0.05526690391459074,0.1382918149466192,0.06515124555160143,0.75,0.320825177935943
100000008137435100,1,False,2,6,93906.0,1419700.0,2,7,False,15.118309799160864,0.000312531204049286,0.004271262778092695,0.0004995431863724132,7,93906.0,0.06614496020285976,29,0.15409697508896797,0.17211298932384342,0.17918149466192174,0.15822064056939503,0.0811387900355872,0.06515124555160143,1.0,0.8099021352313167
100000008141170100,2,False,1,0,11000.0,0.0,1,0,False,0.0,0.0006179441271456057,0.0,2.524836970003374e-114,7,0.0,0.0,16,0.0737855871886121,0.06217526690391458,0.008362989323843417,0.05526690391459074,0.142491103202847,0.06515124555160143,1.0,0.40723309608540925
100000008144528100,2,False,5,0,1068202.6,0.0,13,0,False,0.0,0.0010494062388654022,0.0,2.2361972194477196e-08,7,0.0,0.0,16,0.17655693950177936,0.06217526690391458,0.0959964412811388,0.05526690391459074,0.15259786476868328,0.06515124555160143,1.0,0.6077446619217083
100000008151098100,4,False,1,0,30000.0,0.0,1,0,True,0.0,0.00030763100004923763,0.0,1.235331150146735e-61,7,0.0,0.0,14,0.0737855871886121,0.06217526690391458,0.045373665480427046,0.05526690391459074,0.07473309608540925,0.06515124555160143,0.75,0.28236432384341636
100000008165763100,1,False,15,17,1165815.0,1267858.0,26,17,False,1.087529324978663,0.0009045430367326005,0.010294917245982516,0.00035427619550776367,9,630870.0,0.4975872692367757,2,0.17975978647686833,0.17727758007117436,0.17357651245551603,0.15914590747330962,0.15138790035587188,0.10908362989323844,1.0,0.9502313167259786
100000008168850100,4,False,1,0,187910.0,0.0,2,0,True,0.0,0.0005299168821386866,0.0,4.930600192976523e-73,7,0.0,0.0,10,0.0737855871886121,0.06217526690391458,0.0344306049822064,0.05526690391459074,0.1300355871886121,0.06515124555160143,0.75,0.31563389679715304
100000008169544100,1,False,1,4,137104.0,42800.0,2,7,False,0.31217178200490137,0.0002986814763561317,1.2948165431790154e-06,0.00011685498870598017,7,12300.0,0.28738317757009346,16,0.0737855871886121,0.16814946619217083,0.1612099644128114,0.14519572953736656,0.061565836298932385,0.06515124555160143,1.0,0.6750578291814948
100000008172352100,1,False,3,7,90265.0,289510.0,3,8,False,3.207333961114496,0.0003731111405338954,5.8697375245207156e-67,1.8219956522481192e-05,8,90265.0,0.3117854305550758,42,0.1683896797153025,0.17327402135231318,0.1468861209964413,0.1314590747330961,0.10740213523131674,0.10059608540925268,1.0,0.8280071174377225
100000008172721100,4,False,1,0,168335.0,0.0,1,0,True,0.0,0.0003929565750201171,0.0,1.0619150309172403e-62,7,0.0,0.0,8,0.0737855871886121,0.06217526690391458,0.0451067615658363,0.05526690391459074,0.1119572953736655,0.06515124555160143,0.75,0.3100822953736655
100000008173359100,1,False,1,0,6110.0,0.0,1,0,False,0.0,0.0002846898993911822,0.0,2.4668503277235657e-05,7,0.0,0.0,16,0.0737855871886121,0.06217526690391458,0.14875444839857652,0.05526690391459074,0.003985765124555161,0.06515124555160143,1.0,0.4091192170818506
100000008174521100,2,False,1,0,82110.0,0.0,1,0,False,0.0,0.00043797772927160587,0.0,1.3026289541659795e-08,7,0.0,0.0,16,0.0737855871886121,0.06217526690391458,0.09306049822064057,0.05526690391459074,0.11843416370106763,0.06515124555160143,1.0,0.4678736654804271
100000008175078100,4,False,1,0,1846711.0,0.0,15,0,True,0.0,0.00046633551370733385,0.0,1.3415145740340877e-35,7,0.0,0.0,20,0.0737855871886121,0.06217526690391458,0.05765124555160142,0.05526690391459074,0.120711743772242,0.06515124555160143,0.75,0.32605649466192177
100000008183752100,4,False,1,0,140000.0,0.0,1,0,True,0.0,0.0005270589554097068,0.0,2.5755357537785882e-77,8,0.0,0.0,46,0.0737855871886121,0.06217526690391458,0.03193950177935943,0.05526690391459074,0.12761565836298933,0.10059608540925268,0.75,0.33853425266903914
100000008188026100,1,False,2,4,86468.0,337983.17,5,4,False,3.9087659018365173,0.0002976809047272651,1.039050340336512e-64,9.051770012732603e-05,7,0.0,0.0,3,0.15409697508896797,0.16814946619217083,0.15934163701067616,0.13231316725978648,0.05871886120996441,0.06515124555160143,1.0,0.7377713523131673
100000008190411100,4,False,1,0,198450.0,0.0,12,0,True,0.0,0.0004216973214038019,0.0,3.193837098378668e-11,7,0.0,0.0,4,0.0737855871886121,0.06217526690391458,0.08460854092526691,0.05526690391459074,0.11558718861209964,0.06515124555160143,0.75,0.34243104982206407
100000008190442100,3,False,1,0,13000.0,0.0,1,0,False,0.0,0.0002860514288659136,0.0,5.54825993123454e-33,1,0.0,0.0,22,0.0737855871886121,0.06217526690391458,0.06343416370106762,0.05526690391459074,0.010889679715302492,0.01766903914590747,1.0,0.28322064056939494
100000008192264100,3,False,1,1,162810.0,187910.0,1,2,False,1.1541674344327744,0.00028927011396478477,2.231004195934375e-73,0.0070855493146282,7,162810.0,0.8664254164227556,10,0.0737855871886121,0.13716192170818506,0.19590747330960856,0.1288256227758007,0.03131672597864769,0.06515124555160143,1.0,0.6321485765124555
100000008193258100,3,False,1,1,75000.0,30000.0,2,1,False,0.4,0.00029575608019151065,1.8043745829576355e-100,8.973385039951002e-05,7,0.0,0.0,28,0.0737855871886121,0.13716192170818506,0.15889679715302493,0.11843416370106763,0.054661921708185054,0.06515124555160143,1.0,0.6080916370106763
100000008193577100,1,False,2,5,154300.0,480180.0,6,16,False,3.1119896305897603,0.0012966188583044152,1.8766307787251582e-44,6.739719835295354e-45,1,49990.0,0.10410679328585114,9,0.15409697508896797,0.17043149466192173,0.052846975088967976,0.13615658362989325,0.15459074733096087,0.01766903914590747,1.0,0.6857918149466192
100000008200810100,3,False,1,0,475000.0,0.0,1,0,False,0.0,0.00030650043531540386,0.0,5.486435412565997e-07,2,0.0,0.0,24,0.0737855871886121,0.06217526690391458,0.11601423487544485,0.05526690391459074,0.07366548042704626,0.03368327402135231,1.0,0.4145907473309608
100000008205000100,0,True,0,0,0.0,0.0,0,0,False,,0.00028403728526186454,0.0,0.0,0,0.0,0.0,87,0.001641459074733096,0.06217526690391458,0.001823843416370107,0.05526690391459074,0.0014590747330960854,0.001307829181494662,0.0,0.0
100000008205937100,2,False,1,0,35000.0,0.0,3,0,False,0.0,0.000329722482622768,0.0,2.249313703033789e-09,10,0.0,0.0,12,0.0737855871886121,0.06217526690391458,0.08879003558718862,0.05526690391459074,0.09281138790035588,0.11530249110320284,1.0,0.4881316725978647
100000008213966100,2,False,3,1,187004.0,436900.0,7,8,False,2.336313661739856,0.001933906191530504,6.414954206745062e-61,4.257803954000823e-67,7,142004.0,0.3250263218127718,15,0.1683896797153025,0.13716192170818506,0.04012455516014235,0.13330960854092527,0.15708185053380783,0.06515124555160143,1.0,0.7012188612099645
100000008219168100,1,False,1,0,53200.0,0.0,2,0,False,0.0,0.00028706799256513084,0.0,3.2576159205600274e-06,1,0.0,0.0,1,0.0737855871886121,0.06217526690391458,0.13354092526690395,0.05526690391459074,0.017295373665480427,0.01766903914590747,1.0,0.3597330960854093
100000008221543100,1,False,2,0,542000.0,0.0,2,0,False,0.0,0.0003693238604807062,0.0,0.0005213098458714747,7,0.0,0.0,28,0.15409697508896797,0.06217526690391458,0.17971530249110323,0.05526690391459074,0.10647686832740215,0.06515124555160143,1.0,0.6228825622775801
100000008221765100,4,False,1,0,156354.0,0.0,1,0,True,0.0,0.0005372045772029147,0.0,1.0428690116800287e-75,7,0.0,0.0,10,0.0737855871886121,0.06217526690391458,0.03265124555160142,0.05526690391459074,0.1332384341637011,0.06515124555160143,0.75,0.31670151245551603
100000008223661100,3,False,2,5,202000.0,262580.0,2,5,False,1.29990099009901,0.000313057907676226,0.00021043516556273288,1.969833403237587e-06,8,49231.0,0.18748952700129484,4,0.15409697508896797,0.17043149466192173,0.12918149466192172,0.15430604982206406,0.08177935943060499,0.10059608540925268,1.0,0.7903914590747332
100000008223756100,3,False,2,0,331682.0,0.0,2,0,False,0.0,0.00035420394470986284,0.0,0.0006264445319003535,7,0.0,0.0,8,0.15409697508896797,0.06217526690391458,0.18211743772241995,0.05526690391459074,0.10185053380782919,0.06515124555160143,1.0,0.6206583629893239
100000008229700100,1,False,1,1,23500.0,7200.0,1,1,False,0.30638297872340425,0.0002879117888130962,1.5258397304307533e-121,1.7931119087587777e-07,1,0.0,0.0,7,0.0737855871886121,0.13716192170818506,0.1093861209964413,0.11231316725978648,0.02387900355871886,0.01766903914590747,1.0,0.4741948398576512
100000008232832100,1,False,1,1,337000.0,138000.0,2,1,False,0.4094955489614243,0.0004905494028038485,1.315693802730308e-06,8.397319494114176e-08,10,0.0,0.0,51,0.0737855871886121,0.13716192170818506,0.10489323843416372,0.14526690391459077,0.12348754448398577,0.11530249110320284,1.0,0.6998976868327402
100000008237827100,1,False,1,0,40001.0,0.0,1,0,False,0.0,0.00029198212202018,0.0,0.00041334279368873694,10,0.0,0.0,2,0.0737855871886121,0.06217526690391458,0.175355871886121,0.05526690391459074,0.043345195729537364,0.11530249110320284,1.0,0.5252313167259787
100000008238112100,3,False,1,0,190000.0,0.0,1,0,False,0.0,0.00029014401982088944,0.0,0.007654375919366429,7,0.0,0.0,10,0.0737855871886121,0.06217526690391458,0.1961743772241993,0.05526690391459074,0.03587188612099644,0.06515124555160143,1.0,0.48842526690391463
100000008238989100,2,False,1,0,200000.0,0.0,2,0,False,0.0,0.0003214608991872512,0.0,7.423873752599541e-05,7,0.0,0.0,29,0.0737855871886121,0.06217526690391458,0.1576067615658363,0.05526690391459074,0.08879003558718862,0.06515124555160143,1.0,0.5027758007117438
100000008244300100,1,False,5,0,65430.0,0.0,6,0,False,0.0,0.00047647064839514877,0.0,1.1054190510606283e-05,8,0.0,0.0,10,0.17655693950177936,0.06217526690391458,0.14430604982206408,0.05526690391459074,0.12192170818505339,0.10059608540925268,1.0,0.6608229537366549
100000008251939100,4,False,1,0,44360.0,0.0,1,0,True,0.0,0.000300516406543729,0.0,5.675076786812945e-08,7,0.0,0.0,18,0.0737855871886121,0.06217526690391458,0.10231316725978648,0.05526690391459074,0.06526690391459075,0.06515124555160143,0.75,0.3179693060498221
100000008254069100,2,False,1,5,10200.0,107500.0,2,6,False,10.53921568627451,0.00034056856636669917,6.205926400612758e-05,3.1905682482641533e-91,8,10000.0,0.09302325581395349,49,0.0737855871886121,0.17043149466192173,0.0201067615658363,0.15202846975088968,0.09765124555160144,0.10059608540925268,1.0,0.614599644128114
100000008254576100,3,False,1,1,8000.0,60000.0,1,1,False,7.5,0.00029007871752092883,3.0998919294146865e-90,7.891984310218869e-50,7,0.0,0.0,38,0.0737855871886121,0.13716192170818506,0.05177935943060498,0.12220640569395018,0.035516014234875444,0.06515124555160143,1.0,0.4856005338078292
100000008255655100,4,False,1,0,5400.0,0.0,1,0,True,0.0,0.000528052592634837,0.0,1.1240078440116927e-124,7,0.0,0.0,28,0.0737855871886121,0.06217526690391458,0.0050711743772242,0.05526690391459074,0.12875444839857653,0.06515124555160143,0.75,0.2926534697508897
100000008258083100,2,False,2,2,3149500.0,2045650.0,13,6,False,0.6495157961581204,0.0010411089008895492,3.453437650569284e-07,8.997380317496177e-06,7,117500.0,0.05743895583310928,33,0.15409697508896797,0.1554581850533808,0.14297153024911033,0.14348754448398576,0.15245551601423488,0.06515124555160143,1.0,0.8136209964412813
100000008258458100,3,False,1,2,19000.0,1557988.0,1,4,False,81.99936842105264,0.000289690668530509,3.8140266462144025e-42,1.0047161445988777e-05,7,19000.0,0.012195215880995232,70,0.0737855871886121,0.1554581850533808,0.14350533807829183,0.13665480427046264,0.03402135231316726,0.06515124555160143,1.0,0.608576512455516
100000008259451100,3,False,1,0,55000.0,0.0,1,0,False,0.0,0.00029952992298323524,0.0,1.0770077588627103e-06,7,0.0,0.0,40,0.0737855871886121,0.06217526690391458,0.12241992882562279,0.05526690391459074,0.06355871886120996,0.06515124555160143,1.0,0.4423576512455516
100000008279405100,3,False,1,0,234738.0,0.0,2,0,False,0.0,0.0003314205226227103,0.0,0.0004729067806397848,7,0.0,0.0,8,0.0737855871886121,0.06217526690391458,0.17820284697508898,0.05526690391459074,0.09373665480427047,0.06515124555160143,1.0,0.5283185053380782
100000008283183100,2,False,1,0,29000.0,0.0,1,0,False,0.0,0.0002938124067219943,0.0,4.083105689218876e-34,1,0.0,0.0,22,0.0737855871886121,0.06217526690391458,0.060231316725978645,0.05526690391459074,0.04918149466192171,0.01766903914590747,1.0,0.3183096085409252
100000008289539100,2,False,1,0,14912.0,0.0,1,0,False,0.0,0.00028874478319095194,0.0,1.3136110133430687e-06,7,0.0,0.0,3,0.0737855871886121,0.06217526690391458,0.12508896797153027,0.05526690391459074,0.02861209964412811,0.06515124555160143,1.0,0.41008007117437717
100000008293431100,3,False,1,5,15000.0,297000.0,1,7,False,19.8,0.00028535739929778963,3.020761326926613e-05,0.0004687065968097095,7,0.0,0.0,0,0.0737855871886121,0.17043149466192173,0.17811387900355874,0.1506761565836299,0.007544483985765125,0.06515124555160143,1.0,0.6457028469750891
100000008295429100,3,False,1,0,352000.0,0.0,1,0,False,0.0,0.0002953508145501633,0.0,0.010418478950421594,7,0.0,0.0,10,0.0737855871886121,0.06217526690391458,0.19768683274021354,0.05526690391459074,0.05352313167259786,0.06515124555160143,1.0,0.5075889679715302
100000008297199100,3,False,1,0,42268.0,0.0,1,0,False,0.0,0.000294973419794971,0.0,0.0003036855022757009,7,0.0,0.0,0,0.0737855871886121,0.06217526690391458,0.17144128113879006,0.05526690391459074,0.052669039145907474,0.06515124555160143,1.0,0.48048932384341647
100000008304115100,1,False,1,0,51000.0,0.0,1,0,False,0.0,0.00029244578233049494,0.0,2.64154827410438e-07,1,0.0,0.0,7,0.0737855871886121,0.06217526690391458,0.11218861209964415,0.05526690391459074,0.04505338078291815,0.01766903914590747,1.0,0.3661387900355872
100000008304139100,1,False,4,24,189329.75,1692997.0,4,43,False,8.942054801213228,0.00031188219741142735,0.0032167403204016146,0.0009432552936772921,7,171228.75,0.1011394290716404,2,0.17435498220640572,0.17815836298932383,0.18683274021352314,0.15800711743772244,0.0802846975088968,0.06515124555160143,1.0,0.8427891459074733
100000008306857100,3,False,1,0,125000.0,0.0,1,0,False,0.0,0.0002899486405391117,0.0,2.8144819817030476e-07,2,0.0,0.0,24,0.0737855871886121,0.06217526690391458,0.11272241992882565,0.05526690391459074,0.03516014234875445,0.03368327402135231,1.0,0.37279359430604975
100000008308418100,4,False,1,0,50000.0,0.0,1,0,True,0.0,0.0004291053185319035,0.0,1.5977627105869001e-84,7,0.0,0.0,0,0.0737855871886121,0.06217526690391458,0.02597864768683274,0.05526690391459074,0.11708185053380783,0.06515124555160143,0.75,0.2995796263345195
100000008309514100,3,False,1,0,17200.0,0.0,1,0,False,0.0,0.0002867021521841448,0.0,6.381890473170846e-33,1,0.0,0.0,22,0.0737855871886121,0.06217526690391458,0.0652135231316726,0.05526690391459074,0.014448398576512455,0.01766903914590747,1.0,0.28855871886121
100000008314203100,0,True,2,2,382076.0,327000.0,10,13,False,0.8558506684533967,0.0004992320778223486,9.452378686018318e-07,8.250160620954565e-08,9,139000.0,0.42507645259938837,51,0.15409697508896797,0.1554581850533808,0.10444839857651247,0.14441281138790035,0.12427046263345197,0.10908362989323844,1.0,0.7917704626334519
100000008314863100,3,False,1,0,12000.0,0.0,1,0,False,0.0,0.0005138944435778046,0.0,2.265256984274984e-104,10,0.0,0.0,2,0.0737855871886121,0.06217526690391458,0.011565836298932385,0.05526690391459074,0.12576512455516015,0.11530249110320284,1.0,0.44386120996441275
100000008321975100,4,False,1,0,5900.0,0.0,1,0,True,0.0,0.0003015698672110608,0.0,1.8071074463816094e-79,7,0.0,0.0,32,0.0737855871886121,0.06217526690391458,0.03069395017793594,0.05526690391459074,0.06740213523131672,0.06515124555160143,0.75,0.26585631672597865
100000008324800100,2,False,3,1,526500.0,511000.0,17,13,False,0.9705603038936372,0.0019458215650475555,1.319819816948646e-58,0.005940691087781904,7,315000.0,0.6164383561643836,85,0.1683896797153025,0.13716192170818506,0.19421708185053382,0.13402135231316728,0.15736654804270464,0.06515124555160143,1.0,0.8563078291814948
100000008327791100,4,False,1,0,11000.0,0.0,1,0,True,0.0,0.0005335791797667817,0.0,2.524836970003374e-114,7,0.0,0.0,28,0.0737855871886121,0.06217526690391458,0.008362989323843417,0.05526690391459074,0.1316014234875445,0.06515124555160143,0.75,0.29725756227758005
100000008331280100,4,False,1,0,41000.0,0.0,2,0,True,0.0,0.00031628202880460777,0.0,1.4441579446334469e-61,7,0.0,0.0,14,0.0737855871886121,0.06217526690391458,0.045640569395017795,0.05526690391459074,0.08469750889679716,0.06515124555160143,0.75,0.2900378113879003
100000008332511100,3,False,1,0,100000.0,0.0,1,0,False,0.0,0.00110432303381889,0.0,3.2777693353611925e-82,9,0.0,0.0,24,0.0737855871886121,0.06217526690391458,0.028247330960854092,0.05526690391459074,0.15309608540925268,0.10908362989323844,1.0,0.48165480427046264
100000008333492100,4,False,1,0,216400.0,0.0,1,0,True,0.0,0.0004354837533642593,0.0,1.0436368435276394e-60,9,0.0,0.0,60,0.0737855871886121,0.06217526690391458,0.046708185053380785,0.05526690391459074,0.11814946619217082,0.10908362989323844,0.75,0.3488767793594306
100000008335401100,2,False,1,0,150000.0,0.0,3,0,False,0.0,0.0005478806918531158,0.0,1.681307363967806e-70,9,0.0,0.0,18,0.0737855871886121,0.06217526690391458,0.03549822064056939,0.05526690391459074,0.13572953736654805,0.10908362989323844,1.0,0.4715391459074733
100000008336318100,4,False,1,0,170000.0,0.0,1,0,True,0.0,0.0003249187073735092,0.0,1.2741219668551656e-08,8,0.0,0.0,4,0.0737855871886121,0.06217526690391458,0.09297153024911031,0.05526690391459074,0.0903914590747331,0.10059608540925268,0.75,0.35639012455516017
100000008337304100,4,False,1,0,105465.0,0.0,2,0,True,0.0,0.00035227724067431063,0.0,8.405368051117644e-63,7,0.0,0.0,8,0.0737855871886121,0.06217526690391458,0.04501779359430605,0.05526690391459074,0.10128113879003559,0.06515124555160143,0.75,0.3020084519572953
100000008343415100,4,False,1,0,100000.0,0.0,3,0,True,0.0,0.0004314669467661543,0.0,4.467160476834016e-74,7,0.0,0.0,35,0.0737855871886121,0.06217526690391458,0.03371886120996442,0.05526690391459074,0.11750889679715304,0.06515124555160143,0.75,0.30570507117437723
100000008343874100,3,False,2,2,283535.0,176400.0,2,5,False,0.6221454141464017,0.0003059599092780297,2.601092443661805e-74,0.001416641296658358,7,143400.0,0.8129251700680272,35,0.15409697508896797,0.1554581850533808,0.1888790035587189,0.1283985765124555,0.07302491103202847,0.06515124555160143,1.0,0.7650088967971531
100000008346837100,2,False,9,25,254359.0,1258643.0,12,26,False,4.948293553599441,0.0005440589933665712,0.002435647597384737,1.4072548378577777e-05,7,210550.0,0.16728333610086418,12,0.17919928825622777,0.17823843416370108,0.1458185053380783,0.15793594306049824,0.13473309608540926,0.06515124555160143,1.0,0.8610765124555161
100000008349675100,1,False,1,1,46520.0,36650.0,1,2,False,0.7878331900257953,0.0002866874451067508,1.6319968854610842e-97,3.046238591271468e-06,1,18500.0,0.504774897680764,1,0.0737855871886121,0.13716192170818506,0.13300711743772242,0.11957295373665482,0.01409252669039146,0.01766903914590747,1.0,0.4952891459074733
100000008349740100,4,False,1,0,70000.0,0.0,2,0,True,0.0,0.0002909473410265093,0.0,2.6118302474834884e-36,7,0.0,0.0,20,0.0737855871886121,0.06217526690391458,0.05711743772241993,0.05526690391459074,0.039359430604982204,0.06515124555160143,0.75,0.26464190391459075
100000008352542100,2,False,1,0,50220.0,0.0,1,0,False,0.0,0.000329631536040099,0.0,6.934904721821747e-07,10,0.0,0.0,2,0.0737855871886121,0.06217526690391458,0.11850533807829183,0.05526690391459074,0.09274021352313168,0.11530249110320284,1.0,0.5177758007117437
100000008356606100,2,False,2,0,168500.0,0.0,2,0,False,0.0,0.0006230027334802672,0.0,2.148551988121046e-08,7,0.0,0.0,12,0.15409697508896797,0.06217526690391458,0.09555160142348755,0.05526690391459074,0.14270462633451958,0.06515124555160143,1.0,0.5749466192170818
100000008376089100,2,False,1,0,135000.0,0.0,1,0,False,0.0,0.0003007489574257198,0.0,2.496703850748028e-07,7,0.0,0.0,33,0.0737855871886121,0.06217526690391458,0.11165480427046265,0.05526690391459074,0.06562277580071174,0.06515124555160143,1.0,0.43365658362989323
100000008376785100,4,False,1,0,234250.0,0.0,2,0,True,0.0,0.0005286571752915878,0.0,7.940447400129295e-70,7,0.0,0.0,10,0.0737855871886121,0.06217526690391458,0.035676156583629895,0.05526690391459074,0.1290391459074733,0.06515124555160143,0.75,0.3158207295373665
100000008379273100,3,False,2,4,36000.0,38000.0,2,4,False,1.0555555555555556,0.0002973868943923863,2.573077032815472e-06,6.067500877040167e-08,7,0.0,0.0,18,0.15409697508896797,0.16814946619217083,0.10302491103202849,0.14633451957295374,0.057722419928825625,0.06515124555160143,1.0,0.6944795373665481
100000008383405100,1,False,1,0,25000.0,0.0,2,0,False,0.0,0.0003043598182988309,0.0,6.538998229147588e-67,1,0.0,0.0,21,0.0737855871886121,0.06217526690391458,0.04065836298932385,0.05526690391459074,0.07074733096085409,0.01766903914590747,1.0,0.3203024911032028
100000008388049100,3,False,1,0,496400.0,0.0,1,0,False,0.0,0.0003075124593388686,0.0,5.608663085544979e-07,2,0.0,0.0,24,0.0737855871886121,0.06217526690391458,0.11637010676156585,0.05526690391459074,0.07444839857651245,0.03368327402135231,1.0,0.41572953736654794
100000008389800100,2,False,3,7,189000.0,401620.0,3,8,False,2.124973544973545,0.0005020112619621911,0.0001260451003793914,1.0886077990821603e-08,7,167400.0,0.4168119117573826,16,0.1683896797153025,0.17327402135231318,0.09252669039145908,0.15345195729537367,0.12455516014234876,0.06515124555160143,1.0,0.7773487544483987
100000008405209100,3,False,1,0,54400.0,0.0,1,0,False,0.0,0.0002925373178508345,0.0,7.642318291977265e-05,7,0.0,0.0,28,0.0737855871886121,0.06217526690391458,0.1579181494661922,0.05526690391459074,0.04548042704626335,0.06515124555160143,1.0,0.4597775800711744
100000008406609100,2,False,1,0,34000.0,0.0,1,0,False,0.0,0.00042791268321765055,0.0,8.311485939024803e-75,8,0.0,0.0,49,0.0737855871886121,0.06217526690391458,0.03291814946619217,0.05526690391459074,0.11686832740213524,0.10059608540925268,1.0,0.4416103202846975
100000008413748100,2,False,2,18,26480.0,1377320.22,2,21,False,52.01360347432024,0.0003886634499669643,0.009260173252539057,2.993734683723802e-07,7,26480.0,0.01922573967584677,28,0.15409697508896797,0.17743772241992883,0.11298932384341638,0.1590035587188612,0.1103914590747331,0.06515124555160143,1.0,0.7790702846975089
100000008416433100,3,False,1,0,20000.0,0.0,1,0,False,0.0,0.0002896709717059993,0.0,6.494601149907591e-07,7,0.0,0.0,40,0.0737855871886121,0.06217526690391458,0.11761565836298933,0.05526690391459074,0.03359430604982206,0.06515124555160143,1.0,0.4075889679715302
100000008417029100,3,False,1,0,100000.0,0.0,1,0,False,0.0,0.000304957733466187,0.0,5.0491286881586204e-08,9,0.0,0.0,4,0.0737855871886121,0.06217526690391458,0.10133451957295375,0.05526690391459074,0.07167259786476868,0.10908362989323844,1.0,0.47331850533807823
100000008417359100,3,False,1,2,40810.0,110760.0,2,3,False,2.714040676304827,0.0002904138722095826,3.59743542396208e-05,6.619252818518199e-05,7,30810.0,0.27816901408450706,28,0.0737855871886121,0.1554581850533808,0.1561387900355872,0.1508896797153025,0.03665480427046263,0.06515124555160143,1.0,0.6380782918149467
100000008418835100,0,True,1,4,1372000.0,186179.0,67,6,False,0.13569897959183674,0.0005254689777410252,1.8202428508477633e-06,4.139435490358775e-44,1,159179.0,0.8549782735969148,3,0.0737855871886121,0.16814946619217083,0.05338078291814946,0.14576512455516016,0.12654804270462633,0.01766903914590747,1.0,0.5852980427046263
100000008418934100,2,False,1,0,360000.0,0.0,1,0,False,0.0,0.00031768683648299915,0.0,2.3980755919287815e-07,1,0.0,0.0,4,0.0737855871886121,0.06217526690391458,0.11147686832740214,0.05526690391459074,0.08604982206405694,0.01766903914590747,1.0,0.40642348754448393
100000008422226100,3,False,1,0,87450.0,0.0,1,0,False,0.0,0.0002889280863699295,0.0,0.0006555615845879949,7,0.0,0.0,0,0.0737855871886121,0.06217526690391458,0.18265124555160145,0.05526690391459074,0.0297508896797153,0.06515124555160143,1.0,0.4687811387900356
100000008427027100,3,False,1,0,300000.0,0.0,1,0,False,0.0,0.0005479295884264174,0.0,2.21921519369004e-06,10,0.0,0.0,2,0.0737855871886121,0.06217526690391458,0.13016014234875448,0.05526690391459074,0.13580071174377226,0.11530249110320284,1.0,0.572491103202847
100000008430691100,3,False,1,2,20000.0,604900.0,1,2,False,30.245,0.00030528670375103,1.6460438099955717e-09,6.927878384305159e-07,7,20000.0,0.03306331625061994,84,0.0737855871886121,0.1554581850533808,0.11841637010676159,0.1399288256227758,0.07188612099644127,0.06515124555160143,1.0,0.6246263345195731
100000008432942100,3,False,1,0,44542.0,0.0,2,0,False,0.0,0.000286528378034368,0.0,0.0004678627252390299,7,0.0,0.0,0,0.0737855871886121,0.06217526690391458,0.17793594306049823,0.05526690391459074,0.013096085409252669,0.06515124555160143,1.0,0.44741103202846977
100000008436257100,3,False,2,0,35000.0,0.0,2,0,False,0.0,0.00029298261655842043,0.0,2.73984263593541e-05,7,0.0,0.0,28,0.15409697508896797,0.06217526690391458,0.14991103202846975,0.05526690391459074,0.04690391459074733,0.06515124555160143,1.0,0.5335053380782918
100000008438656100,1,False,2,1,80000.0,5000.0,2,1,False,0.0625,0.00029576468041274704,6.2977321814379195e-127,0.00326121529941018,10,5000.0,1.0,2,0.15409697508896797,0.13716192170818506,0.1921708185053381,0.111067615658363,0.05473309608540925,0.11530249110320284,1.0,0.7645329181494662
100000008443341100,1,False,2,3,34500.0,50000.0,2,4,False,1.4492753623188406,0.0006644485230334258,3.759978129794021e-05,0.00031509539922556373,7,24500.0,0.49,7,0.15409697508896797,0.16390569395017793,0.1718861209964413,0.15103202846975092,0.14462633451957296,0.06515124555160143,1.0,0.8506983985765125
100000008454065100,3,False,1,0,24050.0,0.0,1,0,False,0.0,0.00029081179321093664,0.0,7.121886163503188e-07,7,0.0,0.0,40,0.0737855871886121,0.06217526690391458,0.11939501779359432,0.05526690391459074,0.038718861209964414,0.06515124555160143,1.0,0.41449288256227756
100000008459449100,3,False,1,0,53700.0,0.0,1,0,False,0.0,0.0002979312576387884,0.0,0.00034229878136374795,7,0.0,0.0,0,0.0737855871886121,0.06217526690391458,0.17286476868327405,0.05526690391459074,0.059572953736654805,0.06515124555160143,1.0,0.4888167259786478
100000008460102100,3,False,1,31,17500.0,476570.0,1,34,False,27.23257142857143,0.0002980641455089789,3.1259436620810456e-06,2.369437881249639e-08,1,17500.0,0.036720733575340454,47,0.0737855871886121,0.1786387900355872,0.09630782918149466,0.14669039145907475,0.0600355871886121,0.01766903914590747,1.0,0.5731272241992883
100000008461217100,4,False,1,0,18000.0,0.0,1,0,True,0.0,0.0005423215954219173,0.0,3.691537707418847e-107,10,0.0,0.0,48,0.0737855871886121,0.06217526690391458,0.010275800711743773,0.05526690391459074,0.13423487544483986,0.11530249110320284,0.75,0.33828069395017796
100000008461532100,2,False,2,8,565300.0,2530090.0,2,9,False,4.475658942154608,0.0007397967015965477,5.50588358042374e-35,1.8160185213067784e-08,7,565300.0,0.2234307870471011,14,0.15409697508896797,0.17407473309608543,0.09501779359430605,0.13750889679715303,0.14725978647686833,0.06515124555160143,1.0,0.7731094306049823
100000008463968100,3,False,1,0,10000.0,0.0,1,0,False,0.0,0.0002855866264957484,0.0,4.86614586588912e-33,1,0.0,0.0,22,0.0737855871886121,0.06217526690391458,0.06263345195729537,0.05526690391459074,0.008185053380782919,0.01766903914590747,1.0,0.2797153024911031
100000008465789100,3,False,1,16,30099.0,1858100.0,1,17,False,61.732947938469714,0.00028832753192434345,7.96273792116549e-06,4.532929236122874e-08,8,30099.0,0.0161988052311501,4,0.0737855871886121,0.1769973309608541,0.10053380782918152,0.14868327402135234,0.02654804270462633,0.10059608540925268,1.0,0.627144128113879
100000008466579100,2,False,2,17,36952.0,1933000.0,2,20,False,52.31110630006495,0.0003540140822929641,0.00015223466127129673,5.398665956124505e-08,8,36952.0,0.01911639937920331,4,0.15409697508896797,0.17727758007117436,0.10186832740213525,0.15373665480427046,0.10163701067615659,0.10059608540925268,1.0,0.7892126334519574
100000008468762100,3,False,2,0,170000.0,0.0,2,0,False,0.0,0.00030871023219200685,0.0,2.1401939417938946e-06,8,0.0,0.0,46,0.15409697508896797,0.06217526690391458,0.12998220640569397,0.05526690391459074,0.07601423487544484,0.10059608540925268,1.0,0.5781316725978648
100000008469048100,4,False,1,0,265200.0,0.0,7,0,True,0.0,0.0005751933344372201,0.0,5.073308816574109e-68,7,0.0,0.0,0,0.0737855871886121,0.06217526690391458,0.037366548042704624,0.05526690391459074,0.13957295373665482,0.06515124555160143,0.75,0.32498887900355866
100000008470470100,1,False,1,0,33547.0,0.0,1,0,False,0.0,0.0002910253928281411,0.0,2.869426412014349e-32,1,0.0,0.0,22,0.0737855871886121,0.06217526690391458,0.0791814946619217,0.05526690391459074,0.039501779359430604,0.01766903914590747,1.0,0.3275800711743772
100000008471634100,4,False,1,0,20000.0,0.0,1,0,True,0.0,0.001116064465242673,0.0,1.2591667374038265e-105,7,0.0,0.0,13,0.0737855871886121,0.06217526690391458,0.010854092526690392,0.05526690391459074,0.15316725978647688,0.06515124555160143,0.75,0.31530026690391466
100000008472324100,3,False,1,0,205200.0,0.0,1,0,False,0.0,0.00029063255858561145,0.0,0.007954660795544634,7,0.0,0.0,10,0.0737855871886121,0.06217526690391458,0.19661921708185057,0.05526690391459074,0.03807829181494662,0.06515124555160143,1.0,0.4910765124555161
100000008473207100,2,False,1,0,202000.0,0.0,4,0,False,0.0,0.000552632202460204,0.0,3.308274780101779e-66,11,0.0,0.0,2,0.0737855871886121,0.06217526690391458,0.04208185053380783,0.05526690391459074,0.13701067615658363,0.11901245551601423,1.0,0.48933274021352313
100000008473765100,3,False,1,0,30000.0,0.0,1,0,False,0.0,0.0002900929606140673,0.0,0.0001690614028680524,7,0.0,0.0,8,0.0737855871886121,0.06217526690391458,0.16387900355871887,0.05526690391459074,0.03558718861209964,0.06515124555160143,1.0,0.4558451957295374
100000008474308100,2,False,1,1,14000.0,10000.0,2,1,False,0.7142857142857143,0.00044217603374908975,3.2890290883822304e-05,1.7290542734884058e-07,7,0.0,0.0,7,0.0737855871886121,0.13716192170818506,0.10907473309608542,0.1508185053380783,0.11879003558718862,0.06515124555160143,1.0,0.6547820284697509
100000008474391100,3,False,1,0,20000.0,0.0,1,0,False,0.0,0.0004050372714962105,0.0,5.273589735400006e-94,7,0.0,0.0,29,0.0737855871886121,0.06217526690391458,0.017793594306049824,0.05526690391459074,0.11380782918149468,0.06515124555160143,1.0,0.38798042704626334
100000008477350100,2,False,11,39,610100.0,3374866.0,14,44,False,5.531660383543682,0.001027282177199227,0.038006591339001715,0.0002750481881431659,7,441500.0,0.13082000885368486,0,0.17951957295373666,0.17919928825622777,0.1699288256227758,0.1595729537366548,0.1523843416370107,0.06515124555160143,1.0,0.9057562277580071
100000008478414100,2,False,1,0,10000.0,0.0,1,0,False,0.0,0.00028740801679984034,0.0,2.397682219124843e-34,1,0.0,0.0,22,0.0737855871886121,0.06217526690391458,0.05822953736654805,0.05526690391459074,0.020747330960854092,0.01766903914590747,1.0,0.287873665480427
100000008486520100,1,False,1,1,35720.0,14000.0,2,1,False,0.3919372900335946,0.00028785256786402946,1.0059056637242885e-111,5.9645532490747726e-05,7,0.0,0.0,16,0.0737855871886121,0.13716192170818506,0.15542704626334522,0.11473309608540927,0.023629893238434164,0.06515124555160143,1.0,0.5698887900355872
100000008488166100,3,False,1,0,5600.0,0.0,1,0,False,0.0,0.0002849049163528395,0.0,3.6414901248447006e-33,1,0.0,0.0,22,0.0737855871886121,0.06217526690391458,0.062099644128113876,0.05526690391459074,0.005124555160142349,0.01766903914590747,1.0,0.27612099644128113
100000008489604100,3,False,1,0,11000.0,0.0,1,0,False,0.0,0.0002857415606191368,0.0,5.1036568406311125e-33,1,0.0,0.0,22,0.0737855871886121,0.06217526690391458,0.06272241992882563,0.05526690391459074,0.009181494661921709,0.01766903914590747,1.0,0.2808007117437722
100000008489922100,3,False,3,36,262010.0,3789900.0,5,41,False,14.464715087210411,0.0005825208477313038,1.740485315754453e-05,2.6035960434450744e-06,8,233000.0,0.06147919470170717,4,0.1683896797153025,0.17903914590747333,0.13193950177935945,0.1496797153024911,0.14007117437722422,0.10059608540925268,1.0,0.8697153024911033
100000008490127100,3,False,1,6,431755.0,923000.0,2,9,False,2.137786476126507,0.00029791419673308456,7.096788708743075e-50,0.011538561647236522,7,0.0,0.0,10,0.0737855871886121,0.17211298932384342,0.19822064056939503,0.13537366548042706,0.05943060498220641,0.06515124555160143,1.0,0.7040747330960855
100000008491390100,3,False,1,0,36000.0,0.0,1,0,False,0.0,0.00028605065106964426,0.0,0.00042061508070316756,7,0.0,0.0,0,0.0737855871886121,0.06217526690391458,0.17580071174377226,0.05526690391459074,0.010818505338078292,0.06515124555160143,1.0,0.4429982206405694
100000008493007100,3,False,1,1,26150.0,26150.0,1,1,False,1.0,0.0002880888125884709,1.6913816294442856e-102,7.869025807741836e-33,1,26150.0,1.0,22,0.0737855871886121,0.13716192170818506,0.06823843416370107,0.11772241992882564,0.024982206405693947,0.01766903914590747,1.0,0.43955960854092524
100000008497298100,2,False,1,0,600000.0,0.0,1,0,False,0.0,0.00034011987063042225,0.0,3.095902276828888e-07,1,0.0,0.0,4,0.0737855871886121,0.06217526690391458,0.11343416370106763,0.05526690391459074,0.09743772241992883,0.01766903914590747,1.0,0.41976868327402134
100000008501413100,3,False,1,1,5000.0,5100.0,1,1,False,1.02,0.00036455407263621357,1.2347812544238948e-126,5.256327430065762e-08,8,5000.0,0.9803921568627451,53,0.0737855871886121,0.13716192170818506,0.10151245551601425,0.1116014234875445,0.10555160142348756,0.10059608540925268,1.0,0.6302090747330961
100000008502995100,3,False,1,0,25000.0,0.0,2,0,False,0.0,0.0007212404439425997,0.0,5.318841193516902e-07,7,0.0,0.0,0,0.0737855871886121,0.06217526690391458,0.11583629893238434,0.05526690391459074,0.14669039145907475,0.06515124555160143,1.0,0.5189056939501779
100000008503177100,3,False,1,0,33951.0,0.0,1,0,False,0.0,0.0002908904930579524,0.0,0.0001798498692253465,7,0.0,0.0,8,0.0737855871886121,0.06217526690391458,0.16459074733096088,0.05526690391459074,0.03914590747330961,0.06515124555160143,1.0,0.4601156583629894
100000008507703100,3,False,1,0,28500.0,0.0,1,0,False,0.0,0.00028845290777843355,0.0,8.214999721613681e-33,1,0.0,0.0,22,0.0737855871886121,0.06217526690391458,0.0695729537366548,0.05526690391459074,0.027402135231316724,0.01766903914590747,1.0,0.30587188612099636
100000008512552100,2,False,4,6,394360.0,1302275.0,9,11,False,3.3022492139162187,0.00042335037252202247,0.00029044121312274103,9.046497722380675e-05,7,394360.0,0.3028239043212839,28,0.17435498220640572,0.17211298932384342,0.15925266903914592,0.15523131672597865,0.11587188612099646,0.06515124555160143,1.0,0.8419750889679716
100000008512827100,2,False,3,10,107949.0,1944500.0,3,10,False,18.01313583266172,0.0003333929016123722,0.000188746649493822,4.8779498959716436e-08,9,97949.0,0.050372332219079455,24,0.1683896797153025,0.17507562277580072,0.10124555160142351,0.15416370106761568,0.09444839857651247,0.10908362989323844,1.0,0.8024065836298933
100000008513251100,0,True,0,0,0.0,0.0,0,0,False,,0.00028403728526186454,0.0,0.0,0,0.0,0.0,88,0.001641459074733096,0.06217526690391458,0.001823843416370107,0.05526690391459074,0.0014590747330960854,0.001307829181494662,0.0,0.0
100000008514970100,3,False,1,1,379966.0,31000.0,1,1,False,0.0815862471905381,0.00031091014832243297,5.501759863770667e-100,0.00023242446444509809,1,31000.0,1.0,35,0.0737855871886121,0.13716192170818506,0.16832740213523134,0.11864768683274023,0.07879003558718861,0.01766903914590747,1.0,0.5943816725978648
100000008516839100,0,True,3,0,155000.0,0.0,4,0,False,0.0,0.0010626714028414187,0.0,2.536993481213268e-74,10,0.0,0.0,49,0.1683896797153025,0.06217526690391458,0.03345195729537367,0.05526690391459074,0.1527402135231317,0.11530249110320284,1.0,0.587326512455516
100000008517061100,4,False,1,0,1844000.0,0.0,4,0,True,0.0,0.00041079354588504486,0.0,2.8660801479796086e-08,7,0.0,0.0,40,0.0737855871886121,0.06217526690391458,0.09786476868327403,0.05526690391459074,0.11473309608540927,0.06515124555160143,0.75,0.35173265124555164
100000008517538100,3,False,3,17,155500.0,1439000.0,6,18,False,9.254019292604502,0.00030539615944921613,1.1831164787995213e-05,2.570022056767902e-06,8,154500.0,0.10736622654621265,4,0.1683896797153025,0.17727758007117436,0.13176156583629894,0.1491103202846975,0.07209964412811389,0.10059608540925268,1.0,0.7992348754448398
100000008522127100,0,True,0,1,0.0,145000.0,0,3,False,,0.00028403728526186454,4.748494700189227e-73,0.0,0,0.0,0.0,59,0.001641459074733096,0.13716192170818506,0.001823843416370107,0.1290391459074733,0.0014590747330960854,0.001307829181494662,1.0,0.27243327402135226
100000008524903100,4,False,1,0,15000.0,0.0,1,0,True,0.0,0.0003299385746147473,0.0,8.046251224103027e-86,7,0.0,0.0,0,0.0737855871886121,0.06217526690391458,0.024822064056939503,0.05526690391459074,0.09302491103202847,0.06515124555160143,0.75,0.2806694839857651
100000008525136100,4,False,1,0,14100.0,0.0,1,0,True,0.0,0.0002869685418500114,0.0,4.617202301910238e-06,7,0.0,0.0,0,0.0737855871886121,0.06217526690391458,0.13665480427046264,0.05526690391459074,0.01679715302491103,0.06515124555160143,0.75,0.3073732206405694
100000008531133100,2,False,1,3,25000.0,158271.68,1,3,False,6.3308672,0.0005296002494825376,7.770818659238867e-05,2.221102896440608e-102,7,25000.0,0.1579562433405648,16,0.0737855871886121,0.16390569395017793,0.012633451957295375,0.1522419928825623,0.12975088967971532,0.06515124555160143,1.0,0.5974688612099645
100000008531186100,2,False,1,0,125000.0,0.0,1,0,False,0.0,0.00035984048850376137,0.0,0.00014146114057894863,9,0.0,0.0,2,0.0737855871886121,0.06217526690391458,0.16236654804270464,0.05526690391459074,0.10405693950177936,0.10908362989323844,1.0,0.5667348754448399
100000008532050100,3,False,1,0,455156.0,0.0,1,0,False,0.0,0.00029866632144579896,0.0,0.011847129150967984,7,0.0,0.0,10,0.0737855871886121,0.06217526690391458,0.19839857651245552,0.05526690391459074,0.06149466192170818,0.06515124555160143,1.0,0.5162722419928826
100000008536546100,3,False,2,0,250000.0,0.0,2,0,False,0.0,0.0003155105096605099,0.0,2.7028804193652895e-06,8,0.0,0.0,46,0.15409697508896797,0.06217526690391458,0.13229537366548044,0.05526690391459074,0.08377224199288257,0.10059608540925268,1.0,0.5882028469750891
100000008537380100,3,False,1,0,8000.0,0.0,1,0,False,0.0,0.00028527675824897164,0.0,4.352413177823059e-33,1,0.0,0.0,22,0.0737855871886121,0.06217526690391458,0.06236654804270463,0.05526690391459074,0.006832740213523132,0.01766903914590747,1.0,0.2780960854092526
100000008545727100,2,False,1,6,30000.0,1866500.0,1,7,False,62.21666666666667,0.0003368059665801148,6.215431167345323e-06,7.519035113805988e-71,9,30000.0,0.016072863648540048,18,0.0737855871886121,0.17211298932384342,0.0353202846975089,0.14811387900355874,0.09608540925266905,0.10908362989323844,1.0,0.6345017793594308
100000008546855100,2,False,6,2,71790.0,10000.0,8,2,False,0.1392951664577239,0.001414098526061224,1.0819421503297041e-116,6.890460463727122e-06,7,10000.0,1.0,43,0.17771797153024912,0.1554581850533808,0.1411032028469751,0.11384341637010677,0.15537366548042705,0.06515124555160143,1.0,0.8086476868327404
100000008547295100,3,False,1,0,15000.0,0.0,1,0,False,0.0,0.0005588021296792129,0.0,1.72378344635907e-96,1,0.0,0.0,41,0.0737855871886121,0.06217526690391458,0.016459074733096084,0.05526690391459074,0.13807829181494663,0.01766903914590747,1.0,0.36343416370106757
100000008547844100,2,False,3,19,177600.0,2042199.0,3,21,False,11.498868243243244,0.0003424595870338747,6.722698227845172e-06,2.0602470524971137e-06,8,177600.0,0.08696508028845377,4,0.1683896797153025,0.17759786476868328,0.1295373665480427,0.14825622775800712,0.09814946619217083,0.10059608540925268,1.0,0.8225266903914591
100000008547948100,2,False,6,26,212665.0,5185600.0,7,31,False,24.383890155878966,0.00042766782871204236,4.562879938896801e-05,1.346017171639414e-06,8,212665.0,0.0410106834310398,4,0.17771797153024912,0.1783585409252669,0.12535587188612102,0.1516014234875445,0.11679715302491105,0.10059608540925268,1.0,0.8504270462633452
100000008548853100,3,False,1,0,14000.0,0.0,1,0,False,0.0,0.000286206362989302,0.0,5.757701435760078e-33,1,0.0,0.0,22,0.0737855871886121,0.06217526690391458,0.06365658362989324,0.05526690391459074,0.011494661921708185,0.01766903914590747,1.0,0.2840480427046263
100000008551752100,4,False,1,0,406000.0,0.0,2,0,True,0.0,0.0003396596240674517,0.0,9.27444584835986e-41,7,0.0,0.0,65,0.0737855871886121,0.06217526690391458,0.056049822064056946,0.05526690391459074,0.09729537366548044,0.06515124555160143,0.75,0.30729314946619213
100000008554390100,4,False,1,0,14000.0,0.0,1,0,True,0.0,0.000291479976433475,0.0,1.4374887462321078e-08,1,0.0,0.0,47,0.0737855871886121,0.06217526690391458,0.09377224199288256,0.05526690391459074,0.04128113879003559,0.01766903914590747,0.75,0.25796263345195725
100000008555233100,3,False,1,0,440600.0,0.0,1,0,False,0.0,0.00036135597110227026,0.0,1.7922708793527437e-07,9,0.0,0.0,46,0.0737855871886121,0.06217526690391458,0.10925266903914593,0.05526690391459074,0.10427046263345197,0.10908362989323844,1.0,0.5138345195729537
100000008555918100,1,False,1,2,139211.0,43300.0,1,2,False,0.3110386391879952,0.0003116868107727732,4.729252655694825e-95,0.0007711018103670865,10,0.0,0.0,2,0.0737855871886121,0.1554581850533808,0.18496441281138792,0.1201423487544484,0.0798576512455516,0.11530249110320284,1.0,0.7295106761565835
100000008556318100,1,False,2,0,180132.0,0.0,2,0,False,0.0,0.0005571252931068682,0.0,0.0007076263993536479,10,0.0,0.0,2,0.15409697508896797,0.06217526690391458,0.18336298932384343,0.05526690391459074,0.13793594306049822,0.11530249110320284,1.0,0.7081405693950178
100000008557672100,2,False,1,0,49125.0,0.0,1,0,False,0.0,0.00030059600394217057,0.0,5.314261295556068e-34,1,0.0,0.0,22,0.0737855871886121,0.06217526690391458,0.060854092526690384,0.05526690391459074,0.06548042704626335,0.01766903914590747,1.0,0.3352313167259786
100000008560263100,4,False,1,0,100000.0,0.0,1,0,True,0.0,0.0003114725038133459,0.0,2.329348781354713e-50,7,0.0,0.0,10,0.0737855871886121,0.06217526690391458,0.051334519572953735,0.05526690391459074,0.079644128113879,0.06515124555160143,0.75,0.2905182384341637
100000008560717100,1,False,7,1,529000.0,25000.0,9,1,False,0.04725897920604915,0.00032894657942560693,3.665762593409714e-103,0.011877044042802199,7,0.0,0.0,10,0.17839857651245553,0.13716192170818506,0.19848754448398578,0.11736654804270463,0.09245551601423488,0.06515124555160143,1.0,0.7890213523131673
100000008561016100,3,False,1,1,180000.0,185000.0,2,4,False,1.0277777777777777,0.0002932483440673272,1.3123292419091065e-73,3.734537737336135e-06,9,180000.0,0.972972972972973,4,0.0737855871886121,0.13716192170818506,0.13460854092526692,0.12875444839857653,0.04775800711743772,0.10908362989323844,1.0,0.6311521352313167
100000008566737100,1,False,2,0,230000.0,0.0,2,0,False,0.0,0.00034746821663889885,0.0,0.0007357687118280314,10,0.0,0.0,0,0.15409697508896797,0.06217526690391458,0.1839857651245552,0.05526690391459074,0.09992882562277582,0.11530249110320284,1.0,0.6707562277580073
100000008568512100,3,False,1,0,199640.0,0.0,1,0,False,0.0,0.00029045385624798943,0.0,0.007846152906977622,7,0.0,0.0,10,0.0737855871886121,0.06217526690391458,0.19644128113879006,0.05526690391459074,0.03708185053380783,0.06515124555160143,1.0,0.48990213523131676
100000008571243100,3,False,1,0,134000.0,0.0,1,0,False,0.0,0.0003045902987065895,0.0,8.842660460867644e-08,9,0.0,0.0,18,0.0737855871886121,0.06217526690391458,0.10516014234875447,0.05526690391459074,0.07103202846975089,0.10908362989323844,1.0,0.47650355871886124
100000008571433100,0,True,2,2,350000.0,1434000.0,2,3,False,4.097142857142857,0.001627672737524963,5.6302424921833e-42,1.8547579228205617e-48,0,350000.0,0.24407252440725244,58,0.15409697508896797,0.1554581850533808,0.05231316725978648,0.13672597864768685,0.15608540925266906,0.001307829181494662,1.0,0.6559875444839857
100000008571443100,2,False,2,0,65000.0,0.0,2,0,False,0.0,0.000313012230920846,0.0,2.0997893805856567e-05,7,0.0,0.0,12,0.15409697508896797,0.06217526690391458,0.1477758007117438,0.05526690391459074,0.08163701067615659,0.06515124555160143,1.0,0.5661032028469751
100000008575624100,0,True,0,3,0.0,89500.0,0,5,False,,0.00028403728526186454,7.164620670302713e-69,0.0,0,0.0,0.0,71,0.001641459074733096,0.16390569395017793,0.001823843416370107,0.1300355871886121,0.0014590747330960854,0.001307829181494662,1.0,0.300173487544484
100000008576243100,3,False,2,0,82920.0,0.0,4,0,False,0.0,0.0016387812843189954,0.0,5.0714705501994235e-06,8,0.0,0.0,0,0.15409697508896797,0.06217526690391458,0.13772241992882564,0.05526690391459074,0.15615658362989324,0.10059608540925268,1.0,0.6660142348754449
100000008576528100,3,False,1,0,28000.0,0.0,1,0,False,0.0,0.00028493722509161557,0.0,0.0029384073559626665,7,0.0,0.0,10,0.0737855871886121,0.06217526690391458,0.1914590747330961,0.05526690391459074,0.005338078291814948,0.06515124555160143,1.0,0.45317615658362986
100000008579978100,3,False,1,1,34000.0,77000.0,1,6,False,2.264705882352941,0.0002851300693408479,1.4958522404206486e-86,0.0032379672020617194,7,27000.0,0.35064935064935066,10,0.0737855871886121,0.13716192170818506,0.19208185053380786,0.12362989323843417,0.006120996441281139,0.06515124555160143,1.0,0.5979314946619219
100000008582730100,3,False,1,1,5000.0,5000.0,1,1,False,1.0,0.000885029158865201,5.085795576819787e-07,7.329315048431899e-116,7,5000.0,1.0,43,0.0737855871886121,0.13716192170818506,0.00662811387900356,0.14391459074733098,0.15092526690391458,0.06515124555160143,1.0,0.5775667259786478
100000008583360100,3,False,1,1,112843.0,170000.0,1,1,False,1.5065179054083992,0.0003257884059511306,7.404016317988487e-75,5.993684027717191e-08,7,0.0,0.0,18,0.0737855871886121,0.13716192170818506,0.10293594306049823,0.12811387900355872,0.0909608540925267,0.06515124555160143,1.0,0.5981094306049823
100000008583971100,4,False,2,0,51000.0,0.0,2,0,True,0.0,0.00032789536344579525,0.0,1.3697189589874847e-06,7,0.0,0.0,0,0.15409697508896797,0.06217526690391458,0.125711743772242,0.05526690391459074,0.09174377224199289,0.06515124555160143,0.75,0.41560943060498223
100000008586731100,1,False,1,0,12000.0,0.0,1,0,False,0.0,0.0002860157551603658,0.0,1.2813391234471046e-07,1,0.0,0.0,7,0.0737855871886121,0.06217526690391458,0.10711743772241994,0.05526690391459074,0.010604982206405694,0.01766903914590747,1.0,0.3266192170818505
100000008587459100,2,False,2,2,181507.0,686500.0,2,4,False,3.782223275135394,0.0002991207023925252,7.31810202954065e-05,0.0008346359327864411,7,0.0,0.0,0,0.15409697508896797,0.1554581850533808,0.1858540925266904,0.1521708185053381,0.06263345195729537,0.06515124555160143,1.0,0.7753647686832741
100000008588665100,4,False,1,0,25000.0,0.0,1,0,True,0.0,0.00035046702996563883,0.0,4.0059671403359737e-07,7,0.0,0.0,0,0.0737855871886121,0.06217526690391458,0.1146797153024911,0.05526690391459074,0.1009252669039146,0.06515124555160143,0.75,0.35398798932384345
100000008595687100,3,False,1,1,64395.0,10400.0,1,1,False,0.161503222299868,0.0003031977913452519,2.02469377382425e-08,1.8496631917838373e-05,7,10400.0,1.0,16,0.0737855871886121,0.13716192170818506,0.1470640569395018,0.1407829181494662,0.0693238434163701,0.06515124555160143,1.0,0.6332695729537368
100000008596924100,3,False,1,0,100000.0,0.0,1,0,False,0.0,0.0004136331808442538,0.0,5.181401176546342e-73,1,0.0,0.0,41,0.0737855871886121,0.06217526690391458,0.03451957295373666,0.05526690391459074,0.11487544483985765,0.01766903914590747,1.0,0.35829181494661916
100000008598972100,3,False,1,0,120000.0,0.0,1,0,False,0.0,0.0002925242119007433,0.0,0.00013061711692630127,1,0.0,0.0,35,0.0737855871886121,0.06217526690391458,0.1619217081850534,0.05526690391459074,0.045338078291814944,0.01766903914590747,1.0,0.4161565836298932
100000008599354100,3,False,1,1,177000.0,38200.0,1,2,False,0.21581920903954802,0.0003298330601355241,5.641046993385568e-05,0.000621448069609532,7,0.0,0.0,0,0.0737855871886121,0.13716192170818506,0.18193950177935947,0.1518149466192171,0.09295373665480428,0.06515124555160143,1.0,0.7028069395017795
100000008601794100,0,True,2,1,494400.0,871400.0,8,13,False,1.7625404530744337,0.002440312794459903,1.0036930820085806e-50,7.744724951033466e-58,0,43200.0,0.04957539591462015,39,0.15409697508896797,0.13716192170818506,0.04893238434163701,0.13523131672597866,0.15871886120996442,0.001307829181494662,1.0,0.6354492882562277
100000008603331100,2,False,2,6,39500.0,741774.0,3,6,False,18.779088607594936,0.00034231903176298666,2.6263450071674004e-06,1.6253246234943632e-08,7,39500.0,0.05325072056987708,4,0.15409697508896797,0.17211298932384342,0.09457295373665481,0.14654804270462635,0.09800711743772243,0.06515124555160143,1.0,0.7304893238434164
100000008603629100,2,False,19,61,1817300.0,4986156.0,45,74,False,2.7437165025037142,0.0011840996859005695,0.025114500915265344,0.0006737549268184594,7,1817300.0,0.3644691421608149,8,0.17983985765124555,0.1793594306049822,0.1829181494661922,0.1594306049822064,0.15409252669039147,0.06515124555160143,1.0,0.9207918149466192
100000008612257100,3,False,1,0,9500.0,0.0,1,0,False,0.0,0.0002863159546032422,0.0,3.507843454492602e-05,7,0.0,0.0,28,0.0737855871886121,0.06217526690391458,0.15240213523131674,0.05526690391459074,0.01195729537366548,0.06515124555160143,1.0,0.42073843416370105
100000008619159100,4,False,1,0,446400.0,0.0,2,0,True,0.0,0.0003545899642749396,0.0,1.5669533062411338e-42,7,0.0,0.0,70,0.0737855871886121,0.06217526690391458,0.054003558718861214,0.05526690391459074,0.10199288256227758,0.06515124555160143,0.75,0.3092815836298932
100000008619857100,3,False,1,2,29000.0,13000.0,1,2,False,0.4482758620689655,0.0002856591632736871,7.383083058771782e-06,0.0003775135883254562,7,8000.0,0.6153846153846154,0,0.0737855871886121,0.1554581850533808,0.17437722419928828,0.14854092526690393,0.008469750889679715,0.06515124555160143,1.0,0.6257829181494662
100000008620570100,3,False,2,2,145000.0,31800.0,2,2,False,0.2193103448275862,0.0003465640046245383,1.9236063943314137e-06,3.158966050220153e-05,7,10000.0,0.31446540880503143,8,0.15409697508896797,0.1554581850533808,0.1512455516014235,0.14583629893238434,0.09978647686832741,0.06515124555160143,1.0,0.7715747330960855
100000008624978100,2,False,1,0,109000.0,0.0,1,0,False,0.0,0.00033615005785542717,0.0,3.832114396136186e-09,8,0.0,0.0,35,0.0737855871886121,0.06217526690391458,0.08959074733096085,0.05526690391459074,0.09565836298932386,0.10059608540925268,1.0,0.4770729537366548
100000008625905100,3,False,1,2,197800.0,635000.0,1,2,False,3.210313447927199,0.0005420444893144059,2.1306430624558675e-55,2.748900442500231e-72,7,0.0,0.0,45,0.0737855871886121,0.1554581850533808,0.0347864768683274,0.13466192170818506,0.13402135231316728,0.06515124555160143,1.0,0.5978647686832741
100000008628231100,1,False,1,2,50000.0,627870.0,1,19,False,12.5574,0.00029396808293981694,1.45135934101977e-55,0.00046212551581599893,10,22000.0,0.03503910045073025,74,0.0737855871886121,0.1554581850533808,0.17766903914590748,0.13459074733096085,0.0498220640569395,0.11530249110320284,1.0,0.7066281138790036
100000008628818100,4,False,1,0,46310.0,0.0,1,0,True,0.0,0.0003012408043457947,0.0,5.798469323595219e-08,7,0.0,0.0,18,0.0737855871886121,0.06217526690391458,0.10249110320284699,0.05526690391459074,0.06654804270462633,0.06515124555160143,0.75,0.3190636120996441
100000008629504100,4,False,1,0,20000.0,0.0,1,0,True,0.0,0.00030037087377430486,0.0,1.6603157947310988e-07,7,0.0,0.0,0,0.0737855871886121,0.06217526690391458,0.10880782918149468,0.05526690391459074,0.06505338078291815,0.06515124555160143,0.75,0.3226801601423488
100000008629581100,2,False,1,0,54184.0,0.0,1,0,False,0.0,0.00031359708661593354,0.0,4.443158171621719e-59,8,0.0,0.0,2,0.0737855871886121,0.06217526690391458,0.047775800711743775,0.05526690391459074,0.0824199288256228,0.10059608540925268,1.0,0.4220195729537367
100000008631800100,4,False,1,0,12850.0,0.0,1,0,True,0.0,0.000290868612515807,0.0,1.3771840980197824e-08,1,0.0,0.0,47,0.0737855871886121,0.06217526690391458,0.09350533807829181,0.05526690391459074,0.03900355871886121,0.01766903914590747,0.75,0.2560542704626334
100000008632060100,3,False,1,9,6000.0,339200.0,1,12,False,56.53333333333333,0.0002864755824161646,0.0003588251267777162,2.6985469691968404e-05,7,0.0,0.0,0,0.0737855871886121,0.17463523131672598,0.1498220640569395,0.15565836298932387,0.012811387900355874,0.06515124555160143,1.0,0.6318638790035588
100000008633099100,3,False,1,1,19468.0,13500.0,1,1,False,0.6934456544072324,0.00029038325518083893,2.9211386381133e-112,4.490527871601473e-06,7,0.0,0.0,1,0.0737855871886121,0.13716192170818506,0.1363879003558719,0.11459074733096086,0.03651245551601424,0.06515124555160143,1.0,0.5635898576512456
100000008634520100,3,False,1,0,90000.0,0.0,1,0,False,0.0,0.0002968656915086867,0.0,7.83834113358148e-08,8,0.0,0.0,4,0.0737855871886121,0.06217526690391458,0.10418149466192173,0.05526690391459074,0.056512455516014234,0.10059608540925268,1.0,0.4525177935943061
100000008636603100,2,False,2,6,35460.0,159375.0,2,7,False,4.494500846023689,0.0003368074117877758,1.391690879940194e-05,5.267154538749041e-05,7,35460.0,0.22249411764705881,16,0.15409697508896797,0.17211298932384342,0.15453736654804273,0.1492526690391459,0.09615658362989324,0.06515124555160143,1.0,0.7913078291814947
100000008637537100,0,True,3,3,619890.0,2351495.0,22,30,False,3.793406894771653,0.0008220105656451442,4.2945207671461687e-08,1.8711994403759694e-06,9,546485.0,0.23239896321276465,51,0.1683896797153025,0.16390569395017793,0.12846975088967974,0.141423487544484,0.1491103202846975,0.10908362989323844,1.0,0.86038256227758
100000008638859100,4,False,1,0,34000.0,0.0,1,0,True,0.0,0.0005361260953868285,0.0,8.934812491128426e-07,9,0.0,0.0,43,0.0737855871886121,0.06217526690391458,0.1206405693950178,0.05526690391459074,0.13281138790035588,0.10908362989323844,0.75,0.41532250889679717
100000008647905100,2,False,1,2,50000.0,344222.0,1,2,False,6.88444,0.00032689493141005677,1.9351616250204086e-64,2.6615981339237368e-67,7,50000.0,0.14525509700135378,43,0.0737855871886121,0.1554581850533808,0.03959074733096085,0.1324555160142349,0.09138790035587188,0.06515124555160143,1.0,0.557829181494662
100000008648783100,4,False,1,0,5200.0,0.0,1,0,True,0.0,0.00028680171341131987,0.0,8.760766542142212e-09,1,0.0,0.0,47,0.0737855871886121,0.06217526690391458,0.0911032028469751,0.05526690391459074,0.015800711743772244,0.01766903914590747,0.75,0.2368505338078291
100000008649416100,4,False,1,0,5000.0,0.0,1,0,True,0.0,0.0005305660012679661,0.0,8.532445701341959e-126,7,0.0,0.0,28,0.0737855871886121,0.06217526690391458,0.004314946619217082,0.05526690391459074,0.1303914590747331,0.06515124555160143,0.75,0.29331405693950174
100000008650785100,0,True,2,2,92000.0,120120.0,2,2,False,1.3056521739130436,0.0006087274787214644,6.056380780856409e-68,1.019820390728299e-09,8,56500.0,0.47036297036297037,16,0.15409697508896797,0.1554581850533808,0.08772241992882562,0.1307473309608541,0.1419217081850534,0.10059608540925268,1.0,0.7705427046263347
100000008652094100,3,False,1,0,35000.0,0.0,1,0,False,0.0,0.0002859947242416504,0.0,0.00041473206256913717,7,0.0,0.0,0,0.0737855871886121,0.06217526690391458,0.17553380782918152,0.05526690391459074,0.010391459074733097,0.06515124555160143,1.0,0.44230427046263343
100000008653041100,3,False,1,0,28000.0,0.0,1,0,False,0.0,0.00028837544071673936,0.0,8.142619458546946e-33,1,0.0,0.0,22,0.0737855871886121,0.06217526690391458,0.06930604982206405,0.05526690391459074,0.02669039145907473,0.01766903914590747,1.0,0.3048932384341636
100000008654653100,0,True,0,1,0.0,54000.0,0,1,False,,0.00028403728526186454,3.789830191998352e-10,0.0,0,0.0,0.0,16,0.001641459074733096,0.13716192170818506,0.001823843416370107,0.139644128113879,0.0014590747330960854,0.001307829181494662,1.0,0.28303825622775797
100000008655035100,2,False,1,0,30000.0,0.0,1,0,False,0.0,0.0005369336194156903,0.0,9.9802270376454e-100,2,0.0,0.0,1,0.0737855871886121,0.06217526690391458,0.014323843416370108,0.05526690391459074,0.13316725978647687,0.03368327402135231,1.0,0.3724021352313167
100000008655779100,3,False,1,2,47000.0,24704.0,1,2,False,0.5256170212765957,0.00039445074063378566,6.253354239379052e-68,1.4313544506494908e-61,7,0.0,0.0,15,0.0737855871886121,0.1554581850533808,0.04555160142348755,0.1308185053380783,0.11224199288256229,0.06515124555160143,1.0,0.5830071174377225
100000008656043100,2,False,1,0,26200.0,0.0,1,0,False,0.0,0.0002928686018913611,0.0,3.880987717403583e-34,1,0.0,0.0,22,0.0737855871886121,0.06217526690391458,0.0599644128113879,0.05526690391459074,0.046548042704626334,0.01766903914590747,1.0,0.3154092526690391
100000008659445100,0,True,3,4,138490.0,875150.0,7,18,False,6.319228825185934,0.0025466577767960102,2.652571154466687e-44,4.414121388282457e-45,0,103400.0,0.11815117408444267,9,0.1683896797153025,0.16814946619217083,0.05275800711743772,0.13622775800711745,0.1590747330960854,0.001307829181494662,1.0,0.6859074733096087
100000008659950100,3,False,1,0,246000.0,0.0,1,0,False,0.0,0.00031910159566984507,0.0,1.2958969251145997e-07,8,0.0,0.0,4,0.0737855871886121,0.06217526690391458,0.10729537366548043,0.05526690391459074,0.08740213523131674,0.10059608540925268,1.0,0.48652135231316723
100000008661550100,3,False,1,0,22800.0,0.0,1,0,False,0.0,0.0002875697832751198,0.0,7.347719125068015e-33,1,0.0,0.0,22,0.0737855871886121,0.06217526690391458,0.06717081850533808,0.05526690391459074,0.021067615658362987,0.01766903914590747,1.0,0.2971352313167259
100000008661585100,1,False,1,0,43141.0,0.0,1,0,False,0.0,0.0002930238995199722,0.0,3.253968549450014e-32,1,0.0,0.0,22,0.0737855871886121,0.06217526690391458,0.0806049822064057,0.05526690391459074,0.046975088967971534,0.01766903914590747,1.0,0.3364768683274021
100000008662216100,3,False,1,0,26200.0,0.0,1,0,False,0.0,0.0002880965592946403,0.0,7.876545184333523e-33,1,0.0,0.0,22,0.0737855871886121,0.06217526690391458,0.06872775800711743,0.05526690391459074,0.025373665480427045,0.01766903914590747,1.0,0.3029982206405693
100000008662805100,3,False,1,0,16500.0,0.0,1,0,False,0.0,0.00028659369829777293,0.0,6.250677540905556e-33,1,0.0,0.0,22,0.0737855871886121,0.06217526690391458,0.06476868327402135,0.05526690391459074,0.013736654804270464,0.01766903914590747,1.0,0.28740213523131664
100000008663007100,1,False,1,0,14000.0,0.0,1,0,False,0.0,0.00028695359688221423,0.0,1.8536693328085904e-32,1,0.0,0.0,22,0.0737855871886121,0.06217526690391458,0.07299822064056939,0.05526690391459074,0.016619217081850535,0.01766903914590747,1.0,0.2985142348754448
100000008663723100,3,False,1,0,15600.0,0.0,1,0,False,0.0,0.0002864542575867234,0.0,6.077814238478439e-33,1,0.0,0.0,22,0.0737855871886121,0.06217526690391458,0.06410142348754448,0.05526690391459074,0.012491103202846977,0.01766903914590747,1.0,0.2854893238434163
100000008664469100,1,False,1,0,25000.0,0.0,1,0,False,0.0,0.00028900268410084076,0.0,0.00032677208599282394,10,0.0,0.0,2,0.0737855871886121,0.06217526690391458,0.17224199288256228,0.05526690391459074,0.030391459074733094,0.11530249110320284,1.0,0.5091637010676157
100000008664774100,3,False,1,0,16300.0,0.0,1,0,False,0.0,0.00028656271147309525,0.0,6.212679149016061e-33,1,0.0,0.0,22,0.0737855871886121,0.06217526690391458,0.06463523131672598,0.05526690391459074,0.013416370106761567,0.01766903914590747,1.0,0.28694839857651244
100000008665380100,1,False,2,1,69100.0,18200.0,2,1,False,0.2633863965267728,0.0002892044420505554,7.527161459696274e-108,0.0007401491582048955,7,18200.0,1.0,0,0.15409697508896797,0.13716192170818506,0.18407473309608544,0.11572953736654805,0.03110320284697509,0.06515124555160143,1.0,0.687317615658363
100000008666075100,1,False,1,0,26217.0,0.0,1,0,False,0.0,0.00028949849538691515,0.0,2.5366453016487277e-32,1,0.0,0.0,22,0.0737855871886121,0.06217526690391458,0.07820284697508897,0.05526690391459074,0.03266903914590747,0.01766903914590747,1.0,0.3197686832740213
100000008667058100,1,False,1,0,17534.0,0.0,1,0,False,0.0,0.0002876897572583797,0.0,2.074477593090034e-32,1,0.0,0.0,22,0.0737855871886121,0.06217526690391458,0.07513345195729537,0.05526690391459074,0.02217081850533808,0.01766903914590747,1.0,0.30620106761565835
100000008667795100,3,False,1,0,34000.0,0.0,1,0,False,0.0,0.0002893050454570697,0.0,8.972729629247348e-33,1,0.0,0.0,22,0.0737855871886121,0.06217526690391458,0.07015124555160142,0.05526690391459074,0.031565836298932386,0.01766903914590747,1.0,0.31061387900355864
100000008667799100,3,False,1,0,34000.0,0.0,1,0,False,0.0,0.0002893050454570697,0.0,8.972729629247348e-33,1,0.0,0.0,22,0.0737855871886121,0.06217526690391458,0.07015124555160142,0.05526690391459074,0.031565836298932386,0.01766903914590747,1.0,0.31061387900355864
100000008668099100,3,False,1,0,15700.0,0.0,1,0,False,0.0,0.0002864697509990622,0.0,6.097263293751742e-33,1,0.0,0.0,22,0.0737855871886121,0.06217526690391458,0.06427935943060498,0.05526690391459074,0.012704626334519574,0.01766903914590747,1.0,0.2858807829181494
100000008669037100,0,True,0,0,0.0,0.0,0,0,False,,0.00028403728526186454,0.0,0.0,0,0.0,0.0,89,0.001641459074733096,0.06217526690391458,0.001823843416370107,0.05526690391459074,0.0014590747330960854,0.001307829181494662,0.0,0.0
100000008669310100,3,False,1,0,59567.0,0.0,2,0,False,0.0,0.00028736867862497607,0.0,0.0005410488190626755,7,0.0,0.0,0,0.0737855871886121,0.06217526690391458,0.18033807829181497,0.05526690391459074,0.020427046263345194,0.06515124555160143,1.0,0.45714412811387894
100000008670667100,1,False,1,0,15534.0,0.0,1,0,False,0.0,0.0002872731413126154,0.0,1.9525847702188176e-32,1,0.0,0.0,22,0.0737855871886121,0.06217526690391458,0.07388790035587188,0.05526690391459074,0.01939501779359431,0.01766903914590747,1.0,0.3021797153024911
100000008671026100,1,False,1,0,23534.0,0.0,1,0,False,0.0,0.0002889396050956724,0.0,2.4033450193967303e-32,1,0.0,0.0,22,0.0737855871886121,0.06217526690391458,0.0770017793594306,0.05526690391459074,0.0298576512455516,0.01766903914590747,1.0,0.31575622775800705
100000008671081100,3,False,1,0,37200.0,0.0,1,0,False,0.0,0.0002898008346519125,0.0,9.385482256536867e-33,1,0.0,0.0,22,0.0737855871886121,0.06217526690391458,0.07055160142348754,0.05526690391459074,0.03451957295373665,0.01766903914590747,1.0,0.313967971530249
100000008671129100,3,False,1,0,26200.0,0.0,1,0,False,0.0,0.0002880965592946403,0.0,7.876545184333523e-33,1,0.0,0.0,22,0.0737855871886121,0.06217526690391458,0.06872775800711743,0.05526690391459074,0.025373665480427045,0.01766903914590747,1.0,0.3029982206405693
100000008671929100,1,False,1,0,75000.0,0.0,2,0,False,0.0,0.0002989334817787931,0.0,0.0005659858554348373,10,0.0,0.0,2,0.0737855871886121,0.06217526690391458,0.18104982206405695,0.05526690391459074,0.062064056939501774,0.11530249110320284,1.0,0.5496441281138791
100000008672162100,1,False,1,0,15550.0,0.0,1,0,False,0.0,0.0002872764742401815,0.0,1.9535900913152713e-32,1,0.0,0.0,22,0.0737855871886121,0.06217526690391458,0.07411032028469751,0.05526690391459074,0.019572953736654804,0.01766903914590747,1.0,0.30258007117437713
100000008672200100,1,False,1,0,8511.0,0.0,1,0,False,0.0,0.0002858101944190643,0.0,1.4453017962351377e-32,1,0.0,0.0,22,0.0737855871886121,0.06217526690391458,0.07241992882562277,0.05526690391459074,0.009466192170818507,0.01766903914590747,1.0,0.29078291814946616
100000008672480100,2,False,1,0,13000.0,0.0,1,0,False,0.0,0.00028841923626123306,0.0,2.7337783434433123e-34,1,0.0,0.0,22,0.0737855871886121,0.06217526690391458,0.05840747330960854,0.05526690391459074,0.02708185053380783,0.01766903914590747,1.0,0.29438612099644124
100000008672493100,3,False,1,0,14000.0,0.0,1,0,False,0.0,0.000286206362989302,0.0,5.757701435760078e-33,1,0.0,0.0,22,0.0737855871886121,0.06217526690391458,0.06365658362989324,0.05526690391459074,0.011494661921708185,0.01766903914590747,1.0,0.2840480427046263
100000008672603100,2,False,1,0,21200.0,0.0,1,0,False,0.0,0.00029560283576951003,0.0,2.77922797802213e-59,8,0.0,0.0,2,0.0737855871886121,0.06217526690391458,0.04741992882562278,0.05526690391459074,0.05430604982206406,0.10059608540925268,1.0,0.393549822064057
100000008672762100,2,False,1,0,13000.0,0.0,1,0,False,0.0,0.00028841923626123306,0.0,2.7337783434433123e-34,1,0.0,0.0,22,0.0737855871886121,0.06217526690391458,0.05840747330960854,0.05526690391459074,0.02708185053380783,0.01766903914590747,1.0,0.29438612099644124
100000008673001100,0,True,1,0,80000.0,0.0,1,0,False,0.0,0.0004662498833593443,0.0,2.005473534725822e-81,1,0.0,0.0,49,0.0737855871886121,0.06217526690391458,0.029003558718861205,0.05526690391459074,0.1206405693950178,0.01766903914590747,1.0,0.35854092526690384
100000008675322100,4,False,1,0,340000.0,0.0,4,0,True,0.0,0.00031760041326156757,0.0,5.756193511796891e-36,7,0.0,0.0,20,0.0737855871886121,0.06217526690391458,0.05738434163701067,0.05526690391459074,0.08590747330960856,0.06515124555160143,0.75,0.2997531138790035
100000008676812100,3,False,1,0,230800.0,0.0,1,0,False,0.0,0.0004703421921121477,0.0,2.58744346542688e-64,7,0.0,0.0,43,0.0737855871886121,0.06217526690391458,0.04412811387900356,0.05526690391459074,0.12113879003558721,0.06515124555160143,1.0,0.42164590747330966
100000008677215100,3,False,1,0,9000.0,0.0,1,0,False,0.0,0.0003029374215447479,0.0,3.403211325275005e-07,7,0.0,0.0,29,0.0737855871886121,0.06217526690391458,0.11370106761565837,0.05526690391459074,0.06889679715302491,0.06515124555160143,1.0,0.4389768683274021
100000008677368100,4,False,1,0,13500.0,0.0,1,0,True,0.0,0.0005308630521723474,0.0,2.4085719956658736e-111,7,0.0,0.0,1,0.0737855871886121,0.06217526690391458,0.008896797153024912,0.05526690391459074,0.1308185053380783,0.06515124555160143,0.75,0.2970707295373666
100000008677518100,3,False,1,0,48700.0,0.0,1,0,False,0.0,0.000291582577070879,0.0,1.0738647918341238e-32,1,0.0,0.0,22,0.0737855871886121,0.06217526690391458,0.07117437722419928,0.05526690391459074,0.041637010676156584,0.01766903914590747,1.0,0.3217081850533808
100000008679986100,1,False,1,0,19000.0,0.0,1,0,False,0.0,0.00028799513674662486,0.0,2.159459421649413e-32,1,0.0,0.0,22,0.0737855871886121,0.06217526690391458,0.07566725978647687,0.05526690391459074,0.024234875444839855,0.01766903914590747,1.0,0.3087989323843416
100000008680061100,4,False,1,0,41300.0,0.0,2,0,True,0.0,0.00030895656821908435,0.0,4.71086355561949e-06,7,0.0,0.0,10,0.0737855871886121,0.06217526690391458,0.13683274021352315,0.05526690391459074,0.07644128113879003,0.06515124555160143,0.75,0.352239768683274
100000008680451100,1,False,1,0,23534.0,0.0,1,0,False,0.0,0.0002889396050956724,0.0,2.4033450193967303e-32,1,0.0,0.0,22,0.0737855871886121,0.06217526690391458,0.0770017793594306,0.05526690391459074,0.0298576512455516,0.01766903914590747,1.0,0.31575622775800705
100000008680731100,0,True,0,27,0.0,1464354.0,0,28,False,,0.00028403728526186454,3.0096373979026296e-05,0.0,0,0.0,0.0,7,0.001641459074733096,0.17847864768683275,0.001823843416370107,0.1506049822064057,0.0014590747330960854,0.001307829181494662,1.0,0.33531583629893236
100000008680912100,3,False,1,1,45112.0,5990.85,2,1,False,0.13279947685759888,0.000541486491322888,2.0189018893686938e-06,3.5232896097707883e-07,7,5990.85,1.0,0,0.0737855871886121,0.13716192170818506,0.11405693950177938,0.14597864768683275,0.13387900355871887,0.06515124555160143,1.0,0.6700133451957295
100000008682426100,3,False,1,0,20000.0,0.0,1,0,False,0.0,0.0002896709717059993,0.0,6.494601149907591e-07,7,0.0,0.0,40,0.0737855871886121,0.06217526690391458,0.11761565836298933,0.05526690391459074,0.03359430604982206,0.06515124555160143,1.0,0.4075889679715302
100000008683818100,2,False,1,0,17400.0,0.0,1,0,False,0.0,0.0002899023581379424,0.0,3.1627600670298927e-34,1,0.0,0.0,22,0.0737855871886121,0.06217526690391458,0.05916370106761566,0.05526690391459074,0.03501779359430605,0.01766903914590747,1.0,0.30307829181494655
100000008684452100,3,False,1,0,51800.0,0.0,1,0,False,0.0,0.000292062872853383,0.0,1.1075159842928164e-32,1,0.0,0.0,22,0.0737855871886121,0.06217526690391458,0.07144128113879004,0.05526690391459074,0.043772241992882564,0.01766903914590747,1.0,0.32411032028469744
100000008684767100,3,False,1,0,31100.0,0.0,1,0,False,0.0,0.0002888557364992434,0.0,8.58154170758503e-33,1,0.0,0.0,22,0.0737855871886121,0.06217526690391458,0.06988434163701067,0.05526690391459074,0.029217081850533805,0.01766903914590747,1.0,0.3079982206405693
100000008684951100,3,False,1,0,17200.0,0.0,1,0,False,0.0,0.0002867021521841448,0.0,6.381890473170846e-33,1,0.0,0.0,22,0.0737855871886121,0.06217526690391458,0.0652135231316726,0.05526690391459074,0.014448398576512455,0.01766903914590747,1.0,0.28855871886121
100000008686214100,3,False,1,0,25000.0,0.0,1,0,False,0.0,0.00029611367384424183,0.0,4.167806402313489e-06,7,0.0,0.0,8,0.0737855871886121,0.06217526690391458,0.13567615658362991,0.05526690391459074,0.05537366548042704,0.06515124555160143,1.0,0.44742882562277575
100000008686234100,1,False,1,0,39778.0,0.0,1,0,False,0.0,0.0002914434765150298,0.0,0.00040133244475706187,7,0.0,0.0,0,0.0737855871886121,0.06217526690391458,0.17491103202846978,0.05526690391459074,0.041067615658362984,0.06515124555160143,1.0,0.4723576512455516
100000008686247100,3,False,1,1,22000.0,5000.0,2,1,False,0.22727272727272727,0.00031192917578983274,3.069291883329564e-105,4.4117098051576663e-16,1,0.0,0.0,21,0.0737855871886121,0.13716192170818506,0.08265124555160142,0.11651245551601423,0.08042704626334521,0.01766903914590747,1.0,0.5082072953736655
100000008686313100,1,False,6,7,1912716.0,333800.0,16,13,False,0.17451623764322566,0.00046470631676358076,0.0002464142177966338,0.01664567793052219,7,237660.0,0.7119832234871181,0,0.17771797153024912,0.17327402135231318,0.1994661921708185,0.15466192170818505,0.120355871886121,0.06515124555160143,1.0,0.8906272241992883
100000008686494100,3,False,1,0,15700.0,0.0,1,0,False,0.0,0.0002864697509990622,0.0,6.097263293751742e-33,1,0.0,0.0,22,0.0737855871886121,0.06217526690391458,0.06427935943060498,0.05526690391459074,0.012704626334519574,0.01766903914590747,1.0,0.2858807829181494
100000008687492100,2,False,1,0,15000.0,0.0,1,0,False,0.0,0.0002890933825688282,0.0,2.936549001099955e-34,1,0.0,0.0,22,0.0737855871886121,0.06217526690391458,0.05871886120996442,0.05526690391459074,0.030604982206405694,0.01766903914590747,1.0,0.29822064056939496
100000008687617100,3,False,1,0,43350.0,0.0,2,0,False,0.0,0.00029075367951075115,0.0,1.0131638227574841e-32,1,0.0,0.0,22,0.0737855871886121,0.06217526690391458,0.07081850533807829,0.05526690391459074,0.038576512455516014,0.01766903914590747,1.0,0.3182918149466192
100000008687671100,1,False,1,0,37500.0,0.0,1,0,False,0.0,0.0002918488342449441,0.0,3.033778582504876e-32,1,0.0,0.0,22,0.0737855871886121,0.06217526690391458,0.07980427046263346,0.05526690391459074,0.04277580071174377,0.01766903914590747,1.0,0.33147686832740203
100000008687733100,3,False,1,0,14650.0,0.0,1,0,False,0.0,0.0002863070701695044,0.0,5.8898459433656514e-33,1,0.0,0.0,22,0.0737855871886121,0.06217526690391458,0.06387900355871887,0.05526690391459074,0.01188612099644128,0.01766903914590747,1.0,0.284661921708185
100000008687990100,3,False,1,0,17600.0,0.0,1,0,False,0.0,0.00028676412583350015,0.0,6.45567200491732e-33,1,0.0,0.0,22,0.0737855871886121,0.06217526690391458,0.06583629893238434,0.05526690391459074,0.015160142348754449,0.01766903914590747,1.0,0.28989323843416365
100000008688109100,3,False,1,0,12800.0,0.0,1,0,False,0.0,0.0002860204420412359,0.0,5.50541558402093e-33,1,0.0,0.0,22,0.0737855871886121,0.06217526690391458,0.06334519572953737,0.05526690391459074,0.010676156583629895,0.01766903914590747,1.0,0.28291814946619215
100000008688155100,3,False,1,0,23600.0,0.0,1,0,False,0.0,0.0002876937305738305,0.0,7.475515125256523e-33,1,0.0,0.0,22,0.0737855871886121,0.06217526690391458,0.0673932384341637,0.05526690391459074,0.022384341637010675,0.01766903914590747,1.0,0.29867437722419926
100000008688476100,2,False,1,0,24000.0,0.0,1,0,False,0.0,0.00029212704095300644,0.0,3.7144733216672634e-34,1,0.0,0.0,22,0.0737855871886121,0.06217526690391458,0.05969750889679715,0.05526690391459074,0.04405693950177936,0.01766903914590747,1.0,0.3126512455516014
100000008688881100,2,False,1,0,44211.0,0.0,1,0,False,0.0,0.0002989396264644093,0.0,5.041465409352438e-34,1,0.0,0.0,22,0.0737855871886121,0.06217526690391458,0.06058718861209964,0.05526690391459074,0.06220640569395018,0.01766903914590747,1.0,0.3316903914590747
100000008690762100,3,False,1,0,26750.0,0.0,1,0,False,0.0,0.0002881817730625039,0.0,7.958789461858734e-33,1,0.0,0.0,22,0.0737855871886121,0.06217526690391458,0.06903914590747331,0.05526690391459074,0.02576512455516014,0.01766903914590747,1.0,0.3037010676156583
100000008690932100,1,False,1,0,23000.0,0.0,1,0,False,0.0,0.00028882836863815335,0.0,2.3759219247346313e-32,1,0.0,0.0,22,0.0737855871886121,0.06217526690391458,0.07677935943060499,0.05526690391459074,0.02903914590747331,0.01766903914590747,1.0,0.3147153024911032
100000008691027100,1,False,1,0,17534.0,0.0,1,0,False,0.0,0.0002876897572583797,0.0,2.074477593090034e-32,1,0.0,0.0,22,0.0737855871886121,0.06217526690391458,0.07513345195729537,0.05526690391459074,0.02217081850533808,0.01766903914590747,1.0,0.30620106761565835
100000008691168100,2,False,1,0,24000.0,0.0,1,0,False,0.0,0.00029212704095300644,0.0,3.7144733216672634e-34,1,0.0,0.0,22,0.0737855871886121,0.06217526690391458,0.05969750889679715,0.05526690391459074,0.04405693950177936,0.01766903914590747,1.0,0.3126512455516014
100000008691330100,1,False,1,0,21440.0,0.0,1,0,False,0.0,0.0002885034082004572,0.0,2.293932517086725e-32,1,0.0,0.0,22,0.0737855871886121,0.06217526690391458,0.07660142348754449,0.05526690391459074,0.027615658362989324,0.01766903914590747,1.0,0.31311387900355875
100000008691495100,1,False,1,0,27000.0,0.0,1,0,False,0.0,0.00028966160052968184,0.0,2.574246489969252e-32,1,0.0,0.0,22,0.0737855871886121,0.06217526690391458,0.07838078291814947,0.05526690391459074,0.03345195729537367,0.01766903914590747,1.0,0.32072953736654797
100000008692291100,3,False,3,3,160000.0,156000.0,3,3,False,0.975,0.0003062864180154538,3.9851106497567306e-76,2.118135198729445e-06,8,21000.0,0.1346153846153846,4,0.1683896797153025,0.16390569395017793,0.12989323843416373,0.12754448398576515,0.07338078291814946,0.10059608540925268,1.0,0.7637099644128115
100000008693069100,1,False,1,0,20000.0,0.0,1,0,False,0.0,0.000288203444719507,0.0,2.2155586188186246e-32,1,0.0,0.0,22,0.0737855871886121,0.06217526690391458,0.07597864768683274,0.05526690391459074,0.02597864768683274,0.01766903914590747,1.0,0.31085409252669033
100000008695133100,3,False,1,0,36610.0,0.0,1,0,False,0.0,0.0002897094235191134,0.0,9.310756898774118e-33,1,0.0,0.0,22,0.0737855871886121,0.06217526690391458,0.0702846975088968,0.05526690391459074,0.034163701067615654,0.01766903914590747,1.0,0.31334519572953734
100000008695157100,4,False,1,0,425546.0,0.0,3,0,True,0.0,0.0004945670132085713,0.0,2.743345197194728e-10,7,0.0,0.0,8,0.0737855871886121,0.06217526690391458,0.08647686832740215,0.05526690391459074,0.12377224199288257,0.06515124555160143,0.75,0.3499710854092526
100000008695495100,1,False,1,0,21000.0,0.0,1,0,False,0.0,0.00028841175269238913,0.0,2.2702720086131896e-32,1,0.0,0.0,22,0.0737855871886121,0.06217526690391458,0.07646797153024912,0.05526690391459074,0.02693950177935943,0.01766903914590747,1.0,0.3123042704626334
100000008695566100,3,False,1,0,33700.0,0.0,1,0,False,0.0,0.0002892585652200532,0.0,8.93305634886123e-33,1,0.0,0.0,22,0.0737855871886121,0.06217526690391458,0.07001779359430604,0.05526690391459074,0.031245551601423487,0.01766903914590747,1.0,0.31016014234875444
100000008695689100,3,False,1,0,26200.0,0.0,1,0,False,0.0,0.0002880965592946403,0.0,7.876545184333523e-33,1,0.0,0.0,22,0.0737855871886121,0.06217526690391458,0.06872775800711743,0.05526690391459074,0.025373665480427045,0.01766903914590747,1.0,0.3029982206405693
100000008696692100,2,False,1,0,19000.0,0.0,1,0,False,0.0,0.0002904416751840185,0.0,3.304976860043671e-34,1,0.0,0.0,22,0.0737855871886121,0.06217526690391458,0.0592526690391459,0.05526690391459074,0.03693950177935943,0.01766903914590747,1.0,0.3050889679715302
100000008696919100,1,False,1,0,31945.0,0.0,1,0,False,0.0,0.00029069168345558394,0.0,2.800075189078407e-32,1,0.0,0.0,22,0.0737855871886121,0.06217526690391458,0.07900355871886122,0.05526690391459074,0.038291814946619214,0.01766903914590747,1.0,0.3261921708185053
100000008697670100,3,False,1,0,25350.0,0.0,1,0,False,0.0,0.0002879648652897602,0.0,7.747723350498406e-33,1,0.0,0.0,22,0.0737855871886121,0.06217526690391458,0.06797153024911032,0.05526690391459074,0.02412811387900356,0.01766903914590747,1.0,0.3009964412811387
100000008699083100,4,False,1,0,238500.0,0.0,1,0,True,0.0,0.00030473415570100886,0.0,2.719792201972352e-07,8,0.0,0.0,24,0.0737855871886121,0.06217526690391458,0.1124555160142349,0.05526690391459074,0.07131672597864769,0.10059608540925268,0.75,0.3566970640569395
100000008701222100,0,True,0,0,0.0,0.0,0,0,False,,0.00028403728526186454,0.0,0.0,0,0.0,0.0,90,0.001641459074733096,0.06217526690391458,0.001823843416370107,0.05526690391459074,0.0014590747330960854,0.001307829181494662,0.0,0.0
100000008701256100,2,False,1,0,58250.0,0.0,1,0,False,0.0,0.00030208908909501247,0.0,4.05528074008971e-06,7,0.0,0.0,0,0.0737855871886121,0.06217526690391458,0.13523131672597866,0.05526690391459074,0.06832740213523132,0.06515124555160143,1.0,0.4599377224199288
100000008701944100,1,False,1,0,52124.0,0.0,1,0,False,0.0,0.0004090842199166776,0.0,1.615130026217888e-08,2,0.0,0.0,3,0.0737855871886121,0.06217526690391458,0.09448398576512457,0.05526690391459074,0.11444839857651246,0.03368327402135231,1.0,0.4338434163701067
100000008703533100,4,False,1,0,75000.0,0.0,1,0,True,0.0,0.0002939295839329153,0.0,8.47524658276508e-08,8,0.0,0.0,4,0.0737855871886121,0.06217526690391458,0.1050711743772242,0.05526690391459074,0.0496797153024911,0.10059608540925268,0.75,0.334931049822064
100000008706846100,3,False,1,0,14200.0,0.0,1,0,False,0.0,0.00028623734981397965,0.0,5.7986820343174424e-33,1,0.0,0.0,22,0.0737855871886121,0.06217526690391458,0.06379003558718861,0.05526690391459074,0.011601423487544485,0.01766903914590747,1.0,0.28428825622775794
100000008706947100,3,False,1,0,17200.0,0.0,1,0,False,0.0,0.0002867021521841448,0.0,6.381890473170846e-33,1,0.0,0.0,22,0.0737855871886121,0.06217526690391458,0.0652135231316726,0.05526690391459074,0.014448398576512455,0.01766903914590747,1.0,0.28855871886121
100000008707810100,3,False,1,0,26200.0,0.0,1,0,False,0.0,0.0002880965592946403,0.0,7.876545184333523e-33,1,0.0,0.0,22,0.0737855871886121,0.06217526690391458,0.06872775800711743,0.05526690391459074,0.025373665480427045,0.01766903914590747,1.0,0.3029982206405693
100000008708025100,3,False,1,0,10000.0,0.0,1,0,False,0.0,0.0003075295098090818,0.0,6.60234575237598e-62,7,0.0,0.0,15,0.0737855871886121,0.06217526690391458,0.04524021352313168,0.05526690391459074,0.07455516014234875,0.06515124555160143,1.0,0.37617437722419933
100000008708061100,3,False,1,0,8650.0,0.0,1,0,False,0.0,0.0002853774654291741,0.0,4.5257772684606285e-33,1,0.0,0.0,22,0.0737855871886121,0.06217526690391458,0.06254448398576512,0.05526690391459074,0.007615658362989324,0.01766903914590747,1.0,0.2790569395017793
100000008708207100,3,False,2,0,465000.0,0.0,2,0,False,0.0,0.00035775041414339736,0.0,4.35358996186751e-07,9,0.0,0.0,4,0.15409697508896797,0.06217526690391458,0.11503558718861212,0.05526690391459074,0.10327402135231317,0.10908362989323844,1.0,0.5989323843416371
100000008708368100,1,False,1,0,23677.0,0.0,1,0,False,0.0,0.00028896939313579457,0.0,2.4106357018869597e-32,1,0.0,0.0,22,0.0737855871886121,0.06217526690391458,0.07717971530249111,0.05526690391459074,0.0300711743772242,0.01766903914590747,1.0,0.3161476868327402
100000008708595100,3,False,1,0,17200.0,0.0,1,0,False,0.0,0.0002867021521841448,0.0,6.381890473170846e-33,1,0.0,0.0,22,0.0737855871886121,0.06217526690391458,0.0652135231316726,0.05526690391459074,0.014448398576512455,0.01766903914590747,1.0,0.28855871886121
100000008708743100,3,False,1,0,15550.0,0.0,1,0,False,0.0,0.00028644651088055394,0.0,6.068066334468559e-33,1,0.0,0.0,22,0.0737855871886121,0.06217526690391458,0.06396797153024912,0.05526690391459074,0.012313167259786477,0.01766903914590747,1.0,0.2851779359430605
100000008710791100,2,False,3,23,181510.0,5521511.0,3,25,False,30.41987218335078,0.0003324115197031056,0.00022648597345812133,2.327424817854307e-07,9,169510.0,0.03069992978371319,4,0.1683896797153025,0.178038256227758,0.11120996441281139,0.15451957295373667,0.09416370106761568,0.10908362989323844,1.0,0.8154048042704627
100000008710843100,2,False,2,13,33944.0,1985500.0,3,14,False,58.49340089559274,0.0002912941786368683,0.00014680550517580764,2.1995475607404754e-06,8,15000.0,0.007554772097708386,46,0.15409697508896797,0.17611654804270463,0.1300711743772242,0.15366548042704628,0.04049822064056939,0.10059608540925268,1.0,0.7550444839857652
100000008710913100,4,False,1,0,14000.0,0.0,1,0,True,0.0,0.0002865627990197186,0.0,5.440650273122332e-08,8,0.0,0.0,4,0.0737855871886121,0.06217526690391458,0.10204626334519573,0.05526690391459074,0.013523131672597865,0.10059608540925268,0.75,0.3055449288256228
100000008712036100,3,False,1,0,21000.0,0.0,1,0,False,0.0,0.0002872909018530207,0.0,7.051715304451147e-33,1,0.0,0.0,22,0.0737855871886121,0.06217526690391458,0.06690391459074733,0.05526690391459074,0.019786476868327404,0.01766903914590747,1.0,0.2955871886120996
100000008712184100,3,False,1,0,18000.0,0.0,1,0,False,0.0,0.0002868260994828555,0.0,6.528619766734587e-33,1,0.0,0.0,22,0.0737855871886121,0.06217526690391458,0.06619217081850534,0.05526690391459074,0.01594306049822064,0.01766903914590747,1.0,0.29103202846975085
100000008712827100,3,False,1,0,76000.0,0.0,1,0,False,0.0,0.000295812278639382,0.0,1.3415038370039585e-32,1,0.0,0.0,22,0.0737855871886121,0.06217526690391458,0.07224199288256228,0.05526690391459074,0.05487544483985765,0.01766903914590747,1.0,0.3360142348754448
100000008712991100,3,False,1,0,66100.0,0.0,1,0,False,0.0,0.00029427843081783695,0.0,1.2510822220677809e-32,1,0.0,0.0,22,0.0737855871886121,0.06217526690391458,0.07179715302491103,0.05526690391459074,0.050818505338078294,0.01766903914590747,1.0,0.33151245551601416
100000008713270100,2,False,1,3,30000.0,190000.0,1,3,False,6.333333333333333,0.00028968494305859184,3.249574310605294e-73,6.565016435013201e-07,1,30000.0,0.15789473684210525,41,0.0737855871886121,0.16390569395017793,0.11788256227758008,0.1289679715302491,0.03387900355871886,0.01766903914590747,1.0,0.5360898576512455
100000008713685100,3,False,1,0,49700.0,0.0,1,0,False,0.0,0.0002917375111942674,0.0,1.0848340733628602e-32,1,0.0,0.0,22,0.0737855871886121,0.06217526690391458,0.07126334519572954,0.05526690391459074,0.04234875444839857,0.01766903914590747,1.0,0.322508896797153
100000008714412100,3,False,1,0,169000.0,0.0,1,0,False,0.0,0.0003099586231137938,0.0,9.93056372136436e-08,9,0.0,0.0,18,0.0737855871886121,0.06217526690391458,0.10578291814946622,0.05526690391459074,0.07758007117437722,0.10908362989323844,1.0,0.48367437722419926
100000008715513100,4,False,1,0,32500.0,0.0,1,0,True,0.0,0.00030131496119596024,0.0,2.190191635535553e-08,1,0.0,0.0,47,0.0737855871886121,0.06217526690391458,0.09581850533807829,0.05526690391459074,0.06669039145907474,0.01766903914590747,0.75,0.27855427046263337
100000008715887100,3,False,1,0,18000.0,0.0,1,0,False,0.0,0.0002868260994828555,0.0,6.528619766734587e-33,1,0.0,0.0,22,0.0737855871886121,0.06217526690391458,0.06619217081850534,0.05526690391459074,0.01594306049822064,0.01766903914590747,1.0,0.29103202846975085
100000008716072100,3,False,1,0,12100.0,0.0,1,0,False,0.0,0.000285911988154864,0.0,5.352760452478032e-33,1,0.0,0.0,22,0.0737855871886121,0.06217526690391458,0.06290035587188612,0.05526690391459074,0.009964412811387902,0.01766903914590747,1.0,0.2817615658362989
100000008716222100,1,False,1,0,18000.0,0.0,1,0,False,0.0,0.0002877868287737427,0.0,2.101863457525094e-32,1,0.0,0.0,22,0.0737855871886121,0.06217526690391458,0.07544483985765126,0.05526690391459074,0.023202846975088964,0.01766903914590747,1.0,0.3075444839857651
100000008716439100,1,False,1,0,12267.0,0.0,1,0,False,0.0,0.00028659259916520954,0.0,1.7351516190134717e-32,1,0.0,0.0,22,0.0737855871886121,0.06217526690391458,0.07277580071174376,0.05526690391459074,0.013665480427046264,0.01766903914590747,1.0,0.29533807829181485
100000008716773100,1,False,1,0,15677.0,0.0,1,0,False,0.0,0.0002873029293527376,0.0,1.9615515516660368e-32,1,0.0,0.0,22,0.0737855871886121,0.06217526690391458,0.07433274021352314,0.05526690391459074,0.020035587188612095,0.01766903914590747,1.0,0.3032651245551601
100000008717340100,1,False,1,0,41500.0,0.0,1,0,False,0.0,0.0002926820661364726,0.0,3.191481237035492e-32,1,0.0,0.0,22,0.0737855871886121,0.06217526690391458,0.0804270462633452,0.05526690391459074,0.045765124555160144,0.01766903914590747,1.0,0.3350889679715302
100000008717341100,1,False,1,0,14627.0,0.0,1,0,False,0.0,0.0002870842059812113,0.0,1.894723658001031e-32,1,0.0,0.0,22,0.0737855871886121,0.06217526690391458,0.07330960854092526,0.05526690391459074,0.017508896797153024,0.01766903914590747,1.0,0.2997153024911032
100000008717375100,2,False,1,0,29506.0,0.0,1,0,False,0.0,0.0003001341311712319,0.0,3.278773464777973e-59,8,0.0,0.0,2,0.0737855871886121,0.06217526690391458,0.04759786476868327,0.05526690391459074,0.06483985765124556,0.10059608540925268,1.0,0.4042615658362989
100000008717802100,3,False,1,0,26150.0,0.0,1,0,False,0.0,0.0002880888125884709,0.0,7.869025807741836e-33,1,0.0,0.0,22,0.0737855871886121,0.06217526690391458,0.06823843416370107,0.05526690391459074,0.024982206405693947,0.01766903914590747,1.0,0.30211743772241983
100000008718089100,1,False,1,0,15534.0,0.0,1,0,False,0.0,0.0002872731413126154,0.0,1.9525847702188176e-32,1,0.0,0.0,22,0.0737855871886121,0.06217526690391458,0.07388790035587188,0.05526690391459074,0.01939501779359431,0.01766903914590747,1.0,0.3021797153024911
100000008718811100,3,False,1,0,73300.0,0.0,1,0,False,0.0,0.00029539395650623334,0.0,1.317459005285723e-32,1,0.0,0.0,22,0.0737855871886121,0.06217526690391458,0.07206405693950178,0.05526690391459074,0.05366548042704627,0.01766903914590747,1.0,0.33462633451957297
100000008720668100,3,False,1,0,16000.0,0.0,1,0,False,0.0,0.00028651623123607874,0.0,6.1552417451287504e-33,1,0.0,0.0,22,0.0737855871886121,0.06217526690391458,0.06445729537366549,0.05526690391459074,0.01298932384341637,0.01766903914590747,1.0,0.28634341637010674
100000008720798100,1,False,1,0,15534.0,0.0,1,0,False,0.0,0.0002872731413126154,0.0,1.9525847702188176e-32,1,0.0,0.0,22,0.0737855871886121,0.06217526690391458,0.07388790035587188,0.05526690391459074,0.01939501779359431,0.01766903914590747,1.0,0.3021797153024911
100000008720856100,3,False,1,1,18105.0,46000.0,1,2,False,2.5407346037006353,0.0003175588250657874,3.698029042332424e-94,1.2109799294209865e-05,7,0.0,0.0,10,0.0737855871886121,0.13716192170818506,0.14483985765124557,0.1206405693950178,0.08583629893238434,0.06515124555160143,1.0,0.6274154804270463
100000008721637100,3,False,1,2,24041.0,127000.0,1,2,False,5.282642152988644,0.00028889010163327475,5.178378066455057e-06,0.0001513422217612193,7,12000.0,0.09448818897637795,41,0.0737855871886121,0.1554581850533808,0.1626334519572954,0.14775800711743775,0.029608540925266904,0.06515124555160143,1.0,0.6343950177935944
100000008722328100,1,False,1,0,23677.0,0.0,1,0,False,0.0,0.00028896939313579457,0.0,2.4106357018869597e-32,1,0.0,0.0,22,0.0737855871886121,0.06217526690391458,0.07717971530249111,0.05526690391459074,0.0300711743772242,0.01766903914590747,1.0,0.3161476868327402
100000008722417100,3,False,1,3,331900.0,720000.0,1,6,False,2.16932811087677,0.0002947047863152349,1.5258397304307543e-53,0.010116647387845637,7,260000.0,0.3611111111111111,10,0.0737855871886121,0.16390569395017793,0.1975978647686833,0.13487544483985767,0.05188612099644128,0.06515124555160143,1.0,0.6872019572953737
100000008722541100,4,False,1,0,280000.0,0.0,4,0,True,0.0,0.0003814535896298776,0.0,1.0743104144789714e-53,7,0.0,0.0,10,0.0737855871886121,0.06217526690391458,0.050355871886121,0.05526690391459074,0.10889679715302492,0.06515124555160143,0.75,0.3117237544483986
100000008723830100,1,False,2,1,459785.0,455000.0,2,1,False,0.9895929619278576,0.0003383354622585944,2.5503015022662005e-60,0.0002135967813195233,7,454000.0,0.9978021978021978,16,0.15409697508896797,0.13716192170818506,0.16654804270462636,0.13366548042704626,0.09686832740213523,0.06515124555160143,1.0,0.7534919928825623
100000008724279100,1,False,1,0,11750.0,0.0,1,0,False,0.0,0.0002852923124336293,0.0,3.4209059021163307e-05,7,0.0,0.0,16,0.0737855871886121,0.06217526690391458,0.15213523131672602,0.05526690391459074,0.006903914590747331,0.06515124555160143,1.0,0.41541814946619227
100000008724461100,3,False,1,1,100111.0,130000.0,1,1,False,1.298558599954051,0.0002891602203067183,8.096140174248763e-79,2.785104529120702e-06,9,100111.0,0.7700846153846154,4,0.0737855871886121,0.13716192170818506,0.13265124555160143,0.12711743772241993,0.030818505338078287,0.10908362989323844,1.0,0.6106183274021353
100000008727982100,4,False,1,0,30000.0,0.0,2,0,True,0.0,0.0005126998239570727,0.0,7.870691207845387e-55,1,0.0,0.0,41,0.0737855871886121,0.06217526690391458,0.04991103202846975,0.05526690391459074,0.12562277580071174,0.01766903914590747,0.75,0.2883229537366548
100000008728457100,1,False,1,0,45000.0,0.0,1,0,False,0.0,0.0002908243215747596,0.0,0.00023203408748003954,8,0.0,0.0,11,0.0737855871886121,0.06217526690391458,0.16814946619217086,0.05526690391459074,0.038861209964412814,0.10059608540925268,1.0,0.4988345195729538
100000008729597100,3,False,1,0,83090.0,0.0,1,0,False,0.0,0.00030080948742901547,0.0,0.00028135732128444955,7,0.0,0.0,8,0.0737855871886121,0.06217526690391458,0.17055160142348758,0.05526690391459074,0.06583629893238434,0.06515124555160143,1.0,0.49276690391459077
100000008729801100,1,False,1,0,17534.0,0.0,1,0,False,0.0,0.0002876897572583797,0.0,2.074477593090034e-32,1,0.0,0.0,22,0.0737855871886121,0.06217526690391458,0.07513345195729537,0.05526690391459074,0.02217081850533808,0.01766903914590747,1.0,0.30620106761565835
100000008730021100,1,False,1,0,75555.0,0.0,3,0,False,0.0,0.00046529584461733225,0.0,1.9445549848237034e-08,2,0.0,0.0,3,0.0737855871886121,0.06217526690391458,0.0952846975088968,0.05526690391459074,0.12042704626334522,0.03368327402135231,1.0,0.44062277580071174
100000008730238100,4,False,1,0,113000.0,0.0,1,0,True,0.0,0.0005598434058034096,0.0,1.9665556679551684e-80,8,0.0,0.0,4,0.0737855871886121,0.06217526690391458,0.02980427046263345,0.05526690391459074,0.13822064056939504,0.10059608540925268,0.75,0.34488656583629895
100000008730371100,3,False,2,0,520000.0,0.0,3,0,False,0.0,0.0008524872757711714,0.0,0.002708276192161037,7,0.0,0.0,0,0.15409697508896797,0.06217526690391458,0.19110320284697513,0.05526690391459074,0.1497508896797153,0.06515124555160143,1.0,0.6775444839857652
100000008730846100,2,False,7,3,155042.0,363370.0,11,4,False,2.343687516930896,0.0005328452526615761,0.008125910796240114,8.607717210184001e-06,8,155042.0,0.42667804166552,11,0.17839857651245553,0.16390569395017793,0.14261565836298934,0.15871886120996442,0.13131672597864769,0.10059608540925268,1.0,0.8755516014234876
100000008731444100,2,False,3,9,439000.0,879767.8,5,9,False,2.0040268792710707,0.00035137213086525794,0.00502197669222849,8.601437120217472e-05,7,376000.0,0.42738549876456033,0,0.1683896797153025,0.17463523131672598,0.15871886120996442,0.1583629893238434,0.10106761565836299,0.06515124555160143,1.0,0.8263256227758007
100000008732098100,1,False,1,0,15677.0,0.0,1,0,False,0.0,0.0002873029293527376,0.0,1.9615515516660368e-32,1,0.0,0.0,22,0.0737855871886121,0.06217526690391458,0.07433274021352314,0.05526690391459074,0.020035587188612095,0.01766903914590747,1.0,0.3032651245551601
100000008732488100,3,False,1,1,137000.0,10000.0,1,1,False,0.072992700729927,0.00031169153603692384,1.0819421503297013e-116,0.0003612801700315516,7,10000.0,1.0,8,0.0737855871886121,0.13716192170818506,0.17375444839857654,0.11327402135231317,0.0799288256227758,0.06515124555160143,1.0,0.6430560498220641
100000008733049100,2,False,1,0,10000.0,0.0,1,0,False,0.0,0.00028719413741388133,0.0,1.0757189850272193e-06,7,0.0,0.0,3,0.0737855871886121,0.06217526690391458,0.12228647686832742,0.05526690391459074,0.018612099644128115,0.06515124555160143,1.0,0.3972775800711744
100000008733194100,2,False,4,8,251424.0,159695.0,4,8,False,0.6351621165839378,0.000467906266051069,1.3476397139323091e-08,0.00012036718206992857,7,113620.0,0.711481261154075,12,0.17435498220640572,0.17407473309608543,0.16138790035587192,0.14064056939501782,0.1209252669039146,0.06515124555160143,1.0,0.8365346975088969
100000008734279100,4,False,1,0,31650.0,0.0,1,0,True,0.0,0.0002996954418172387,0.0,7.481592667446735e-11,7,0.0,0.0,8,0.0737855871886121,0.06217526690391458,0.08540925266903915,0.05526690391459074,0.06398576512455516,0.06515124555160143,0.75,0.30433051601423483
100000008734364100,2,False,1,0,26200.0,0.0,1,0,False,0.0,0.0002928686018913611,0.0,3.880987717403583e-34,1,0.0,0.0,22,0.0737855871886121,0.06217526690391458,0.0599644128113879,0.05526690391459074,0.046548042704626334,0.01766903914590747,1.0,0.3154092526690391
100000008735384100,1,False,1,0,39220.0,0.0,1,0,False,0.0,0.00029220712395830136,0.0,3.1025732363796904e-32,1,0.0,0.0,22,0.0737855871886121,0.06217526690391458,0.0800711743772242,0.05526690391459074,0.04448398576512456,0.01766903914590747,1.0,0.3334519572953737
100000008735802100,4,False,1,0,85000.0,0.0,2,0,True,0.0,0.0005057137494906172,0.0,2.7556569597015226e-83,7,0.0,0.0,0,0.0737855871886121,0.06217526690391458,0.027224199288256225,0.05526690391459074,0.12491103202846976,0.06515124555160143,0.75,0.30638567615658363
100000008735832100,3,False,1,0,17600.0,0.0,1,0,False,0.0,0.00028676412583350015,0.0,6.45567200491732e-33,1,0.0,0.0,22,0.0737855871886121,0.06217526690391458,0.06583629893238434,0.05526690391459074,0.015160142348754449,0.01766903914590747,1.0,0.28989323843416365
100000008736173100,1,False,1,0,31060.0,0.0,1,0,False,0.0,0.00029050733089958325,0.0,2.7610163146536417e-32,1,0.0,0.0,22,0.0737855871886121,0.06217526690391458,0.07873665480427046,0.05526690391459074,0.03729537366548043,0.01766903914590747,1.0,0.3249288256227757
100000008736394100,2,False,1,0,16000.0,0.0,1,0,False,0.0,0.0002894304557226258,0.0,3.032854767088574e-34,1,0.0,0.0,22,0.0737855871886121,0.06217526690391458,0.058852313167259786,0.05526690391459074,0.03213523131672598,0.01766903914590747,1.0,0.2998843416370106
100000008736760100,1,False,1,0,54757.0,0.0,1,0,False,0.0,0.0002954436049329709,0.0,3.665962939936659e-32,1,0.0,0.0,22,0.0737855871886121,0.06217526690391458,0.08167259786476869,0.05526690391459074,0.054021352313167265,0.01766903914590747,1.0,0.34459074733096084
100000008736940100,1,False,3,3,451090.0,182100.0,13,6,False,0.40368884258130305,0.002538320566912498,6.037161011819227e-45,1.5173090666891143e-44,1,169500.0,0.9308072487644151,9,0.1683896797153025,0.16390569395017793,0.05320284697508897,0.13594306049822064,0.1590035587188612,0.01766903914590747,1.0,0.6981138790035587
100000008737422100,1,False,1,0,76903.0,0.0,1,0,False,0.0,0.0003000567933004184,0.0,4.3445008665788813e-32,1,0.0,0.0,22,0.0737855871886121,0.06217526690391458,0.08238434163701068,0.05526690391459074,0.06462633451957295,0.01766903914590747,1.0,0.35590747330960854
100000008737514100,2,False,1,0,85000.0,0.0,1,0,False,0.0,0.00031087052855400713,0.0,3.136232827032763e-06,7,0.0,0.0,3,0.0737855871886121,0.06217526690391458,0.13327402135231317,0.05526690391459074,0.07871886120996441,0.06515124555160143,1.0,0.46837188612099645
100000008737958100,1,False,2,0,53373.0,0.0,2,0,False,0.0,0.0002979881406786421,0.0,2.810456569676408e-32,1,0.0,0.0,22,0.15409697508896797,0.06217526690391458,0.07909252669039146,0.05526690391459074,0.059786476868327394,0.01766903914590747,1.0,0.4280871886120996
100000008738325100,0,True,1,1,36550.0,54000.0,1,1,False,1.4774281805745555,0.0005254689777410252,2.1352055867259875e-07,7.452563090539593e-97,1,0.0,0.0,49,0.0737855871886121,0.13716192170818506,0.01610320284697509,0.14277580071174378,0.12654804270462633,0.01766903914590747,1.0,0.5140435943060498
100000008738526100,3,False,1,1,15000.0,140000.0,1,1,False,9.333333333333334,0.00028590784722495795,1.0059056637242891e-77,6.987909314731038e-07,8,0.0,0.0,46,0.0737855871886121,0.13716192170818506,0.11868327402135233,0.12733096085409254,0.009893238434163702,0.10059608540925268,1.0,0.5674510676156583
100000008738658100,3,False,1,0,29920.0,0.0,1,0,False,0.0,0.0002886729142336451,0.0,8.417166492331278e-33,1,0.0,0.0,22,0.0737855871886121,0.06217526690391458,0.06975088967971531,0.05526690391459074,0.028398576512455517,0.01766903914590747,1.0,0.30704626334519575
100000008739887100,3,False,2,2,214000.0,307000.0,3,2,False,1.4345794392523366,0.0003313864823877099,3.952836094806477e-66,0.0007656144691056171,7,73000.0,0.23778501628664495,8,0.15409697508896797,0.1554581850533808,0.18478647686832742,0.1319572953736655,0.09366548042704627,0.06515124555160143,1.0,0.7851156583629894
100000008740295100,4,False,1,0,300000.0,0.0,1,0,True,0.0,0.00032323167460626527,0.0,3.705017638677432e-07,8,0.0,0.0,4,0.0737855871886121,0.06217526690391458,0.11441281138790037,0.05526690391459074,0.08975088967971533,0.10059608540925268,0.75,0.3719906583629894
100000008740793100,3,False,1,0,21000.0,0.0,1,0,False,0.0,0.0002872909018530207,0.0,7.051715304451147e-33,1,0.0,0.0,22,0.0737855871886121,0.06217526690391458,0.06690391459074733,0.05526690391459074,0.019786476868327404,0.01766903914590747,1.0,0.2955871886120996
100000008741372100,1,False,1,0,35975.0,0.0,1,0,False,0.0,0.0002915311645862989,0.0,2.9714515162066685e-32,1,0.0,0.0,22,0.0737855871886121,0.06217526690391458,0.07962633451957296,0.05526690391459074,0.04135231316725979,0.01766903914590747,1.0,0.3298754448398576
100000008742053100,3,False,1,12,10000.0,2789000.0,1,12,False,278.9,0.00028473829894287364,1.432953981745019e-05,1.7733658074303626e-07,8,0.0,0.0,24,0.0737855871886121,0.17583629893238434,0.10916370106761566,0.14932384341637012,0.004341637010676157,0.10059608540925268,1.0,0.6130471530249111
100000008742266100,2,False,1,0,21000.0,0.0,1,0,False,0.0,0.0002911158214916137,0.0,3.4745716354977642e-34,1,0.0,0.0,22,0.0737855871886121,0.06217526690391458,0.059430604982206404,0.05526690391459074,0.0402135231316726,0.01766903914590747,1.0,0.30854092526690385
100000008743913100,2,False,3,13,149300.0,1850600.0,3,13,False,12.395177494976558,0.0003302695606102289,9.821587206340296e-06,2.3754112537533406e-07,9,140300.0,0.07581324975683562,46,0.1683896797153025,0.17611654804270463,0.11129893238434166,0.14896797153024913,0.09309608540925268,0.10908362989323844,1.0,0.8069528469750891
100000008744364100,3,False,1,0,23700.0,0.0,1,0,False,0.0,0.0002877092239861693,0.0,7.491336338986534e-33,1,0.0,0.0,22,0.0737855871886121,0.06217526690391458,0.06761565836298931,0.05526690391459074,0.02277580071174377,0.01766903914590747,1.0,0.299288256227758
100000008744799100,3,False,1,0,12600.0,0.0,1,0,False,0.0,0.00028598945521655824,0.0,5.46223518726705e-33,1,0.0,0.0,22,0.0737855871886121,0.06217526690391458,0.06325622775800711,0.05526690391459074,0.010249110320284699,0.01766903914590747,1.0,0.2824021352313167
100000008744849100,1,False,1,0,44445.0,0.0,1,0,False,0.0,0.0002932955331166105,0.0,3.302780428726819e-32,1,0.0,0.0,22,0.0737855871886121,0.06217526690391458,0.08087188612099644,0.05526690391459074,0.04797153024911032,0.01766903914590747,1.0,0.3377402135231316
100000008745474100,1,False,1,0,40559.0,0.0,1,0,False,0.0,0.0002924860483339905,0.0,3.1550908309681216e-32,1,0.0,0.0,22,0.0737855871886121,0.06217526690391458,0.08033807829181494,0.05526690391459074,0.04526690391459075,0.01766903914590747,1.0,0.3345017793594306
100000008745489100,1,False,1,0,55539.0,0.0,1,0,False,0.0,0.0002956065017677647,0.0,3.692047459978245e-32,1,0.0,0.0,22,0.0737855871886121,0.06217526690391458,0.08176156583629894,0.05526690391459074,0.054377224199288254,0.01766903914590747,1.0,0.34503558718861205
100000008745643100,1,False,1,0,20313.0,0.0,1,0,False,0.0,0.0002882686451150191,0.0,2.232828060625927e-32,1,0.0,0.0,22,0.0737855871886121,0.06217526690391458,0.07615658362989325,0.05526690391459074,0.026334519572953737,0.01766903914590747,1.0,0.3113879003558718
100000008745676100,4,False,1,0,34547.0,0.0,1,0,True,0.0,0.000527190876854895,0.0,1.1280407211569381e-97,1,0.0,0.0,22,0.0737855871886121,0.06217526690391458,0.0152135231316726,0.05526690391459074,0.12768683274021353,0.01766903914590747,0.75,0.26384786476868327
100000008745725100,1,False,1,0,47060.0,0.0,1,0,False,0.0,0.0002938402584656972,0.0,3.398554263877623e-32,1,0.0,0.0,22,0.0737855871886121,0.06217526690391458,0.08109430604982207,0.05526690391459074,0.049359430604982206,0.01766903914590747,1.0,0.33935053380782915
100000008745863100,3,False,1,0,22900.0,0.0,1,0,False,0.0,0.0002875852766874586,0.0,7.363814914619418e-33,1,0.0,0.0,22,0.0737855871886121,0.06217526690391458,0.06725978647686832,0.05526690391459074,0.021281138790035584,0.01766903914590747,1.0,0.2974377224199287
100000008745884100,3,False,1,0,20000.0,0.0,1,0,False,0.0,0.00028713596772963226,0.0,6.881769480026162e-33,1,0.0,0.0,22,0.0737855871886121,0.06217526690391458,0.06659252669039145,0.05526690391459074,0.01818505338078292,0.01766903914590747,1.0,0.2936743772241992
100000008746025100,1,False,1,0,22000.0,0.0,1,0,False,0.0,0.0002886200606652712,0.0,2.3236974830566136e-32,1,0.0,0.0,22,0.0737855871886121,0.06217526690391458,0.07669039145907475,0.05526690391459074,0.028256227758007117,0.01766903914590747,1.0,0.31384341637010676
100000008746449100,3,False,1,10,10000.0,1009000.0,1,10,False,100.9,0.00028546266373373366,7.951100697508356e-07,2.612780377860493e-08,8,0.0,0.0,4,0.0737855871886121,0.17507562277580072,0.09688612099644128,0.14419928825622777,0.007900355871886122,0.10059608540925268,1.0,0.5984430604982206
100000008746673100,1,False,1,0,53048.0,0.0,1,0,False,0.0,0.00029508760660731535,0.0,3.6083009661821675e-32,1,0.0,0.0,22,0.0737855871886121,0.06217526690391458,0.08158362989323843,0.05526690391459074,0.05302491103202847,0.01766903914590747,1.0,0.34350533807829176
100000008747113100,1,False,2,0,197801.0,0.0,2,0,False,0.0,0.0003058088589281399,0.0,0.006324756500499091,10,0.0,0.0,10,0.15409697508896797,0.06217526690391458,0.19466192170818508,0.05526690391459074,0.07274021352313167,0.11530249110320284,1.0,0.6542437722419929
100000008748408100,1,False,1,21,360000.0,1499960.0,2,22,False,4.166555555555555,0.0003322063054330132,9.752498705724747e-05,9.777109064166122e-06,1,360000.0,0.2400064001706712,41,0.0737855871886121,0.17783807829181494,0.14332740213523132,0.15295373665480427,0.09395017793594307,0.01766903914590747,1.0,0.6595240213523131
100000008748795100,3,False,1,0,47057.0,0.0,1,0,False,0.0,0.00028666903400677263,0.0,0.0004808899573542546,7,0.0,0.0,0,0.0737855871886121,0.06217526690391458,0.17855871886121,0.05526690391459074,0.01395017793594306,0.06515124555160143,1.0,0.4488879003558719
100000008748914100,1,False,2,13,180000.0,4471847.0,9,21,False,24.843594444444445,0.0007859480847884203,0.012100261049757477,1.6502683121907237e-73,1,180000.0,0.04025182435803372,2,0.15409697508896797,0.17611654804270463,0.03398576512455516,0.15928825622775802,0.14818505338078292,0.01766903914590747,1.0,0.6893416370106762
100000008749063100,1,False,1,0,19000.0,0.0,1,0,False,0.0,0.00028799513674662486,0.0,2.159459421649413e-32,1,0.0,0.0,22,0.0737855871886121,0.06217526690391458,0.07566725978647687,0.05526690391459074,0.024234875444839855,0.01766903914590747,1.0,0.3087989323843416
100000008749405100,3,False,1,0,37150.0,0.0,1,0,False,0.0,0.00028979308794574313,0.0,9.379172687920177e-33,1,0.0,0.0,22,0.0737855871886121,0.06217526690391458,0.07041814946619217,0.05526690391459074,0.03441281138790036,0.01766903914590747,1.0,0.31372775800711744
100000008749406100,1,False,1,0,17144.0,0.0,1,0,False,0.0,0.0002876085171489556,0.0,2.051277074010457e-32,1,0.0,0.0,22,0.0737855871886121,0.06217526690391458,0.07477758007117438,0.05526690391459074,0.021530249110320282,0.01766903914590747,1.0,0.3052046263345195
100000008749618100,1,False,1,0,47280.0,0.0,1,0,False,0.0,0.00029388608621973126,0.0,3.406488923282799e-32,1,0.0,0.0,22,0.0737855871886121,0.06217526690391458,0.08122775800711744,0.05526690391459074,0.049466192170818504,0.01766903914590747,1.0,0.33959074733096084
100000008749900100,3,False,1,0,17150.0,0.0,1,0,False,0.0,0.0002866944054779754,0.0,6.372607718478225e-33,1,0.0,0.0,22,0.0737855871886121,0.06217526690391458,0.0648576512455516,0.05526690391459074,0.01416370106761566,0.01766903914590747,1.0,0.2879181494661921
100000008749989100,2,False,1,0,16000.0,0.0,1,0,False,0.0,0.0002894304557226258,0.0,3.032854767088574e-34,1,0.0,0.0,22,0.0737855871886121,0.06217526690391458,0.058852313167259786,0.05526690391459074,0.03213523131672598,0.01766903914590747,1.0,0.2998843416370106
100000008750464100,3,False,1,0,8500.0,0.0,1,0,False,0.0,0.00028535422531066583,0.0,4.486364814623674e-33,1,0.0,0.0,22,0.0737855871886121,0.06217526690391458,0.06245551601423487,0.05526690391459074,0.007473309608540926,0.01766903914590747,1.0,0.27882562277580064
100000008751349100,3,False,1,0,11630.0,0.0,1,0,False,0.0,0.0002869277991542134,0.0,2.2483051692586146e-36,7,0.0,0.0,14,0.0737855871886121,0.06217526690391458,0.05702846975088968,0.05526690391459074,0.016370106761565837,0.06515124555160143,1.0,0.3297775800711744
100000008751380100,3,False,2,0,345780.0,0.0,2,0,False,0.0,0.00031118039456101183,0.0,1.0313294581637333e-06,9,0.0,0.0,4,0.15409697508896797,0.06217526690391458,0.12215302491103204,0.05526690391459074,0.07907473309608541,0.10908362989323844,1.0,0.5818505338078293
100000008751429100,1,False,3,1,386200.0,72600.0,6,2,False,0.1879854997410668,0.0015771234069556794,4.2674458177891556e-45,1.45006079579312e-44,1,72600.0,1.0,9,0.1683896797153025,0.13716192170818506,0.05311387900355872,0.13587188612099646,0.15587188612099645,0.01766903914590747,1.0,0.6680782918149467
100000008752616100,2,False,2,7,64510.0,1265000.0,2,7,False,19.6093628894745,0.0003113454938556861,4.108252713633684e-06,5.732703689930996e-07,9,54510.0,0.04309090909090909,4,0.15409697508896797,0.17327402135231318,0.11690391459074734,0.14718861209964415,0.07943060498220642,0.10908362989323844,1.0,0.7799777580071174
100000008753061100,3,False,1,0,28400.0,0.0,2,0,False,0.0,0.0002884374143660947,0.0,8.200574776820936e-33,1,0.0,0.0,22,0.0737855871886121,0.06217526690391458,0.06948398576512456,0.05526690391459074,0.027259786476868327,0.01766903914590747,1.0,0.3056405693950177
100000008753193100,1,False,1,0,35225.0,0.0,1,0,False,0.0,0.0002913749336066373,0.0,2.9403142456910284e-32,1,0.0,0.0,22,0.0737855871886121,0.06217526690391458,0.07944839857651247,0.05526690391459074,0.040711743772241994,0.01766903914590747,1.0,0.32905693950177933
100000008753897100,3,False,1,0,24050.0,0.0,1,0,False,0.0,0.00028776345092935523,0.0,7.546449382948515e-33,1,0.0,0.0,22,0.0737855871886121,0.06217526690391458,0.06788256227758008,0.05526690391459074,0.02298932384341637,0.01766903914590747,1.0,0.2997686832740213
100000008754608100,3,False,1,0,12300.0,0.0,1,0,False,0.0,0.0002859429749795417,0.0,5.3968168371156546e-33,1,0.0,0.0,22,0.0737855871886121,0.06217526690391458,0.06307829181494662,0.05526690391459074,0.0101067615658363,0.01766903914590747,1.0,0.2820818505338078
100000008754747100,3,False,1,0,45500.0,0.0,1,0,False,0.0,0.00029108678787603614,0.0,1.0379843877722798e-32,1,0.0,0.0,22,0.0737855871886121,0.06217526690391458,0.07108540925266904,0.05526690391459074,0.04,0.01766903914590747,1.0,0.3199822064056939
100000008754997100,3,False,1,0,18000.0,0.0,1,0,False,0.0,0.0002868260994828555,0.0,6.528619766734587e-33,1,0.0,0.0,22,0.0737855871886121,0.06217526690391458,0.06619217081850534,0.05526690391459074,0.01594306049822064,0.01766903914590747,1.0,0.29103202846975085
100000008755168100,3,False,1,0,17600.0,0.0,1,0,False,0.0,0.00028676412583350015,0.0,6.45567200491732e-33,1,0.0,0.0,22,0.0737855871886121,0.06217526690391458,0.06583629893238434,0.05526690391459074,0.015160142348754449,0.01766903914590747,1.0,0.28989323843416365
100000008755361100,1,False,1,0,14627.0,0.0,1,0,False,0.0,0.0002870842059812113,0.0,1.894723658001031e-32,1,0.0,0.0,22,0.0737855871886121,0.06217526690391458,0.07330960854092526,0.05526690391459074,0.017508896797153024,0.01766903914590747,1.0,0.2997153024911032
100000008755580100,3,False,1,0,16000.0,0.0,1,0,False,0.0,0.00028651623123607874,0.0,6.1552417451287504e-33,1,0.0,0.0,22,0.0737855871886121,0.06217526690391458,0.06445729537366549,0.05526690391459074,0.01298932384341637,0.01766903914590747,1.0,0.28634341637010674
100000008755754100,3,False,1,0,7000.0,0.0,1,0,False,0.0,0.0002942973910873315,0.0,2.599468746784625e-73,1,0.0,0.0,24,0.0737855871886121,0.06217526690391458,0.034074733096085406,0.05526690391459074,0.050889679715302484,0.01766903914590747,1.0,0.2938612099644128
100000008757301100,4,False,1,0,58398.0,0.0,3,0,True,0.0,0.0005274110283020076,0.0,4.896779054845021e-90,7,0.0,0.0,0,0.0737855871886121,0.06217526690391458,0.02099644128113879,0.05526690391459074,0.1279003558718861,0.06515124555160143,0.75,0.30395685053380783
100000008757369100,3,False,1,1,25961.0,58398.0,1,3,False,2.249451099726513,0.0002863220506276412,1.2351939282985131e-90,0.0006166179244953665,7,25961.0,0.4445528956471112,0,0.0737855871886121,0.13716192170818506,0.1818505338078292,0.12192170818505339,0.012028469750889682,0.06515124555160143,1.0,0.5918994661921709
100000008758106100,4,False,1,0,10000.0,0.0,1,0,True,0.0,0.0002853437649066779,0.0,6.764405788860514e-08,8,0.0,0.0,4,0.0737855871886121,0.06217526690391458,0.10346975088967975,0.05526690391459074,0.007330960854092527,0.10059608540925268,0.75,0.30196841637010674
100000008758168100,2,False,2,5,75410.0,1533600.0,2,5,False,20.33682535472749,0.0003166162094511268,6.947396940898779e-06,7.06126278648721e-08,9,65410.0,0.042651278038601984,46,0.15409697508896797,0.17043149466192173,0.10373665480427048,0.14846975088967973,0.08483985765124556,0.10908362989323844,1.0,0.7706583629893238
100000008758607100,4,False,1,0,5000.0,0.0,1,0,True,0.0,0.0002846905250842712,0.0,4.783157204000807e-08,8,0.0,0.0,4,0.0737855871886121,0.06217526690391458,0.10097864768683276,0.05526690391459074,0.004128113879003558,0.10059608540925268,0.75,0.29769795373665486
100000008759795100,4,False,1,0,17000.0,0.0,1,0,True,0.0,0.00029307483882739155,0.0,1.584035448382374e-08,1,0.0,0.0,47,0.0737855871886121,0.06217526690391458,0.09430604982206406,0.05526690391459074,0.04725978647686833,0.01766903914590747,0.75,0.2628469750889679
100000008759857100,3,False,1,2,5000.0,994000.0,1,3,False,198.8,0.0002847957666368959,5.496771494008163e-06,2.6991434616390166e-08,9,0.0,0.0,46,0.0737855871886121,0.1554581850533808,0.09715302491103203,0.14790035587188613,0.004483985765124555,0.10908362989323844,1.0,0.5878647686832741
100000008760098100,3,False,1,1,7000.0,390000.0,1,1,False,55.714285714285715,0.0002850991591869084,1.9905026470533544e-06,3.1936696130176205e-08,9,0.0,0.0,46,0.0737855871886121,0.13716192170818506,0.09866548042704626,0.14590747330960857,0.00604982206405694,0.10908362989323844,1.0,0.5706539145907474
100000008761132100,4,False,1,0,10000.0,0.0,1,0,True,0.0,0.0002853437649066779,0.0,6.764405788860514e-08,8,0.0,0.0,4,0.0737855871886121,0.06217526690391458,0.10346975088967975,0.05526690391459074,0.007330960854092527,0.10059608540925268,0.75,0.30196841637010674
100000008761219100,3,False,2,2,50000.0,375000.0,2,2,False,7.5,0.00029126012705587515,1.2398288618331786e-60,1.3075219637160172e-06,9,35000.0,0.09333333333333334,60,0.15409697508896797,0.1554581850533808,0.125,0.13352313167259788,0.040355871886121,0.10908362989323844,1.0,0.717517793594306
100000008761220100,4,False,1,0,10000.0,0.0,1,0,True,0.0,0.0002853437649066779,0.0,6.764405788860514e-08,8,0.0,0.0,4,0.0737855871886121,0.06217526690391458,0.10346975088967975,0.05526690391459074,0.007330960854092527,0.10059608540925268,0.75,0.30196841637010674
100000008762005100,4,False,1,0,5000.0,0.0,1,0,True,0.0,0.0002852396800298541,0.0,2.185101146146514e-09,8,0.0,0.0,4,0.0737855871886121,0.06217526690391458,0.08861209964412811,0.05526690391459074,0.006548042704626334,0.10059608540925268,0.75,0.2902379893238434
100000008762728100,2,False,1,0,17026.0,0.0,1,0,False,0.0,0.00031595775779517173,0.0,5.931697780909058e-09,7,0.0,0.0,16,0.0737855871886121,0.06217526690391458,0.0898576512455516,0.05526690391459074,0.08441281138790035,0.06515124555160143,1.0,0.4306494661921708
100000008762832100,2,False,1,1,150000.0,85000.0,1,4,False,0.5666666666666667,0.00030644600828249165,5.022149953096831e-74,0.00018213762041033592,1,0.0,0.0,2,0.0737855871886121,0.13716192170818506,0.1647686832740214,0.12854092526690392,0.07359430604982206,0.01766903914590747,1.0,0.5955204626334519
100000008762843100,4,False,1,0,7000.0,0.0,1,0,True,0.0,0.0002857206379370499,0.0,2.5854465429490386e-09,8,0.0,0.0,4,0.0737855871886121,0.06217526690391458,0.08901245551601424,0.05526690391459074,0.00893238434163701,0.10059608540925268,0.75,0.292326512455516
100000008762885100,4,False,1,0,7000.0,0.0,1,0,True,0.0,0.0002857206379370499,0.0,2.5854465429490386e-09,8,0.0,0.0,4,0.0737855871886121,0.06217526690391458,0.08901245551601424,0.05526690391459074,0.00893238434163701,0.10059608540925268,0.75,0.292326512455516
100000008763688100,3,False,1,0,21000.0,0.0,1,0,False,0.0,0.0002872909018530207,0.0,7.051715304451147e-33,1,0.0,0.0,22,0.0737855871886121,0.06217526690391458,0.06690391459074733,0.05526690391459074,0.019786476868327404,0.01766903914590747,1.0,0.2955871886120996
100000008764436100,2,False,1,0,13100.0,0.0,1,0,False,0.0,0.0002884529435766128,0.0,2.7442727326777737e-34,1,0.0,0.0,22,0.0737855871886121,0.06217526690391458,0.05854092526690391,0.05526690391459074,0.02747330960854092,0.01766903914590747,1.0,0.2949110320284697
100000008764654100,3,False,1,0,26150.0,0.0,1,0,False,0.0,0.0002880888125884709,0.0,7.869025807741836e-33,1,0.0,0.0,22,0.0737855871886121,0.06217526690391458,0.06823843416370107,0.05526690391459074,0.024982206405693947,0.01766903914590747,1.0,0.30211743772241983
100000008765494100,2,False,1,0,24000.0,0.0,1,0,False,0.0,0.00029212704095300644,0.0,3.7144733216672634e-34,1,0.0,0.0,22,0.0737855871886121,0.06217526690391458,0.05969750889679715,0.05526690391459074,0.04405693950177936,0.01766903914590747,1.0,0.3126512455516014
100000008765627100,2,False,1,0,60000.0,0.0,1,0,False,0.0,0.0002953326008553192,0.0,9.284335279597935e-07,1,0.0,0.0,41,0.0737855871886121,0.06217526690391458,0.12090747330960856,0.05526690391459074,0.053451957295373664,0.01766903914590747,1.0,0.38325622775800705
100000008766031100,4,False,1,0,5000.0,0.0,1,0,True,0.0,0.00028493925446109814,0.0,3.2514104299093974e-08,8,0.0,0.0,4,0.0737855871886121,0.06217526690391458,0.09875444839857651,0.05526690391459074,0.005409252669039146,0.10059608540925268,0.75,0.2969906583629893
100000008766764100,4,False,1,0,5000.0,0.0,1,0,True,0.0,0.0002846905250842712,0.0,4.783157204000807e-08,8,0.0,0.0,4,0.0737855871886121,0.06217526690391458,0.10097864768683276,0.05526690391459074,0.004128113879003558,0.10059608540925268,0.75,0.29769795373665486
100000008767027100,3,False,1,0,5000.0,0.0,1,0,False,0.0,0.0002847957666368959,0.0,2.6991434616390166e-08,9,0.0,0.0,46,0.0737855871886121,0.06217526690391458,0.09715302491103203,0.05526690391459074,0.004483985765124555,0.10908362989323844,1.0,0.40194839857651243
100000008767065100,3,False,1,0,10000.0,0.0,1,0,False,0.0,0.0002855542480119273,0.0,3.8171652902405616e-08,9,0.0,0.0,46,0.0737855871886121,0.06217526690391458,0.09991103202846975,0.05526690391459074,0.00811387900355872,0.10908362989323844,1.0,0.4083362989323843
100000008767925100,1,False,1,0,17144.0,0.0,1,0,False,0.0,0.0002876085171489556,0.0,2.051277074010457e-32,1,0.0,0.0,22,0.0737855871886121,0.06217526690391458,0.07477758007117438,0.05526690391459074,0.021530249110320282,0.01766903914590747,1.0,0.3052046263345195
100000008767950100,3,False,1,0,17350.0,0.0,1,0,False,0.0,0.0002867253923026531,0.0,6.409658075542755e-33,1,0.0,0.0,22,0.0737855871886121,0.06217526690391458,0.0655693950177936,0.05526690391459074,0.014875444839857652,0.01766903914590747,1.0,0.2893416370106761
100000008768896100,1,False,1,0,47060.0,0.0,1,0,False,0.0,0.0002938402584656972,0.0,3.398554263877623e-32,1,0.0,0.0,22,0.0737855871886121,0.06217526690391458,0.08109430604982207,0.05526690391459074,0.049359430604982206,0.01766903914590747,1.0,0.33935053380782915
100000008769097100,3,False,1,0,31100.0,0.0,1,0,False,0.0,0.0002888557364992434,0.0,8.58154170758503e-33,1,0.0,0.0,22,0.0737855871886121,0.06217526690391458,0.06988434163701067,0.05526690391459074,0.029217081850533805,0.01766903914590747,1.0,0.3079982206405693
100000008769636100,1,False,1,0,23118.0,0.0,1,0,False,0.0,0.00028885294897895345,0.0,2.3820088837777037e-32,1,0.0,0.0,22,0.0737855871886121,0.06217526690391458,0.07686832740213523,0.05526690391459074,0.029110320284697507,0.01766903914590747,1.0,0.31487544483985763
100000008770483100,4,False,1,0,5000.0,0.0,1,0,True,0.0,0.0002873382333685882,0.0,1.8897053536789498e-61,9,0.0,0.0,60,0.0737855871886121,0.06217526690391458,0.04572953736654804,0.05526690391459074,0.020213523131672597,0.10908362989323844,0.75,0.2746908362989324
100000008771627100,2,False,1,0,16500.0,0.0,1,0,False,0.0,0.0002895989922995246,0.0,3.0798785754388535e-34,1,0.0,0.0,22,0.0737855871886121,0.06217526690391458,0.05898576512455516,0.05526690391459074,0.03309608540925267,0.01766903914590747,1.0,0.3009786476868327
100000008771814100,2,False,1,0,23700.0,0.0,1,0,False,0.0,0.00029202591900686714,0.0,3.691184858099173e-34,1,0.0,0.0,22,0.0737855871886121,0.06217526690391458,0.05951957295373666,0.05526690391459074,0.04355871886120997,0.01766903914590747,1.0,0.31197508896797155
100000008771819100,1,False,1,0,38900.0,0.0,1,0,False,0.0,0.0002921404654069791,0.0,3.089890206334976e-32,1,0.0,0.0,22,0.0737855871886121,0.06217526690391458,0.07998220640569395,0.05526690391459074,0.04434163701067616,0.01766903914590747,1.0,0.333220640569395
100000008772058100,2,False,1,0,50000.0,0.0,1,0,False,0.0,0.0003008909429517435,0.0,5.361380430405695e-34,1,0.0,0.0,22,0.0737855871886121,0.06217526690391458,0.06094306049822064,0.05526690391459074,0.06604982206405693,0.01766903914590747,1.0,0.3358896797153025
100000008772246100,3,False,1,0,44500.0,0.0,1,0,False,0.0,0.00029093185375264776,0.0,1.0265145949624316e-32,1,0.0,0.0,22,0.0737855871886121,0.06217526690391458,0.07095195729537367,0.05526690391459074,0.039252669039145906,0.01766903914590747,1.0,0.31910142348754444
100000008773876100,1,False,1,0,26120.0,0.0,1,0,False,0.0,0.0002894782895135456,0.0,2.531948299513335e-32,1,0.0,0.0,22,0.0737855871886121,0.06217526690391458,0.07784697508896798,0.05526690391459074,0.032313167259786474,0.01766903914590747,1.0,0.3190569395017794
100000008774237100,2,False,1,1,50000.0,10000.0,1,1,False,0.2,0.00030863063913026987,2.491344287162849e-42,8.56513337443152e-42,1,10000.0,1.0,34,0.0737855871886121,0.13716192170818506,0.0545373665480427,0.13651245551601424,0.07587188612099645,0.01766903914590747,1.0,0.495538256227758
100000008775471100,3,False,1,0,580000.0,0.0,2,0,False,0.0,0.0003563656811681423,0.0,4.345258597807099e-06,8,0.0,0.0,46,0.0737855871886121,0.06217526690391458,0.13585409252669042,0.05526690391459074,0.10277580071174379,0.10059608540925268,1.0,0.5304537366548043
100000008775747100,4,False,1,0,5000.0,0.0,1,0,True,0.0,0.0002846905250842712,0.0,4.783157204000807e-08,8,0.0,0.0,4,0.0737855871886121,0.06217526690391458,0.10097864768683276,0.05526690391459074,0.004128113879003558,0.10059608540925268,0.75,0.29769795373665486
100000008776298100,1,False,1,0,42800.0,0.0,1,0,False,0.0,0.0002929528665012194,0.0,3.2410828415703897e-32,1,0.0,0.0,22,0.0737855871886121,0.06217526690391458,0.08051601423487545,0.05526690391459074,0.046761565836298924,0.01766903914590747,1.0,0.33617437722419924
100000008776310100,3,False,1,0,19200.0,0.0,1,0,False,0.0,0.00028701202043092156,0.0,6.742729501408964e-33,1,0.0,0.0,22,0.0737855871886121,0.06217526690391458,0.06645907473309608,0.05526690391459074,0.01693950177935943,0.01766903914590747,1.0,0.2922953736654804
100000008776420100,3,False,1,0,69500.0,0.0,1,0,False,0.0,0.00029480520683735744,0.0,1.2828548645009026e-32,1,0.0,0.0,22,0.0737855871886121,0.06217526690391458,0.07197508896797153,0.05526690391459074,0.052384341637010674,0.01766903914590747,1.0,0.33325622775800706
100000008776576100,1,False,1,0,14765.0,0.0,1,0,False,0.0,0.0002871129524814691,0.0,1.9036406620324688e-32,1,0.0,0.0,22,0.0737855871886121,0.06217526690391458,0.07348754448398577,0.05526690391459074,0.01800711743772242,0.01766903914590747,1.0,0.3003914590747331
100000008776720100,3,False,1,0,26150.0,0.0,1,0,False,0.0,0.0002880888125884709,0.0,7.869025807741836e-33,1,0.0,0.0,22,0.0737855871886121,0.06217526690391458,0.06823843416370107,0.05526690391459074,0.024982206405693947,0.01766903914590747,1.0,0.30211743772241983
100000008777088100,1,False,1,0,18000.0,0.0,1,0,False,0.0,0.0002877868287737427,0.0,2.101863457525094e-32,1,0.0,0.0,22,0.0737855871886121,0.06217526690391458,0.07544483985765126,0.05526690391459074,0.023202846975088964,0.01766903914590747,1.0,0.3075444839857651
100000008778010100,4,False,1,0,76950.0,0.0,2,0,True,0.0,0.0005265159450798599,0.0,5.053209425736926e-86,1,0.0,0.0,22,0.0737855871886121,0.06217526690391458,0.024377224199288255,0.05526690391459074,0.12711743772241993,0.01766903914590747,0.75,0.27029359430604977
100000008778753100,4,False,1,0,10000.0,0.0,1,0,True,0.0,0.00029256719261807067,0.0,2.114158727347478e-10,7,0.0,0.0,13,0.0737855871886121,0.06217526690391458,0.08638790035587189,0.05526690391459074,0.045622775800711744,0.06515124555160143,0.75,0.2912922597864769
100000008779584100,1,False,1,0,31400.0,0.0,1,0,False,0.0,0.0002905781556103632,0.0,2.7760869924539e-32,1,0.0,0.0,22,0.0737855871886121,0.06217526690391458,0.07882562277580071,0.05526690391459074,0.03786476868327402,0.01766903914590747,1.0,0.3255871886120996
100000008782056100,1,False,1,0,29082.0,0.0,1,0,False,0.0,0.00029009529772922244,0.0,2.6716550414367104e-32,1,0.0,0.0,22,0.0737855871886121,0.06217526690391458,0.07846975088967972,0.05526690391459074,0.035658362989323844,0.01766903914590747,1.0,0.3230249110320284
100000008782421100,1,False,1,0,49680.0,0.0,1,0,False,0.0,0.0002943860253546484,0.0,3.491877830574687e-32,1,0.0,0.0,22,0.0737855871886121,0.06217526690391458,0.08140569395017794,0.05526690391459074,0.05110320284697509,0.01766903914590747,1.0,0.34140569395017795
100000008782800100,1,False,1,0,43381.0,0.0,1,0,False,0.0,0.00029307389343346385,0.0,3.2630071591602257e-32,1,0.0,0.0,22,0.0737855871886121,0.06217526690391458,0.08069395017793594,0.05526690391459074,0.047188612099644124,0.01766903914590747,1.0,0.33677935943060494
