gid,role,role_score,cluster_id,priority_score,evidence
100000000011452100,consolidator,0.64,0,0.8271,"получает от 3 узлов; дальше переводит 16,685 ₸"
100000000018102100,peripheral,0.48,0,0.2721,граница обхода depth=4; отсутствие исходящих не доказывает удержание
100000000031787100,transit,0.8378,1,0.5487,получает от 1 / отправляет 2 узлам; проход 1.00; FIFO 0–2 дня 44%; порядок внутри дня неизвестен
100000000041368100,terminal,0.72,2,0.5764,получает от 1 узлов; в выборке исходящих связей нет
100000000076451100,coordinator,0.96,3,0.809,достижим из 7 seed; вход от 3 и выход к 4 узлам
100000000089154100,distributor,0.92,0,0.6465,"переводит 15 получателям; исходящий оборот 425,500 ₸"
100000000190228100,peripheral,0.42,4,0.5738,"in=1, out=1; критерии основных ролей не достигнуты"
100000000201868100,transit,0.92,5,0.6163,получает от 1 / отправляет 1 узлам; проход 1.00; FIFO 0–2 дня 100%; порядок внутри дня неизвестен
100000000254336100,transit,0.8758,0,0.7028,получает от 2 / отправляет 1 узлам; проход 0.62; FIFO 0–2 дня 100%; порядок внутри дня неизвестен
100000000267734100,distributor,0.8,1,0.7454,"переводит 7 получателям; исходящий оборот 282,000 ₸"
100000000274067100,peripheral,0.42,1,0.7292,"in=2, out=3; критерии основных ролей не достигнуты"
100000000287768100,terminal,0.72,0,0.458,получает от 1 узлов; в выборке исходящих связей нет
100000000288317100,coordinator,0.94,0,0.7532,достижим из 7 seed; вход от 2 и выход к 3 узлам
100000000291906100,coordinator,0.94,6,0.7065,достижим из 7 seed; вход от 2 и выход к 2 узлам
100000000291908100,peripheral,0.42,6,0.5837,"in=1, out=1; критерии основных ролей не достигнуты"
100000000297649100,peripheral,0.42,7,0.6378,"in=1, out=1; критерии основных ролей не достигнуты"
100000000299820100,peripheral,0.48,8,0.2886,граница обхода depth=4; отсутствие исходящих не доказывает удержание
100000000307908100,terminal,0.72,9,0.3157,получает от 1 узлов; в выборке исходящих связей нет
100000000331309100,coordinator,0.96,10,0.9058,достижим из 7 seed; вход от 5 и выход к 99 узлам
100000000332284100,coordinator,0.96,10,0.8613,достижим из 7 seed; вход от 10 и выход к 3 узлам
100000000343175100,distributor,0.94,11,0.8715,"переводит 31 получателям; исходящий оборот 4,000,039 ₸; seed: входящие потоки неполны"
100000000369781100,peripheral,0.48,10,0.2928,граница обхода depth=4; отсутствие исходящих не доказывает удержание
100000000375150100,peripheral,0.48,12,0.3718,граница обхода depth=4; отсутствие исходящих не доказывает удержание
100000000404740100,peripheral,0.48,13,0.3048,граница обхода depth=4; отсутствие исходящих не доказывает удержание
100000000408846100,terminal,0.72,14,0.3639,получает от 1 узлов; в выборке исходящих связей нет
100000000413678100,coordinator,0.94,8,0.7755,достижим из 7 seed; вход от 2 и выход к 3 узлам
100000000424935100,peripheral,0.48,15,0.3024,граница обхода depth=4; отсутствие исходящих не доказывает удержание
100000000425407100,terminal,0.72,2,0.4553,получает от 1 узлов; в выборке исходящих связей нет
100000000437046100,coordinator,0.96,0,0.8873,достижим из 7 seed; вход от 9 и выход к 42 узлам
100000000440392100,terminal,0.72,16,0.4696,получает от 1 узлов; в выборке исходящих связей нет
100000000456947100,peripheral,0.42,17,0.0,"in=0, out=0; нет наблюдаемых рёбер; seed: входящие потоки неполны"
100000000470237100,peripheral,0.48,15,0.3261,граница обхода depth=4; отсутствие исходящих не доказывает удержание
100000000481716100,terminal,0.72,18,0.4491,получает от 1 узлов; в выборке исходящих связей нет
100000000489417100,consolidator,0.64,12,0.8036,"получает от 3 узлов; дальше переводит 80,000 ₸"
100000000490383100,coordinator,0.96,16,0.7888,достижим из 7 seed; вход от 3 и выход к 8 узлам
100000000500040100,peripheral,0.48,0,0.3405,граница обхода depth=4; отсутствие исходящих не доказывает удержание
100000000507799100,peripheral,0.42,19,0.5536,"in=1, out=1; критерии основных ролей не достигнуты"
100000000533217100,terminal,0.72,0,0.4294,получает от 1 узлов; в выборке исходящих связей нет
100000000534581100,transit,0.6773,8,0.6998,получает от 2 / отправляет 1 узлам; проход 0.71; FIFO 0–2 дня 0%; порядок внутри дня неизвестен
100000000542087100,peripheral,0.48,20,0.2385,граница обхода depth=4; отсутствие исходящих не доказывает удержание
100000000552584100,peripheral,0.42,21,0.622,"in=1, out=1; критерии основных ролей не достигнуты"
100000000555721100,terminal,0.72,0,0.5957,получает от 2 узлов; в выборке исходящих связей нет
100000000557536100,peripheral,0.48,20,0.2823,граница обхода depth=4; отсутствие исходящих не доказывает удержание
100000000560751100,terminal,0.72,12,0.4053,получает от 1 узлов; в выборке исходящих связей нет
100000000561160100,peripheral,0.48,2,0.3876,граница обхода depth=4; отсутствие исходящих не доказывает удержание
100000000569479100,terminal,0.72,0,0.5289,получает от 1 узлов; в выборке исходящих связей нет
100000000572276100,peripheral,0.42,22,0.4221,"in=1, out=1; критерии основных ролей не достигнуты"
100000000580561100,peripheral,0.42,23,0.6201,"in=2, out=3; критерии основных ролей не достигнуты; seed: входящие потоки неполны"
100000000581662100,peripheral,0.48,24,0.2504,граница обхода depth=4; отсутствие исходящих не доказывает удержание
100000000581682100,peripheral,0.48,15,0.2779,граница обхода depth=4; отсутствие исходящих не доказывает удержание
100000000583220100,peripheral,0.42,25,0.552,"in=1, out=1; критерии основных ролей не достигнуты"
100000000594783100,transit,0.7527,21,0.641,получает от 1 / отправляет 2 узлам; проход 0.06; FIFO 0–2 дня 100%; порядок внутри дня неизвестен
100000000596954100,transit,0.8282,2,0.6251,получает от 1 / отправляет 2 узлам; проход 0.40; FIFO 0–2 дня 100%; порядок внутри дня неизвестен
100000000600707100,peripheral,0.48,26,0.2844,граница обхода depth=4; отсутствие исходящих не доказывает удержание
100000000607731100,peripheral,0.42,27,0.4763,"in=1, out=1; критерии основных ролей не достигнуты"
100000000607941100,peripheral,0.42,16,0.7138,"in=2, out=1; критерии основных ролей не достигнуты"
100000000608031100,peripheral,0.48,28,0.3022,граница обхода depth=4; отсутствие исходящих не доказывает удержание
100000000611474100,terminal,0.72,29,0.4117,получает от 1 узлов; в выборке исходящих связей нет
100000000625169100,terminal,0.72,22,0.2879,получает от 1 узлов; в выборке исходящих связей нет
100000000627521100,peripheral,0.48,30,0.2407,граница обхода depth=4; отсутствие исходящих не доказывает удержание
100000000629812100,terminal,0.72,31,0.5699,получает от 2 узлов; в выборке исходящих связей нет
100000000634341100,peripheral,0.48,0,0.304,граница обхода depth=4; отсутствие исходящих не доказывает удержание
100000000640800100,peripheral,0.42,8,0.6796,"in=1, out=4; критерии основных ролей не достигнуты"
100000000646541100,terminal,0.72,0,0.5971,получает от 3 узлов; в выборке исходящих связей нет
100000000655469100,peripheral,0.48,32,0.2896,граница обхода depth=4; отсутствие исходящих не доказывает удержание
100000000656682100,transit,0.7121,0,0.6241,получает от 1 / отправляет 2 узлам; проход 1.13; FIFO 0–2 дня 0%; порядок внутри дня неизвестен
100000000661131100,terminal,0.72,22,0.2855,получает от 1 узлов; в выборке исходящих связей нет
100000000661912100,coordinator,0.96,8,0.8767,достижим из 7 seed; вход от 5 и выход к 2 узлам
100000000667713100,coordinator,0.94,16,0.7891,достижим из 7 seed; вход от 2 и выход к 6 узлам
100000000673868100,distributor,0.68,33,0.7146,"переводит 5 получателям; исходящий оборот 383,000 ₸"
100000000673915100,peripheral,0.48,20,0.2429,граница обхода depth=4; отсутствие исходящих не доказывает удержание
100000000703894100,peripheral,0.42,27,0.5109,"in=1, out=1; критерии основных ролей не достигнуты"
100000000703902100,terminal,0.72,22,0.3185,получает от 1 узлов; в выборке исходящих связей нет
100000000704700100,peripheral,0.48,34,0.2599,граница обхода depth=4; отсутствие исходящих не доказывает удержание
100000000706545100,consolidator,0.64,16,0.8239,"получает от 3 узлов; дальше переводит 75,800 ₸"
100000000718427100,terminal,0.72,22,0.278,получает от 1 узлов; в выборке исходящих связей нет
100000000723383100,peripheral,0.42,32,0.6132,"in=1, out=2; критерии основных ролей не достигнуты"
100000000724540100,peripheral,0.42,35,0.6013,"in=1, out=1; критерии основных ролей не достигнуты"
100000000733373100,terminal,0.72,16,0.4165,получает от 1 узлов; в выборке исходящих связей нет
100000000733451100,peripheral,0.42,12,0.6263,"in=1, out=1; критерии основных ролей не достигнуты"
100000000733940100,peripheral,0.48,36,0.3201,граница обхода depth=4; отсутствие исходящих не доказывает удержание
100000000737152100,peripheral,0.48,0,0.2912,граница обхода depth=4; отсутствие исходящих не доказывает удержание
100000000749118100,peripheral,0.42,0,0.5628,"in=1, out=1; критерии основных ролей не достигнуты"
100000000764836100,transit,0.6737,8,0.6895,получает от 1 / отправляет 2 узлам; проход 0.20; FIFO 0–2 дня 50%; порядок внутри дня неизвестен
100000000765628100,terminal,0.72,16,0.4284,получает от 1 узлов; в выборке исходящих связей нет
100000000769919100,terminal,0.72,37,0.3923,получает от 1 узлов; в выборке исходящих связей нет
100000000782285100,terminal,0.72,0,0.4514,получает от 1 узлов; в выборке исходящих связей нет
100000000783406100,terminal,0.72,38,0.3362,получает от 1 узлов; в выборке исходящих связей нет
100000000785800100,transit,0.92,39,0.5143,получает от 1 / отправляет 1 узлам; проход 1.00; FIFO 0–2 дня 100%; порядок внутри дня неизвестен
100000000790311100,terminal,0.72,3,0.4482,получает от 1 узлов; в выборке исходящих связей нет
100000000791285100,transit,0.8575,14,0.6398,получает от 1 / отправляет 3 узлам; проход 0.58; FIFO 0–2 дня 95%; порядок внутри дня неизвестен
100000000795033100,terminal,0.72,0,0.3968,получает от 1 узлов; в выборке исходящих связей нет
100000000795129100,terminal,0.72,3,0.5066,получает от 1 узлов; в выборке исходящих связей нет
100000000795374100,terminal,0.72,8,0.4736,получает от 1 узлов; в выборке исходящих связей нет
100000000802149100,terminal,0.72,0,0.492,получает от 1 узлов; в выборке исходящих связей нет
100000000803368100,peripheral,0.48,40,0.361,граница обхода depth=4; отсутствие исходящих не доказывает удержание
100000000806727100,peripheral,0.42,2,0.6007,"in=1, out=1; критерии основных ролей не достигнуты"
100000000810551100,peripheral,0.42,2,0.6912,"in=1, out=1; критерии основных ролей не достигнуты"
100000000817146100,terminal,0.72,16,0.4783,получает от 1 узлов; в выборке исходящих связей нет
100000000821507100,terminal,0.72,33,0.4658,получает от 1 узлов; в выборке исходящих связей нет
100000000831684100,peripheral,0.42,7,0.5378,"in=1, out=1; критерии основных ролей не достигнуты"
100000000838385100,transit,0.7612,15,0.6291,получает от 1 / отправляет 2 узлам; проход 0.41; FIFO 0–2 дня 69%; порядок внутри дня неизвестен
100000000850297100,transit,0.92,11,0.5438,получает от 1 / отправляет 1 узлам; проход 1.00; FIFO 0–2 дня 100%; порядок внутри дня неизвестен
100000000860514100,peripheral,0.42,13,0.5645,"in=1, out=1; критерии основных ролей не достигнуты"
100000000861294100,terminal,0.72,41,0.4158,получает от 1 узлов; в выборке исходящих связей нет
100000000870121100,terminal,0.72,12,0.4241,получает от 1 узлов; в выборке исходящих связей нет
100000000878006100,terminal,0.72,10,0.4568,получает от 1 узлов; в выборке исходящих связей нет
100000000896111100,terminal,0.72,21,0.3862,получает от 1 узлов; в выборке исходящих связей нет
100000000907277100,terminal,0.72,22,0.3062,получает от 1 узлов; в выборке исходящих связей нет
100000000910216100,transit,0.6812,2,0.6546,получает от 1 / отправляет 1 узлам; проход 0.73; FIFO 0–2 дня 0%; порядок внутри дня неизвестен
100000000912487100,terminal,0.72,2,0.4892,получает от 1 узлов; в выборке исходящих связей нет
100000000913911100,transit,0.6773,2,0.7822,получает от 2 / отправляет 1 узлам; проход 1.28; FIFO 0–2 дня 0%; порядок внутри дня неизвестен
100000000917179100,terminal,0.72,40,0.4583,получает от 1 узлов; в выборке исходящих связей нет
100000000922570100,transit,0.7265,7,0.5044,получает от 1 / отправляет 1 узлам; проход 1.06; FIFO 0–2 дня 0%; порядок внутри дня неизвестен
100000000926078100,peripheral,0.48,8,0.3182,граница обхода depth=4; отсутствие исходящих не доказывает удержание
100000000926766100,transit,0.8104,13,0.598,получает от 1 / отправляет 1 узлам; проход 0.32; FIFO 0–2 дня 100%; порядок внутри дня неизвестен
100000000933075100,transit,0.8175,7,0.7098,получает от 1 / отправляет 2 узлам; проход 1.38; FIFO 0–2 дня 73%; порядок внутри дня неизвестен
100000000941942100,terminal,0.72,2,0.5684,получает от 1 узлов; в выборке исходящих связей нет
100000000942301100,terminal,0.72,0,0.4922,получает от 1 узлов; в выборке исходящих связей нет
100000000943371100,terminal,0.72,12,0.4655,получает от 1 узлов; в выборке исходящих связей нет
100000000945428100,terminal,0.72,0,0.5036,получает от 1 узлов; в выборке исходящих связей нет
100000000954884100,terminal,0.72,38,0.3856,получает от 1 узлов; в выборке исходящих связей нет
100000000955444100,terminal,0.72,23,0.3248,получает от 1 узлов; в выборке исходящих связей нет
100000000955529100,peripheral,0.42,2,0.5783,"in=1, out=1; критерии основных ролей не достигнуты"
100000000957746100,peripheral,0.48,28,0.2766,граница обхода depth=4; отсутствие исходящих не доказывает удержание
100000000961900100,terminal,0.72,0,0.5566,получает от 2 узлов; в выборке исходящих связей нет
100000000967918100,terminal,0.72,0,0.3922,получает от 1 узлов; в выборке исходящих связей нет
100000000968253100,terminal,0.72,22,0.3008,получает от 1 узлов; в выборке исходящих связей нет
100000000971908100,terminal,0.72,41,0.3976,получает от 1 узлов; в выборке исходящих связей нет
100000000976943100,transit,0.7248,11,0.7009,получает от 1 / отправляет 1 узлам; проход 1.20; FIFO 0–2 дня 13%; порядок внутри дня неизвестен
100000000978041100,terminal,0.72,22,0.3377,получает от 1 узлов; в выборке исходящих связей нет
100000000979567100,terminal,0.72,22,0.3443,получает от 1 узлов; в выборке исходящих связей нет
100000000979923100,terminal,0.72,11,0.5264,получает от 1 узлов; в выборке исходящих связей нет
100000000981693100,peripheral,0.48,0,0.2949,граница обхода depth=4; отсутствие исходящих не доказывает удержание
100000000993112100,terminal,0.72,42,0.4511,получает от 1 узлов; в выборке исходящих связей нет
100000000998559100,terminal,0.72,2,0.5592,получает от 1 узлов; в выборке исходящих связей нет
100000001009583100,terminal,0.72,10,0.5106,получает от 1 узлов; в выборке исходящих связей нет
100000001046057100,terminal,0.72,4,0.4397,получает от 1 узлов; в выборке исходящих связей нет
100000001046626100,terminal,0.72,10,0.4813,получает от 1 узлов; в выборке исходящих связей нет
100000001049200100,coordinator,0.94,43,0.7385,достижим из 7 seed; вход от 2 и выход к 4 узлам
100000001052789100,terminal,0.72,43,0.4606,получает от 1 узлов; в выборке исходящих связей нет
100000001052945100,peripheral,0.42,44,0.6268,"in=1, out=3; критерии основных ролей не достигнуты"
100000001053894100,peripheral,0.48,30,0.3364,граница обхода depth=4; отсутствие исходящих не доказывает удержание
100000001056414100,terminal,0.72,24,0.3944,получает от 1 узлов; в выборке исходящих связей нет
100000001063678100,peripheral,0.42,29,0.6384,"in=1, out=2; критерии основных ролей не достигнуты"
100000001065234100,peripheral,0.48,45,0.3309,граница обхода depth=4; отсутствие исходящих не доказывает удержание
100000001065481100,peripheral,0.48,12,0.3581,граница обхода depth=4; отсутствие исходящих не доказывает удержание
100000001066017100,coordinator,0.94,0,0.7623,достижим из 7 seed; вход от 2 и выход к 4 узлам
100000001072022100,terminal,0.72,2,0.7246,получает от 3 узлов; в выборке исходящих связей нет
100000001073568100,transit,0.7757,40,0.6958,получает от 1 / отправляет 2 узлам; проход 0.31; FIFO 0–2 дня 85%; порядок внутри дня неизвестен
100000001074553100,terminal,0.72,4,0.4556,получает от 2 узлов; в выборке исходящих связей нет
100000001083990100,terminal,0.72,7,0.4373,получает от 1 узлов; в выборке исходящих связей нет
100000001089055100,peripheral,0.48,28,0.3552,граница обхода depth=4; отсутствие исходящих не доказывает удержание
100000001102676100,transit,0.92,2,0.593,получает от 1 / отправляет 1 узлам; проход 1.00; FIFO 0–2 дня 100%; порядок внутри дня неизвестен
100000001103905100,terminal,0.72,22,0.3075,получает от 1 узлов; в выборке исходящих связей нет
100000001110358100,terminal,0.72,0,0.5468,получает от 2 узлов; в выборке исходящих связей нет
100000001111763100,terminal,0.72,22,0.3052,получает от 1 узлов; в выборке исходящих связей нет
100000001114385100,terminal,0.72,2,0.4326,получает от 1 узлов; в выборке исходящих связей нет
100000001126374100,coordinator,0.96,0,0.7817,достижим из 7 seed; вход от 4 и выход к 2 узлам
100000001130176100,terminal,0.72,0,0.4065,получает от 1 узлов; в выборке исходящих связей нет
100000001130553100,peripheral,0.48,10,0.3045,граница обхода depth=4; отсутствие исходящих не доказывает удержание
100000001131403100,peripheral,0.48,44,0.3321,граница обхода depth=4; отсутствие исходящих не доказывает удержание
100000001138283100,transit,0.8305,8,0.6835,получает от 1 / отправляет 2 узлам; проход 0.61; FIFO 0–2 дня 80%; порядок внутри дня неизвестен
100000001138376100,terminal,0.72,3,0.4111,получает от 1 узлов; в выборке исходящих связей нет
100000001140785100,terminal,0.72,4,0.5642,получает от 2 узлов; в выборке исходящих связей нет
100000001141268100,transit,0.7446,46,0.7321,получает от 2 / отправляет 1 узлам; проход 0.02; FIFO 0–2 дня 100%; порядок внутри дня неизвестен
100000001145749100,terminal,0.72,2,0.4397,получает от 1 узлов; в выборке исходящих связей нет
100000001149815100,terminal,0.72,22,0.2813,получает от 1 узлов; в выборке исходящих связей нет
100000001155773100,terminal,0.72,22,0.2963,получает от 1 узлов; в выборке исходящих связей нет
100000001160401100,terminal,0.72,0,0.4836,получает от 1 узлов; в выборке исходящих связей нет
100000001162560100,distributor,0.92,4,0.6441,"переводит 12 получателям; исходящий оборот 2,904,398 ₸"
100000001164648100,terminal,0.72,47,0.5138,получает от 2 узлов; в выборке исходящих связей нет
100000001166289100,transit,0.7476,22,0.6662,получает от 2 / отправляет 1 узлам; проход 0.03; FIFO 0–2 дня 100%; порядок внутри дня неизвестен
100000001169666100,peripheral,0.42,18,0.6297,"in=1, out=1; критерии основных ролей не достигнуты"
100000001184915100,terminal,0.72,3,0.4935,получает от 1 узлов; в выборке исходящих связей нет
100000001194266100,terminal,0.72,2,0.534,получает от 1 узлов; в выборке исходящих связей нет
100000001202637100,peripheral,0.48,18,0.3322,граница обхода depth=4; отсутствие исходящих не доказывает удержание
100000001202787100,peripheral,0.48,0,0.4062,граница обхода depth=4; отсутствие исходящих не доказывает удержание
100000001220124100,peripheral,0.48,8,0.3047,граница обхода depth=4; отсутствие исходящих не доказывает удержание
100000001222245100,peripheral,0.48,10,0.3284,граница обхода depth=4; отсутствие исходящих не доказывает удержание
100000001222263100,transit,0.8011,10,0.6836,получает от 1 / отправляет 1 узлам; проход 0.56; FIFO 0–2 дня 71%; порядок внутри дня неизвестен
100000001223977100,peripheral,0.42,48,0.5413,"in=1, out=1; критерии основных ролей не достигнуты"
100000001227106100,terminal,0.72,10,0.4841,получает от 1 узлов; в выборке исходящих связей нет
100000001229743100,transit,0.6771,0,0.5558,получает от 1 / отправляет 1 узлам; проход 1.29; FIFO 0–2 дня 0%; порядок внутри дня неизвестен
100000001232297100,peripheral,0.42,12,0.6235,"in=1, out=2; критерии основных ролей не достигнуты"
100000001236706100,coordinator,0.96,12,0.8483,достижим из 7 seed; вход от 3 и выход к 2 узлам
100000001241318100,terminal,0.72,0,0.4041,получает от 1 узлов; в выборке исходящих связей нет
100000001246806100,peripheral,0.48,4,0.3464,граница обхода depth=4; отсутствие исходящих не доказывает удержание
100000001248999100,terminal,0.72,28,0.4329,получает от 1 узлов; в выборке исходящих связей нет
100000001249054100,peripheral,0.48,18,0.2949,граница обхода depth=4; отсутствие исходящих не доказывает удержание
100000001250022100,terminal,0.72,41,0.3774,получает от 1 узлов; в выборке исходящих связей нет
100000001251686100,terminal,0.72,2,0.5077,получает от 1 узлов; в выборке исходящих связей нет
100000001252290100,peripheral,0.42,10,0.6102,"in=1, out=1; критерии основных ролей не достигнуты"
100000001253557100,terminal,0.72,4,0.6439,получает от 5 узлов; в выборке исходящих связей нет
100000001256409100,peripheral,0.48,35,0.2623,граница обхода depth=4; отсутствие исходящих не доказывает удержание
100000001262647100,terminal,0.72,3,0.3674,получает от 1 узлов; в выборке исходящих связей нет
100000001270349100,terminal,0.72,41,0.4078,получает от 1 узлов; в выборке исходящих связей нет
100000001270470100,peripheral,0.48,0,0.2937,граница обхода depth=4; отсутствие исходящих не доказывает удержание
100000001273783100,terminal,0.72,11,0.3906,получает от 1 узлов; в выборке исходящих связей нет
100000001275557100,peripheral,0.48,29,0.2868,граница обхода depth=4; отсутствие исходящих не доказывает удержание
100000001275752100,terminal,0.72,4,0.4768,получает от 1 узлов; в выборке исходящих связей нет
100000001276409100,peripheral,0.48,18,0.3366,граница обхода depth=4; отсутствие исходящих не доказывает удержание
100000001279272100,transit,0.8495,0,0.7115,получает от 1 / отправляет 2 узлам; проход 0.55; FIFO 0–2 дня 95%; порядок внутри дня неизвестен
100000001279875100,terminal,0.72,24,0.3669,получает от 1 узлов; в выборке исходящих связей нет
100000001280798100,terminal,0.72,18,0.4002,получает от 1 узлов; в выборке исходящих связей нет
100000001282143100,terminal,0.72,24,0.666,получает от 5 узлов; в выборке исходящих связей нет
100000001285440100,terminal,0.72,46,0.5983,получает от 2 узлов; в выборке исходящих связей нет
100000001286703100,peripheral,0.48,30,0.2452,граница обхода depth=4; отсутствие исходящих не доказывает удержание
100000001287955100,peripheral,0.42,24,0.5794,"in=1, out=4; критерии основных ролей не достигнуты"
100000001290243100,terminal,0.72,16,0.4508,получает от 1 узлов; в выборке исходящих связей нет
100000001297206100,peripheral,0.48,0,0.3213,граница обхода depth=4; отсутствие исходящих не доказывает удержание
100000001298099100,terminal,0.72,18,0.3929,получает от 1 узлов; в выборке исходящих связей нет
100000001299323100,peripheral,0.48,4,0.3474,граница обхода depth=4; отсутствие исходящих не доказывает удержание
100000001299443100,peripheral,0.48,47,0.2459,граница обхода depth=4; отсутствие исходящих не доказывает удержание
100000001299828100,peripheral,0.48,0,0.3145,граница обхода depth=4; отсутствие исходящих не доказывает удержание
100000001303311100,terminal,0.72,46,0.6648,получает от 5 узлов; в выборке исходящих связей нет
100000001307612100,terminal,0.72,22,0.3325,получает от 1 узлов; в выборке исходящих связей нет
100000001308856100,terminal,0.72,22,0.3164,получает от 1 узлов; в выборке исходящих связей нет
100000001311175100,peripheral,0.48,24,0.2976,граница обхода depth=4; отсутствие исходящих не доказывает удержание
100000001317336100,peripheral,0.42,36,0.6638,"in=1, out=2; критерии основных ролей не достигнуты"
100000001325618100,peripheral,0.48,47,0.2491,граница обхода depth=4; отсутствие исходящих не доказывает удержание
100000001329153100,terminal,0.72,0,0.4877,получает от 1 узлов; в выборке исходящих связей нет
100000001330595100,consolidator,0.64,34,0.6509,"получает от 3 узлов; дальше переводит 154,000 ₸"
100000001330685100,consolidator,0.64,10,0.8144,"получает от 3 узлов; дальше переводит 100,500 ₸"
100000001339466100,terminal,0.72,2,0.5254,получает от 1 узлов; в выборке исходящих связей нет
100000001346560100,peripheral,0.42,2,0.7075,"in=2, out=1; критерии основных ролей не достигнуты"
100000001362940100,terminal,0.72,2,0.5526,получает от 1 узлов; в выборке исходящих связей нет
100000001363952100,peripheral,0.42,8,0.7352,"in=2, out=1; критерии основных ролей не достигнуты"
100000001373265100,peripheral,0.42,8,0.6427,"in=1, out=1; критерии основных ролей не достигнуты"
100000001378288100,peripheral,0.48,8,0.3189,граница обхода depth=4; отсутствие исходящих не доказывает удержание
100000001379511100,terminal,0.72,4,0.4253,получает от 1 узлов; в выборке исходящих связей нет
100000001380054100,peripheral,0.42,27,0.6562,"in=2, out=3; критерии основных ролей не достигнуты"
100000001380107100,terminal,0.72,31,0.4256,получает от 1 узлов; в выборке исходящих связей нет
100000001380986100,terminal,0.72,4,0.353,получает от 1 узлов; в выборке исходящих связей нет
100000001382002100,transit,0.734,0,0.6038,получает от 1 / отправляет 1 узлам; проход 1.03; FIFO 0–2 дня 0%; порядок внутри дня неизвестен
100000001384826100,peripheral,0.42,10,0.6418,"in=1, out=1; критерии основных ролей не достигнуты"
100000001386612100,terminal,0.72,49,0.4948,получает от 1 узлов; в выборке исходящих связей нет
100000001389255100,terminal,0.72,22,0.3041,получает от 1 узлов; в выборке исходящих связей нет
100000001411870100,terminal,0.72,41,0.5727,получает от 2 узлов; в выборке исходящих связей нет
100000001415126100,peripheral,0.42,49,0.4581,"in=1, out=0; критерии основных ролей не достигнуты; seed: входящие потоки неполны"
100000001418900100,terminal,0.72,22,0.3277,получает от 1 узлов; в выборке исходящих связей нет
100000001420847100,terminal,0.72,43,0.3619,получает от 1 узлов; в выборке исходящих связей нет
100000001427082100,distributor,0.68,32,0.5842,"переводит 5 получателям; исходящий оборот 124,900 ₸"
100000001429930100,peripheral,0.42,12,0.4425,"in=1, out=0; критерии основных ролей не достигнуты; seed: входящие потоки неполны"
100000001439416100,peripheral,0.42,0,0.6473,"in=1, out=2; критерии основных ролей не достигнуты"
100000001445848100,transit,0.7996,38,0.6208,получает от 1 / отправляет 1 узлам; проход 0.64; FIFO 0–2 дня 63%; порядок внутри дня неизвестен
100000001463701100,terminal,0.72,11,0.6919,получает от 2 узлов; в выборке исходящих связей нет
100000001471706100,peripheral,0.48,49,0.3523,граница обхода depth=4; отсутствие исходящих не доказывает удержание
100000001477796100,terminal,0.72,2,0.4519,получает от 1 узлов; в выборке исходящих связей нет
100000001484381100,terminal,0.72,18,0.5306,получает от 2 узлов; в выборке исходящих связей нет
100000001490461100,peripheral,0.42,18,0.5539,"in=1, out=1; критерии основных ролей не достигнуты"
100000001498732100,peripheral,0.48,4,0.2731,граница обхода depth=4; отсутствие исходящих не доказывает удержание
100000001524952100,terminal,0.72,0,0.5083,получает от 1 узлов; в выборке исходящих связей нет
100000001526235100,coordinator,0.96,13,0.7929,достижим из 7 seed; вход от 3 и выход к 8 узлам
100000001527186100,terminal,0.72,2,0.6116,получает от 1 узлов; в выборке исходящих связей нет
100000001530709100,terminal,0.72,0,0.4532,получает от 1 узлов; в выборке исходящих связей нет
100000001530740100,terminal,0.72,16,0.3932,получает от 1 узлов; в выборке исходящих связей нет
100000001530983100,coordinator,0.96,16,0.8675,достижим из 7 seed; вход от 4 и выход к 11 узлам
100000001533161100,peripheral,0.48,50,0.3345,граница обхода depth=4; отсутствие исходящих не доказывает удержание
100000001534244100,peripheral,0.42,4,0.7296,"in=2, out=1; критерии основных ролей не достигнуты"
100000001537524100,peripheral,0.48,24,0.3445,граница обхода depth=4; отсутствие исходящих не доказывает удержание
100000001538095100,terminal,0.72,24,0.6064,получает от 2 узлов; в выборке исходящих связей нет
100000001541418100,terminal,0.72,4,0.5273,получает от 2 узлов; в выборке исходящих связей нет
100000001549194100,terminal,0.72,40,0.4351,получает от 1 узлов; в выборке исходящих связей нет
100000001550388100,terminal,0.72,0,0.4817,получает от 1 узлов; в выборке исходящих связей нет
100000001550419100,terminal,0.72,40,0.4125,получает от 1 узлов; в выборке исходящих связей нет
100000001554432100,terminal,0.72,2,0.537,получает от 1 узлов; в выборке исходящих связей нет
100000001557930100,terminal,0.72,41,0.3654,получает от 1 узлов; в выборке исходящих связей нет
100000001567366100,terminal,0.72,16,0.5341,получает от 1 узлов; в выборке исходящих связей нет
100000001578517100,terminal,0.72,16,0.4194,получает от 1 узлов; в выборке исходящих связей нет
100000001584286100,terminal,0.72,24,0.5837,получает от 2 узлов; в выборке исходящих связей нет
100000001590795100,peripheral,0.48,47,0.2361,граница обхода depth=4; отсутствие исходящих не доказывает удержание
100000001597424100,terminal,0.72,40,0.4365,получает от 1 узлов; в выборке исходящих связей нет
100000001597505100,peripheral,0.42,42,0.5787,"in=1, out=1; критерии основных ролей не достигнуты"
100000001598625100,peripheral,0.48,8,0.2939,граница обхода depth=4; отсутствие исходящих не доказывает удержание
100000001600934100,peripheral,0.42,8,0.7107,"in=1, out=1; критерии основных ролей не достигнуты"
100000001601320100,transit,0.7263,1,0.6177,получает от 2 / отправляет 1 узлам; проход 1.06; FIFO 0–2 дня 0%; порядок внутри дня неизвестен
100000001609499100,coordinator,0.96,0,0.8157,достижим из 7 seed; вход от 3 и выход к 2 узлам
100000001611488100,terminal,0.72,10,0.686,получает от 2 узлов; в выборке исходящих связей нет
100000001616816100,peripheral,0.42,41,0.8607,"in=5, out=3; критерии основных ролей не достигнуты; seed: входящие потоки неполны"
100000001632325100,terminal,0.72,22,0.3387,получает от 1 узлов; в выборке исходящих связей нет
100000001633685100,terminal,0.72,0,0.5606,получает от 3 узлов; в выборке исходящих связей нет
100000001637376100,transit,0.6289,10,0.6235,получает от 1 / отправляет 1 узлам; проход 2.01; FIFO 0–2 дня 50%; порядок внутри дня неизвестен
100000001639766100,terminal,0.72,41,0.377,получает от 1 узлов; в выборке исходящих связей нет
100000001641789100,terminal,0.72,41,0.53,получает от 1 узлов; в выборке исходящих связей нет
100000001641951100,terminal,0.72,2,0.4371,получает от 1 узлов; в выборке исходящих связей нет
100000001648936100,terminal,0.72,41,0.3994,получает от 1 узлов; в выборке исходящих связей нет
100000001650895100,peripheral,0.42,18,0.6136,"in=1, out=1; критерии основных ролей не достигнуты"
100000001660397100,coordinator,0.94,0,0.7602,достижим из 7 seed; вход от 2 и выход к 3 узлам
100000001669260100,peripheral,0.48,35,0.2961,граница обхода depth=4; отсутствие исходящих не доказывает удержание
100000001674850100,terminal,0.72,4,0.5687,получает от 2 узлов; в выборке исходящих связей нет
100000001677389100,peripheral,0.42,28,0.5292,"in=1, out=1; критерии основных ролей не достигнуты"
100000001677929100,consolidator,0.68,1,0.6646,"получает от 3 узлов; дальше переводит 286,098 ₸"
100000001680944100,terminal,0.72,46,0.5104,получает от 1 узлов; в выборке исходящих связей нет
100000001684867100,terminal,0.72,16,0.4315,получает от 1 узлов; в выборке исходящих связей нет
100000001686328100,terminal,0.72,4,0.4853,получает от 1 узлов; в выборке исходящих связей нет
100000001688676100,terminal,0.72,43,0.4822,получает от 1 узлов; в выборке исходящих связей нет
100000001689968100,terminal,0.72,10,0.6437,получает от 3 узлов; в выборке исходящих связей нет
100000001690439100,terminal,0.72,10,0.5194,получает от 1 узлов; в выборке исходящих связей нет
100000001690558100,terminal,0.72,43,0.5293,получает от 1 узлов; в выборке исходящих связей нет
100000001696818100,terminal,0.72,2,0.4127,получает от 1 узлов; в выборке исходящих связей нет
100000001697501100,consolidator,0.72,22,0.7257,"получает от 3 узлов; дальше переводит 1,482,606 ₸"
100000001703168100,transit,0.63,2,0.5904,получает от 1 / отправляет 1 узлам; проход 2.00; FIFO 0–2 дня 50%; порядок внутри дня неизвестен
100000001714173100,terminal,0.72,46,0.5285,получает от 1 узлов; в выборке исходящих связей нет
100000001714413100,terminal,0.72,10,0.4972,получает от 1 узлов; в выборке исходящих связей нет
100000001714883100,peripheral,0.48,47,0.2426,граница обхода depth=4; отсутствие исходящих не доказывает удержание
100000001716579100,terminal,0.72,22,0.2983,получает от 1 узлов; в выборке исходящих связей нет
100000001724740100,peripheral,0.48,4,0.3495,граница обхода depth=4; отсутствие исходящих не доказывает удержание
100000001726614100,terminal,0.72,0,0.5009,получает от 1 узлов; в выборке исходящих связей нет
100000001732159100,peripheral,0.42,51,0.8249,"in=2, out=4; критерии основных ролей не достигнуты; seed: входящие потоки неполны"
100000001733216100,peripheral,0.48,0,0.3006,граница обхода depth=4; отсутствие исходящих не доказывает удержание
100000001733687100,terminal,0.72,4,0.4848,получает от 1 узлов; в выборке исходящих связей нет
100000001737722100,terminal,0.72,2,0.425,получает от 1 узлов; в выборке исходящих связей нет
100000001740277100,transit,0.8664,1,0.5014,получает от 1 / отправляет 1 узлам; проход 0.57; FIFO 0–2 дня 100%; порядок внутри дня неизвестен
100000001745217100,terminal,0.72,0,0.4697,получает от 1 узлов; в выборке исходящих связей нет
100000001746925100,peripheral,0.42,2,0.6742,"in=1, out=1; критерии основных ролей не достигнуты"
100000001782980100,peripheral,0.42,27,0.5135,"in=1, out=1; критерии основных ролей не достигнуты"
100000001784279100,terminal,0.72,0,0.4585,получает от 1 узлов; в выборке исходящих связей нет
100000001785161100,terminal,0.72,33,0.5606,получает от 2 узлов; в выборке исходящих связей нет
100000001788284100,distributor,0.68,13,0.6048,"переводит 5 получателям; исходящий оборот 296,700 ₸"
100000001805543100,terminal,0.72,16,0.4508,получает от 1 узлов; в выборке исходящих связей нет
100000001808684100,transit,0.8664,41,0.5496,получает от 1 / отправляет 1 узлам; проход 0.78; FIFO 0–2 дня 80%; порядок внутри дня неизвестен
100000001816678100,peripheral,0.48,2,0.3525,граница обхода depth=4; отсутствие исходящих не доказывает удержание
100000001818442100,terminal,0.72,18,0.42,получает от 1 узлов; в выборке исходящих связей нет
100000001819396100,terminal,0.72,14,0.4045,получает от 1 узлов; в выборке исходящих связей нет
100000001822623100,terminal,0.72,29,0.503,получает от 1 узлов; в выборке исходящих связей нет
100000001822650100,peripheral,0.48,4,0.353,граница обхода depth=4; отсутствие исходящих не доказывает удержание
100000001825934100,peripheral,0.42,26,0.5029,"in=1, out=1; критерии основных ролей не достигнуты"
100000001831496100,peripheral,0.42,11,0.5912,"in=1, out=1; критерии основных ролей не достигнуты"
100000001835625100,terminal,0.72,10,0.4619,получает от 1 узлов; в выборке исходящих связей нет
100000001837130100,terminal,0.72,0,0.5088,получает от 1 узлов; в выборке исходящих связей нет
100000001845505100,peripheral,0.48,8,0.3059,граница обхода depth=4; отсутствие исходящих не доказывает удержание
100000001848426100,terminal,0.72,41,0.4009,получает от 1 узлов; в выборке исходящих связей нет
100000001851289100,terminal,0.72,16,0.4711,получает от 1 узлов; в выборке исходящих связей нет
100000001852140100,terminal,0.72,52,0.3715,получает от 1 узлов; в выборке исходящих связей нет
100000001853812100,terminal,0.72,8,0.4862,получает от 1 узлов; в выборке исходящих связей нет
100000001857829100,coordinator,0.96,8,0.9068,достижим из 7 seed; вход от 6 и выход к 16 узлам
100000001860090100,terminal,0.72,41,0.3333,получает от 1 узлов; в выборке исходящих связей нет
100000001870116100,terminal,0.72,22,0.3167,получает от 1 узлов; в выборке исходящих связей нет
100000001872484100,peripheral,0.42,39,0.599,"in=1, out=3; критерии основных ролей не достигнуты"
100000001875167100,terminal,0.72,10,0.5406,получает от 1 узлов; в выборке исходящих связей нет
100000001875239100,terminal,0.72,4,0.6295,получает от 3 узлов; в выборке исходящих связей нет
100000001884825100,terminal,0.72,4,0.6081,получает от 3 узлов; в выборке исходящих связей нет
100000001887715100,consolidator,0.64,46,0.8296,"получает от 3 узлов; дальше переводит 750,000 ₸"
100000001893287100,peripheral,0.42,41,0.5312,"in=1, out=1; критерии основных ролей не достигнуты"
100000001899164100,coordinator,0.96,7,0.8803,достижим из 8 seed; вход от 4 и выход к 3 узлам
100000001904863100,terminal,0.72,40,0.52,получает от 1 узлов; в выборке исходящих связей нет
100000001924185100,terminal,0.72,11,0.651,получает от 2 узлов; в выборке исходящих связей нет
100000001927599100,terminal,0.72,18,0.5788,получает от 2 узлов; в выборке исходящих связей нет
100000001929088100,terminal,0.72,1,0.534,получает от 2 узлов; в выборке исходящих связей нет
100000001934935100,terminal,0.72,0,0.4793,получает от 1 узлов; в выборке исходящих связей нет
100000001937767100,peripheral,0.42,40,0.7535,"in=1, out=4; критерии основных ролей не достигнуты"
100000001952325100,terminal,0.72,22,0.3564,получает от 1 узлов; в выборке исходящих связей нет
100000001953577100,terminal,0.72,22,0.3027,получает от 1 узлов; в выборке исходящих связей нет
100000001954534100,peripheral,0.42,0,0.6497,"in=1, out=1; критерии основных ролей не достигнуты"
100000001954903100,terminal,0.72,11,0.3951,получает от 1 узлов; в выборке исходящих связей нет
100000001957974100,peripheral,0.48,40,0.3278,граница обхода depth=4; отсутствие исходящих не доказывает удержание
100000001960517100,terminal,0.72,41,0.4365,получает от 1 узлов; в выборке исходящих связей нет
100000001961048100,terminal,0.72,33,0.4372,получает от 1 узлов; в выборке исходящих связей нет
100000001965374100,peripheral,0.42,21,0.7116,"in=2, out=3; критерии основных ролей не достигнуты"
100000001969496100,terminal,0.72,40,0.4117,получает от 1 узлов; в выборке исходящих связей нет
100000001985793100,terminal,0.72,41,0.4217,получает от 1 узлов; в выборке исходящих связей нет
100000001987030100,peripheral,0.42,3,0.6953,"in=2, out=1; критерии основных ролей не достигнуты"
100000001991973100,peripheral,0.48,47,0.2676,граница обхода depth=4; отсутствие исходящих не доказывает удержание
100000002015633100,terminal,0.72,10,0.4677,получает от 1 узлов; в выборке исходящих связей нет
100000002028158100,terminal,0.72,3,0.4387,получает от 1 узлов; в выборке исходящих связей нет
100000002032323100,peripheral,0.42,4,0.6274,"in=1, out=1; критерии основных ролей не достигнуты"
100000002087788100,terminal,0.72,10,0.4294,получает от 1 узлов; в выборке исходящих связей нет
100000002095257100,terminal,0.72,7,0.5066,получает от 1 узлов; в выборке исходящих связей нет
100000002103448100,terminal,0.72,22,0.3043,получает от 1 узлов; в выборке исходящих связей нет
100000002109656100,terminal,0.72,24,0.4165,получает от 1 узлов; в выборке исходящих связей нет
100000002116705100,terminal,0.72,22,0.2899,получает от 1 узлов; в выборке исходящих связей нет
100000002119762100,peripheral,0.48,10,0.306,граница обхода depth=4; отсутствие исходящих не доказывает удержание
100000002121357100,peripheral,0.42,4,0.72,"in=2, out=1; критерии основных ролей не достигнуты"
100000002126791100,peripheral,0.48,4,0.3692,граница обхода depth=4; отсутствие исходящих не доказывает удержание
100000002130400100,peripheral,0.48,26,0.2429,граница обхода depth=4; отсутствие исходящих не доказывает удержание
100000002132479100,peripheral,0.42,40,0.6207,"in=1, out=1; критерии основных ролей не достигнуты"
100000002152857100,distributor,0.68,41,0.6077,"переводит 5 получателям; исходящий оборот 1,230,000 ₸"
100000002156381100,peripheral,0.42,53,0.6974,"in=2, out=1; критерии основных ролей не достигнуты"
100000002158488100,terminal,0.72,22,0.326,получает от 1 узлов; в выборке исходящих связей нет
100000002170580100,terminal,0.72,11,0.4484,получает от 1 узлов; в выборке исходящих связей нет
100000002173070100,terminal,0.72,16,0.4194,получает от 1 узлов; в выборке исходящих связей нет
100000002173161100,terminal,0.72,16,0.6841,получает от 3 узлов; в выборке исходящих связей нет
100000002175422100,coordinator,0.96,36,0.7477,достижим из 7 seed; вход от 3 и выход к 6 узлам
100000002182176100,terminal,0.72,0,0.475,получает от 1 узлов; в выборке исходящих связей нет
100000002184107100,terminal,0.72,38,0.3362,получает от 1 узлов; в выборке исходящих связей нет
100000002185328100,peripheral,0.42,32,0.5577,"in=1, out=4; критерии основных ролей не достигнуты"
100000002188586100,peripheral,0.48,18,0.3139,граница обхода depth=4; отсутствие исходящих не доказывает удержание
100000002188829100,terminal,0.72,2,0.6001,получает от 1 узлов; в выборке исходящих связей нет
100000002193259100,coordinator,0.94,7,0.7451,достижим из 8 seed; вход от 2 и выход к 3 узлам
100000002194320100,peripheral,0.48,45,0.3216,граница обхода depth=4; отсутствие исходящих не доказывает удержание
100000002194329100,terminal,0.72,0,0.4377,получает от 1 узлов; в выборке исходящих связей нет
100000002199091100,terminal,0.72,22,0.3427,получает от 1 узлов; в выборке исходящих связей нет
100000002205022100,peripheral,0.42,31,0.6357,"in=1, out=3; критерии основных ролей не достигнуты"
100000002208836100,peripheral,0.48,10,0.2977,граница обхода depth=4; отсутствие исходящих не доказывает удержание
100000002211413100,terminal,0.72,22,0.331,получает от 1 узлов; в выборке исходящих связей нет
100000002212494100,terminal,0.72,36,0.4936,получает от 1 узлов; в выборке исходящих связей нет
100000002214207100,peripheral,0.48,26,0.2863,граница обхода depth=4; отсутствие исходящих не доказывает удержание
100000002214301100,peripheral,0.42,0,0.6061,"in=1, out=1; критерии основных ролей не достигнуты"
100000002214383100,peripheral,0.48,22,0.2791,граница обхода depth=4; отсутствие исходящих не доказывает удержание
100000002214570100,terminal,0.72,22,0.3201,получает от 1 узлов; в выборке исходящих связей нет
100000002214664100,peripheral,0.42,22,0.4211,"in=1, out=1; критерии основных ролей не достигнуты"
100000002216999100,terminal,0.72,22,0.2991,получает от 1 узлов; в выборке исходящих связей нет
100000002217161100,coordinator,0.94,38,0.8174,достижим из 7 seed; вход от 2 и выход к 7 узлам
100000002217806100,peripheral,0.48,19,0.3046,граница обхода depth=4; отсутствие исходящих не доказывает удержание
100000002224132100,coordinator,0.96,21,0.7607,достижим из 2 seed; вход от 5 и выход к 4 узлам
100000002227960100,peripheral,0.48,32,0.2689,граница обхода depth=4; отсутствие исходящих не доказывает удержание
100000002227989100,peripheral,0.48,32,0.2987,граница обхода depth=4; отсутствие исходящих не доказывает удержание
100000002229615100,peripheral,0.48,32,0.3116,граница обхода depth=4; отсутствие исходящих не доказывает удержание
100000002231144100,peripheral,0.48,32,0.2941,граница обхода depth=4; отсутствие исходящих не доказывает удержание
100000002232266100,terminal,0.72,8,0.4698,получает от 1 узлов; в выборке исходящих связей нет
100000002236528100,terminal,0.72,1,0.4709,получает от 1 узлов; в выборке исходящих связей нет
100000002241986100,distributor,0.72,30,0.6934,"переводит 6 получателям; исходящий оборот 3,077,000 ₸"
100000002242066100,peripheral,0.48,38,0.3063,граница обхода depth=4; отсутствие исходящих не доказывает удержание
100000002242455100,peripheral,0.48,10,0.3116,граница обхода depth=4; отсутствие исходящих не доказывает удержание
100000002243354100,terminal,0.72,22,0.312,получает от 1 узлов; в выборке исходящих связей нет
100000002255058100,terminal,0.72,2,0.4661,получает от 1 узлов; в выборке исходящих связей нет
100000002257794100,terminal,0.72,34,0.3911,получает от 1 узлов; в выборке исходящих связей нет
100000002258492100,peripheral,0.48,49,0.3234,граница обхода depth=4; отсутствие исходящих не доказывает удержание
100000002267998100,coordinator,0.94,29,0.8212,достижим из 7 seed; вход от 2 и выход к 3 узлам
100000002284426100,terminal,0.72,10,0.4662,получает от 1 узлов; в выборке исходящих связей нет
100000002289937100,terminal,0.72,22,0.3109,получает от 1 узлов; в выборке исходящих связей нет
100000002293421100,coordinator,0.94,0,0.7859,достижим из 7 seed; вход от 2 и выход к 2 узлам
100000002299948100,terminal,0.72,42,0.3718,получает от 1 узлов; в выборке исходящих связей нет
100000002301828100,terminal,0.72,28,0.454,получает от 1 узлов; в выборке исходящих связей нет
100000002304943100,peripheral,0.48,32,0.278,граница обхода depth=4; отсутствие исходящих не доказывает удержание
100000002305007100,terminal,0.72,22,0.3266,получает от 1 узлов; в выборке исходящих связей нет
100000002305477100,peripheral,0.48,32,0.2844,граница обхода depth=4; отсутствие исходящих не доказывает удержание
100000002306369100,distributor,0.72,2,0.7057,"переводит 6 получателям; исходящий оборот 260,900 ₸"
100000002308091100,terminal,0.72,24,0.3816,получает от 1 узлов; в выборке исходящих связей нет
100000002320495100,peripheral,0.48,28,0.2975,граница обхода depth=4; отсутствие исходящих не доказывает удержание
100000002324543100,terminal,0.72,4,0.3568,получает от 1 узлов; в выборке исходящих связей нет
100000002335358100,terminal,0.72,16,0.4383,получает от 1 узлов; в выборке исходящих связей нет
100000002340562100,terminal,0.72,1,0.3533,получает от 1 узлов; в выборке исходящих связей нет
100000002343825100,coordinator,0.96,4,0.7721,достижим из 8 seed; вход от 3 и выход к 2 узлам
100000002346166100,terminal,0.72,22,0.2767,получает от 1 узлов; в выборке исходящих связей нет
100000002356167100,peripheral,0.42,10,0.6588,"in=1, out=2; критерии основных ролей не достигнуты"
100000002369443100,terminal,0.72,22,0.3227,получает от 1 узлов; в выборке исходящих связей нет
100000002369454100,peripheral,0.48,8,0.2939,граница обхода depth=4; отсутствие исходящих не доказывает удержание
100000002369510100,terminal,0.72,22,0.3137,получает от 1 узлов; в выборке исходящих связей нет
100000002369874100,terminal,0.72,4,0.6381,получает от 4 узлов; в выборке исходящих связей нет
100000002371751100,transit,0.8346,37,0.5199,получает от 1 / отправляет 1 узлам; проход 1.25; FIFO 0–2 дня 68%; порядок внутри дня неизвестен
100000002371892100,peripheral,0.48,54,0.2825,граница обхода depth=4; отсутствие исходящих не доказывает удержание
100000002373144100,peripheral,0.42,0,0.6014,"in=1, out=1; критерии основных ролей не достигнуты"
100000002373386100,terminal,0.72,22,0.2995,получает от 1 узлов; в выборке исходящих связей нет
100000002380341100,terminal,0.72,0,0.4892,получает от 1 узлов; в выборке исходящих связей нет
100000002391278100,transit,0.657,41,0.5344,получает от 1 / отправляет 1 узлам; проход 1.76; FIFO 0–2 дня 38%; порядок внутри дня неизвестен
100000002394199100,transit,0.8009,1,0.5559,получает от 1 / отправляет 1 узлам; проход 0.28; FIFO 0–2 дня 100%; порядок внутри дня неизвестен
100000002398779100,consolidator,0.89,0,0.876,"получает от 13 узлов; дальше переводит 66,000 ₸"
100000002404112100,peripheral,0.48,14,0.3259,граница обхода depth=4; отсутствие исходящих не доказывает удержание
100000002432143100,terminal,0.72,2,0.5557,получает от 1 узлов; в выборке исходящих связей нет
100000002433697100,transit,0.92,10,0.6231,получает от 1 / отправляет 1 узлам; проход 0.85; FIFO 0–2 дня 100%; порядок внутри дня неизвестен
100000002435265100,terminal,0.72,0,0.483,получает от 1 узлов; в выборке исходящих связей нет
100000002443664100,terminal,0.72,24,0.608,получает от 3 узлов; в выборке исходящих связей нет
100000002445750100,peripheral,0.42,0,0.5443,"in=1, out=1; критерии основных ролей не достигнуты"
100000002448088100,consolidator,0.64,32,0.6437,"получает от 3 узлов; дальше переводит 25,000 ₸"
100000002454724100,terminal,0.72,33,0.4314,получает от 1 узлов; в выборке исходящих связей нет
100000002457464100,terminal,0.72,2,0.428,получает от 1 узлов; в выборке исходящих связей нет
100000002459093100,peripheral,0.42,41,0.5669,"in=1, out=1; критерии основных ролей не достигнуты"
100000002459163100,terminal,0.72,39,0.3621,получает от 1 узлов; в выборке исходящих связей нет
100000002459164100,terminal,0.72,0,0.4009,получает от 1 узлов; в выборке исходящих связей нет
100000002459240100,terminal,0.72,10,0.4813,получает от 1 узлов; в выборке исходящих связей нет
100000002459832100,terminal,0.72,35,0.6301,получает от 2 узлов; в выборке исходящих связей нет
100000002462183100,terminal,0.72,55,0.3557,получает от 1 узлов; в выборке исходящих связей нет
100000002469065100,terminal,0.72,16,0.4829,получает от 1 узлов; в выборке исходящих связей нет
100000002472632100,peripheral,0.42,13,0.7313,"in=2, out=1; критерии основных ролей не достигнуты"
100000002474570100,peripheral,0.48,47,0.2419,граница обхода depth=4; отсутствие исходящих не доказывает удержание
100000002475601100,terminal,0.72,35,0.4387,получает от 1 узлов; в выборке исходящих связей нет
100000002478829100,peripheral,0.48,32,0.298,граница обхода depth=4; отсутствие исходящих не доказывает удержание
100000002479804100,transit,0.8322,2,0.5731,получает от 1 / отправляет 2 узлам; проход 0.77; FIFO 0–2 дня 65%; порядок внутри дня неизвестен
100000002480800100,terminal,0.72,2,0.7174,получает от 2 узлов; в выборке исходящих связей нет
100000002481735100,terminal,0.72,16,0.4716,получает от 1 узлов; в выборке исходящих связей нет
100000002481974100,coordinator,0.94,8,0.7629,достижим из 7 seed; вход от 2 и выход к 2 узлам
100000002487222100,peripheral,0.48,10,0.2876,граница обхода depth=4; отсутствие исходящих не доказывает удержание
100000002488629100,terminal,0.72,41,0.3901,получает от 1 узлов; в выборке исходящих связей нет
100000002489253100,terminal,0.72,16,0.4086,получает от 1 узлов; в выборке исходящих связей нет
100000002492277100,terminal,0.72,2,0.4825,получает от 1 узлов; в выборке исходящих связей нет
100000002505277100,peripheral,0.48,0,0.3006,граница обхода depth=4; отсутствие исходящих не доказывает удержание
100000002506987100,peripheral,0.48,18,0.3062,граница обхода depth=4; отсутствие исходящих не доказывает удержание
100000002508637100,peripheral,0.42,35,0.5799,"in=1, out=1; критерии основных ролей не достигнуты"
100000002509598100,terminal,0.72,24,0.4011,получает от 1 узлов; в выборке исходящих связей нет
100000002511581100,terminal,0.72,22,0.2899,получает от 1 узлов; в выборке исходящих связей нет
100000002511825100,terminal,0.72,0,0.4914,получает от 1 узлов; в выборке исходящих связей нет
100000002512742100,peripheral,0.48,47,0.2395,граница обхода depth=4; отсутствие исходящих не доказывает удержание
100000002513028100,peripheral,0.42,56,0.6547,"in=1, out=3; критерии основных ролей не достигнуты"
100000002514975100,peripheral,0.48,14,0.2964,граница обхода depth=4; отсутствие исходящих не доказывает удержание
100000002516862100,peripheral,0.48,56,0.2998,граница обхода depth=4; отсутствие исходящих не доказывает удержание
100000002521039100,terminal,0.72,0,0.5147,получает от 1 узлов; в выборке исходящих связей нет
100000002527114100,distributor,0.94,22,0.6979,"переводит 111 получателям; исходящий оборот 3,289,249 ₸; seed: входящие потоки неполны"
100000002528544100,terminal,0.72,35,0.4311,получает от 1 узлов; в выборке исходящих связей нет
100000002528978100,peripheral,0.48,18,0.2931,граница обхода depth=4; отсутствие исходящих не доказывает удержание
100000002529877100,peripheral,0.48,24,0.356,граница обхода depth=4; отсутствие исходящих не доказывает удержание
100000002529880100,terminal,0.72,4,0.5739,получает от 2 узлов; в выборке исходящих связей нет
100000002530224100,terminal,0.72,4,0.4681,получает от 1 узлов; в выборке исходящих связей нет
100000002531406100,transit,0.7315,35,0.6207,получает от 1 / отправляет 1 узлам; проход 0.96; FIFO 0–2 дня 0%; порядок внутри дня неизвестен
100000002534091100,terminal,0.72,8,0.4436,получает от 1 узлов; в выборке исходящих связей нет
100000002537811100,peripheral,0.42,11,0.6215,"in=1, out=1; критерии основных ролей не достигнуты"
100000002539625100,terminal,0.72,4,0.5215,получает от 1 узлов; в выборке исходящих связей нет
100000002540033100,peripheral,0.48,46,0.3363,граница обхода depth=4; отсутствие исходящих не доказывает удержание
100000002540623100,terminal,0.72,11,0.4376,получает от 1 узлов; в выборке исходящих связей нет
100000002546921100,terminal,0.72,40,0.4076,получает от 1 узлов; в выборке исходящих связей нет
100000002547110100,terminal,0.72,4,0.6688,получает от 6 узлов; в выборке исходящих связей нет
100000002548759100,terminal,0.72,4,0.591,получает от 2 узлов; в выборке исходящих связей нет
100000002550141100,terminal,0.72,8,0.4949,получает от 1 узлов; в выборке исходящих связей нет
100000002554175100,terminal,0.72,18,0.4016,получает от 1 узлов; в выборке исходящих связей нет
100000002556775100,terminal,0.72,10,0.5026,получает от 1 узлов; в выборке исходящих связей нет
100000002558173100,terminal,0.72,42,0.3817,получает от 1 узлов; в выборке исходящих связей нет
100000002559089100,terminal,0.72,24,0.6311,получает от 2 узлов; в выборке исходящих связей нет
100000002565277100,terminal,0.72,2,0.6043,получает от 1 узлов; в выборке исходящих связей нет
100000002566204100,terminal,0.72,11,0.4324,получает от 1 узлов; в выборке исходящих связей нет
100000002567887100,terminal,0.72,10,0.4575,получает от 1 узлов; в выборке исходящих связей нет
100000002570206100,terminal,0.72,28,0.5904,получает от 2 узлов; в выборке исходящих связей нет
100000002575080100,transit,0.92,3,0.5466,получает от 1 / отправляет 1 узлам; проход 0.96; FIFO 0–2 дня 100%; порядок внутри дня неизвестен
100000002578405100,distributor,0.94,22,0.6903,"переводит 116 получателям; исходящий оборот 3,108,352 ₸"
100000002578653100,terminal,0.72,57,0.3692,получает от 1 узлов; в выборке исходящих связей нет
100000002580377100,peripheral,0.42,16,0.5675,"in=1, out=1; критерии основных ролей не достигнуты"
100000002581346100,terminal,0.72,10,0.4845,получает от 1 узлов; в выборке исходящих связей нет
100000002589019100,terminal,0.72,7,0.3538,получает от 1 узлов; в выборке исходящих связей нет
100000002591469100,terminal,0.72,1,0.4079,получает от 1 узлов; в выборке исходящих связей нет
100000002592567100,peripheral,0.42,16,0.5891,"in=1, out=2; критерии основных ролей не достигнуты"
100000002593038100,terminal,0.72,7,0.4622,получает от 1 узлов; в выборке исходящих связей нет
100000002593344100,terminal,0.72,4,0.5964,получает от 2 узлов; в выборке исходящих связей нет
100000002594214100,peripheral,0.48,30,0.3257,граница обхода depth=4; отсутствие исходящих не доказывает удержание
100000002596035100,terminal,0.72,11,0.5589,получает от 1 узлов; в выборке исходящих связей нет
100000002596039100,peripheral,0.48,8,0.365,граница обхода depth=4; отсутствие исходящих не доказывает удержание
100000002597003100,peripheral,0.42,0,0.5801,"in=1, out=1; критерии основных ролей не достигнуты"
100000002597074100,peripheral,0.48,0,0.2683,граница обхода depth=4; отсутствие исходящих не доказывает удержание
100000002597623100,terminal,0.72,0,0.4326,получает от 1 узлов; в выборке исходящих связей нет
100000002599729100,peripheral,0.48,0,0.303,граница обхода depth=4; отсутствие исходящих не доказывает удержание
100000002600345100,terminal,0.72,16,0.5436,получает от 2 узлов; в выборке исходящих связей нет
100000002603371100,terminal,0.72,0,0.4317,получает от 1 узлов; в выборке исходящих связей нет
100000002603478100,terminal,0.72,7,0.3422,получает от 1 узлов; в выборке исходящих связей нет
100000002603769100,terminal,0.72,0,0.674,получает от 3 узлов; в выборке исходящих связей нет
100000002605184100,terminal,0.72,3,0.4109,получает от 1 узлов; в выборке исходящих связей нет
100000002605308100,terminal,0.72,40,0.6527,получает от 3 узлов; в выборке исходящих связей нет
100000002605548100,terminal,0.72,11,0.6406,получает от 2 узлов; в выборке исходящих связей нет
100000002606567100,peripheral,0.42,0,0.58,"in=1, out=1; критерии основных ролей не достигнуты"
100000002609774100,peripheral,0.42,18,0.5731,"in=1, out=1; критерии основных ролей не достигнуты"
100000002611334100,peripheral,0.42,0,0.6193,"in=1, out=1; критерии основных ролей не достигнуты"
100000002612809100,peripheral,0.42,26,0.5265,"in=1, out=3; критерии основных ролей не достигнуты"
100000002613776100,terminal,0.72,2,0.4635,получает от 1 узлов; в выборке исходящих связей нет
100000002613929100,terminal,0.72,4,0.4534,получает от 1 узлов; в выборке исходящих связей нет
100000002614095100,terminal,0.72,22,0.2757,получает от 1 узлов; в выборке исходящих связей нет
100000002615479100,terminal,0.72,4,0.4214,получает от 1 узлов; в выборке исходящих связей нет
100000002618492100,terminal,0.72,11,0.656,получает от 2 узлов; в выборке исходящих связей нет
100000002621434100,terminal,0.72,4,0.4578,получает от 1 узлов; в выборке исходящих связей нет
100000002621915100,terminal,0.72,16,0.39,получает от 1 узлов; в выборке исходящих связей нет
100000002621949100,terminal,0.72,2,0.5774,получает от 1 узлов; в выборке исходящих связей нет
100000002622822100,peripheral,0.48,46,0.3768,граница обхода depth=4; отсутствие исходящих не доказывает удержание
100000002628146100,terminal,0.72,42,0.4175,получает от 1 узлов; в выборке исходящих связей нет
100000002628576100,coordinator,0.94,10,0.7853,достижим из 7 seed; вход от 2 и выход к 2 узлам
100000002632742100,terminal,0.72,4,0.5849,получает от 2 узлов; в выборке исходящих связей нет
100000002633108100,terminal,0.72,40,0.4958,получает от 1 узлов; в выборке исходящих связей нет
100000002633701100,terminal,0.72,4,0.3956,получает от 1 узлов; в выборке исходящих связей нет
100000002635746100,peripheral,0.48,47,0.2371,граница обхода depth=4; отсутствие исходящих не доказывает удержание
100000002635780100,terminal,0.72,1,0.4699,получает от 1 узлов; в выборке исходящих связей нет
100000002644285100,terminal,0.72,24,0.4165,получает от 1 узлов; в выборке исходящих связей нет
100000002645046100,peripheral,0.48,47,0.2543,граница обхода depth=4; отсутствие исходящих не доказывает удержание
100000002645609100,terminal,0.72,0,0.649,получает от 4 узлов; в выборке исходящих связей нет
100000002645993100,coordinator,0.94,0,0.7594,достижим из 7 seed; вход от 2 и выход к 5 узлам
100000002646745100,terminal,0.72,22,0.2821,получает от 1 узлов; в выборке исходящих связей нет
100000002646887100,terminal,0.72,4,0.3995,получает от 1 узлов; в выборке исходящих связей нет
100000002648315100,peripheral,0.42,1,0.5497,"in=1, out=2; критерии основных ролей не достигнуты"
100000002653187100,peripheral,0.48,7,0.329,граница обхода depth=4; отсутствие исходящих не доказывает удержание
100000002653948100,terminal,0.72,10,0.4652,получает от 1 узлов; в выборке исходящих связей нет
100000002659103100,peripheral,0.48,50,0.344,граница обхода depth=4; отсутствие исходящих не доказывает удержание
100000002659265100,peripheral,0.48,4,0.3532,граница обхода depth=4; отсутствие исходящих не доказывает удержание
100000002660298100,peripheral,0.48,18,0.3085,граница обхода depth=4; отсутствие исходящих не доказывает удержание
100000002662768100,terminal,0.72,2,0.4277,получает от 1 узлов; в выборке исходящих связей нет
100000002663511100,terminal,0.72,0,0.522,получает от 1 узлов; в выборке исходящих связей нет
100000002666248100,terminal,0.72,2,0.5469,получает от 1 узлов; в выборке исходящих связей нет
100000002670463100,peripheral,0.48,47,0.2777,граница обхода depth=4; отсутствие исходящих не доказывает удержание
100000002670860100,terminal,0.72,24,0.5213,получает от 2 узлов; в выборке исходящих связей нет
100000002670960100,terminal,0.72,24,0.4149,получает от 1 узлов; в выборке исходящих связей нет
100000002671326100,peripheral,0.48,4,0.3388,граница обхода depth=4; отсутствие исходящих не доказывает удержание
100000002671806100,terminal,0.72,7,0.3276,получает от 1 узлов; в выборке исходящих связей нет
100000002677201100,peripheral,0.42,4,0.6406,"in=1, out=1; критерии основных ролей не достигнуты"
100000002679516100,terminal,0.72,7,0.6498,получает от 3 узлов; в выборке исходящих связей нет
100000002680477100,terminal,0.72,24,0.3457,получает от 1 узлов; в выборке исходящих связей нет
100000002681449100,coordinator,0.94,51,0.7592,достижим из 7 seed; вход от 2 и выход к 2 узлам
100000002681544100,terminal,0.72,1,0.5964,получает от 2 узлов; в выборке исходящих связей нет
100000002686226100,peripheral,0.48,28,0.3351,граница обхода depth=4; отсутствие исходящих не доказывает удержание
100000002689717100,peripheral,0.48,18,0.3201,граница обхода depth=4; отсутствие исходящих не доказывает удержание
100000002691583100,terminal,0.72,14,0.4161,получает от 1 узлов; в выборке исходящих связей нет
100000002691858100,terminal,0.72,42,0.4296,получает от 1 узлов; в выборке исходящих связей нет
100000002692044100,terminal,0.72,7,0.3877,получает от 1 узлов; в выборке исходящих связей нет
100000002692750100,consolidator,0.64,41,0.776,"получает от 3 узлов; дальше переводит 77,000 ₸"
100000002695812100,peripheral,0.48,18,0.3368,граница обхода depth=4; отсутствие исходящих не доказывает удержание
100000002696152100,peripheral,0.42,53,0.6252,"in=1, out=2; критерии основных ролей не достигнуты"
100000002697752100,terminal,0.72,8,0.6128,получает от 2 узлов; в выборке исходящих связей нет
100000002700161100,peripheral,0.48,48,0.3558,граница обхода depth=4; отсутствие исходящих не доказывает удержание
100000002702968100,peripheral,0.48,18,0.3093,граница обхода depth=4; отсутствие исходящих не доказывает удержание
100000002703376100,terminal,0.72,0,0.4339,получает от 1 узлов; в выборке исходящих связей нет
100000002704875100,terminal,0.72,8,0.6276,получает от 3 узлов; в выборке исходящих связей нет
100000002705460100,terminal,0.72,16,0.5147,получает от 1 узлов; в выборке исходящих связей нет
100000002706810100,peripheral,0.48,47,0.2857,граница обхода depth=4; отсутствие исходящих не доказывает удержание
100000002707106100,peripheral,0.48,40,0.2634,граница обхода depth=4; отсутствие исходящих не доказывает удержание
100000002708624100,terminal,0.72,13,0.4469,получает от 1 узлов; в выборке исходящих связей нет
100000002710570100,terminal,0.72,36,0.4275,получает от 1 узлов; в выборке исходящих связей нет
100000002712416100,terminal,0.72,24,0.5776,получает от 2 узлов; в выборке исходящих связей нет
100000002713074100,peripheral,0.42,28,0.782,"in=2, out=1; критерии основных ролей не достигнуты"
100000002713974100,peripheral,0.48,8,0.2931,граница обхода depth=4; отсутствие исходящих не доказывает удержание
100000002718366100,terminal,0.72,4,0.6944,получает от 6 узлов; в выборке исходящих связей нет
100000002720627100,terminal,0.72,11,0.5534,получает от 1 узлов; в выборке исходящих связей нет
100000002721825100,terminal,0.72,0,0.3936,получает от 1 узлов; в выборке исходящих связей нет
100000002722108100,terminal,0.72,24,0.4333,получает от 1 узлов; в выборке исходящих связей нет
100000002723439100,peripheral,0.48,53,0.3478,граница обхода depth=4; отсутствие исходящих не доказывает удержание
100000002723538100,coordinator,0.96,8,0.8335,достижим из 7 seed; вход от 3 и выход к 12 узлам
100000002723674100,peripheral,0.48,32,0.2928,граница обхода depth=4; отсутствие исходящих не доказывает удержание
100000002726055100,peripheral,0.48,32,0.2872,граница обхода depth=4; отсутствие исходящих не доказывает удержание
100000002727288100,terminal,0.72,3,0.3835,получает от 1 узлов; в выборке исходящих связей нет
100000002728246100,peripheral,0.48,10,0.297,граница обхода depth=4; отсутствие исходящих не доказывает удержание
100000002729875100,peripheral,0.48,18,0.3306,граница обхода depth=4; отсутствие исходящих не доказывает удержание
100000002731501100,consolidator,0.72,34,0.6744,"получает от 3 узлов; дальше переводит 833,960 ₸"
100000002733083100,peripheral,0.48,18,0.2919,граница обхода depth=4; отсутствие исходящих не доказывает удержание
100000002733905100,consolidator,0.68,22,0.6996,"получает от 3 узлов; дальше переводит 717,839 ₸"
100000002734815100,peripheral,0.48,4,0.3466,граница обхода depth=4; отсутствие исходящих не доказывает удержание
100000002736033100,peripheral,0.42,28,0.5688,"in=1, out=1; критерии основных ролей не достигнуты"
100000002736316100,terminal,0.72,0,0.6344,получает от 3 узлов; в выборке исходящих связей нет
100000002737980100,terminal,0.72,16,0.451,получает от 1 узлов; в выборке исходящих связей нет
100000002738256100,transit,0.8925,58,0.5423,получает от 1 / отправляет 1 узлам; проход 1.17; FIFO 0–2 дня 86%; порядок внутри дня неизвестен
100000002741024100,coordinator,0.96,0,0.8734,достижим из 7 seed; вход от 5 и выход к 6 узлам
100000002742067100,terminal,0.72,3,0.4051,получает от 1 узлов; в выборке исходящих связей нет
100000002744581100,terminal,0.72,1,0.3221,получает от 1 узлов; в выборке исходящих связей нет
100000002748040100,peripheral,0.48,18,0.2959,граница обхода depth=4; отсутствие исходящих не доказывает удержание
100000002748180100,distributor,0.8,24,0.525,"переводит 8 получателям; исходящий оборот 679,743 ₸"
100000002748511100,peripheral,0.48,16,0.3594,граница обхода depth=4; отсутствие исходящих не доказывает удержание
100000002748532100,coordinator,0.96,46,0.7967,достижим из 9 seed; вход от 3 и выход к 2 узлам
100000002748581100,terminal,0.72,40,0.4319,получает от 1 узлов; в выборке исходящих связей нет
100000002748761100,terminal,0.72,24,0.4331,получает от 1 узлов; в выборке исходящих связей нет
100000002750332100,terminal,0.72,4,0.3393,получает от 1 узлов; в выборке исходящих связей нет
100000002750956100,terminal,0.72,0,0.4793,получает от 1 узлов; в выборке исходящих связей нет
100000002752565100,peripheral,0.48,8,0.2954,граница обхода depth=4; отсутствие исходящих не доказывает удержание
100000002753146100,terminal,0.72,24,0.4336,получает от 1 узлов; в выборке исходящих связей нет
100000002755292100,terminal,0.72,10,0.4907,получает от 1 узлов; в выборке исходящих связей нет
100000002757240100,terminal,0.72,2,0.5432,получает от 1 узлов; в выборке исходящих связей нет
100000002757791100,terminal,0.72,41,0.3804,получает от 1 узлов; в выборке исходящих связей нет
100000002757797100,terminal,0.72,7,0.3886,получает от 1 узлов; в выборке исходящих связей нет
100000002760175100,terminal,0.72,11,0.5508,получает от 1 узлов; в выборке исходящих связей нет
100000002762076100,peripheral,0.42,1,0.6379,"in=2, out=1; критерии основных ролей не достигнуты"
100000002769809100,terminal,0.72,43,0.4085,получает от 1 узлов; в выборке исходящих связей нет
100000002773323100,peripheral,0.42,4,0.7276,"in=2, out=1; критерии основных ролей не достигнуты"
100000002774456100,terminal,0.72,11,0.5027,получает от 1 узлов; в выборке исходящих связей нет
100000002778085100,terminal,0.72,16,0.4549,получает от 1 узлов; в выборке исходящих связей нет
100000002779485100,terminal,0.72,8,0.4179,получает от 1 узлов; в выборке исходящих связей нет
100000002781227100,transit,0.7592,59,0.6709,получает от 2 / отправляет 3 узлам; проход 1.11; FIFO 0–2 дня 20%; порядок внутри дня неизвестен
100000002784085100,terminal,0.72,4,0.4184,получает от 1 узлов; в выборке исходящих связей нет
100000002791494100,peripheral,0.48,18,0.3337,граница обхода depth=4; отсутствие исходящих не доказывает удержание
100000002793851100,terminal,0.72,16,0.4143,получает от 1 узлов; в выборке исходящих связей нет
100000002793881100,terminal,0.72,4,0.6415,получает от 3 узлов; в выборке исходящих связей нет
100000002794197100,terminal,0.72,1,0.3495,получает от 1 узлов; в выборке исходящих связей нет
100000002794374100,peripheral,0.48,60,0.3385,граница обхода depth=4; отсутствие исходящих не доказывает удержание
100000002796853100,transit,0.7672,59,0.6042,получает от 1 / отправляет 1 узлам; проход 0.23; FIFO 0–2 дня 89%; порядок внутри дня неизвестен
100000002799941100,terminal,0.72,43,0.5233,получает от 1 узлов; в выборке исходящих связей нет
100000002807334100,terminal,0.72,10,0.4584,получает от 1 узлов; в выборке исходящих связей нет
100000002809568100,terminal,0.72,0,0.4318,получает от 1 узлов; в выборке исходящих связей нет
100000002809896100,terminal,0.72,18,0.4161,получает от 1 узлов; в выборке исходящих связей нет
100000002810870100,terminal,0.72,22,0.3278,получает от 1 узлов; в выборке исходящих связей нет
100000002812641100,transit,0.8945,4,0.6215,получает от 1 / отправляет 1 узлам; проход 0.70; FIFO 0–2 дня 100%; порядок внутри дня неизвестен
100000002815005100,terminal,0.72,4,0.5017,получает от 1 узлов; в выборке исходящих связей нет
100000002818726100,terminal,0.72,12,0.4244,получает от 1 узлов; в выборке исходящих связей нет
100000002820010100,terminal,0.72,41,0.3607,получает от 1 узлов; в выборке исходящих связей нет
100000002821425100,terminal,0.72,24,0.3967,получает от 1 узлов; в выборке исходящих связей нет
100000002822472100,terminal,0.72,24,0.5769,получает от 2 узлов; в выборке исходящих связей нет
100000002824176100,terminal,0.72,41,0.4285,получает от 1 узлов; в выборке исходящих связей нет
100000002826669100,terminal,0.72,0,0.5126,получает от 1 узлов; в выборке исходящих связей нет
100000002830055100,terminal,0.72,22,0.2985,получает от 1 узлов; в выборке исходящих связей нет
100000002831727100,peripheral,0.42,43,0.4687,"in=1, out=1; критерии основных ролей не достигнуты"
100000002832753100,peripheral,0.48,3,0.3093,граница обхода depth=4; отсутствие исходящих не доказывает удержание
100000002835874100,peripheral,0.48,4,0.332,граница обхода depth=4; отсутствие исходящих не доказывает удержание
100000002836052100,terminal,0.72,2,0.4218,получает от 1 узлов; в выборке исходящих связей нет
100000002836736100,terminal,0.72,41,0.5659,получает от 2 узлов; в выборке исходящих связей нет
100000002838519100,terminal,0.72,40,0.4354,получает от 1 узлов; в выборке исходящих связей нет
100000002838861100,consolidator,0.74,4,0.8298,"получает от 5 узлов; дальше переводит 10,000 ₸"
100000002842321100,terminal,0.72,10,0.4831,получает от 1 узлов; в выборке исходящих связей нет
100000002842337100,terminal,0.72,1,0.3538,получает от 1 узлов; в выборке исходящих связей нет
100000002844652100,terminal,0.72,1,0.364,получает от 1 узлов; в выборке исходящих связей нет
100000002844897100,terminal,0.72,4,0.3385,получает от 1 узлов; в выборке исходящих связей нет
100000002845605100,terminal,0.72,0,0.4872,получает от 1 узлов; в выборке исходящих связей нет
100000002847207100,terminal,0.72,2,0.5309,получает от 1 узлов; в выборке исходящих связей нет
100000002849158100,consolidator,0.64,4,0.788,"получает от 3 узлов; дальше переводит 1,313,000 ₸"
100000002852402100,terminal,0.72,3,0.3904,получает от 1 узлов; в выборке исходящих связей нет
100000002858835100,terminal,0.72,22,0.317,получает от 1 узлов; в выборке исходящих связей нет
100000002860934100,peripheral,0.48,15,0.3593,граница обхода depth=4; отсутствие исходящих не доказывает удержание
100000002861485100,terminal,0.72,16,0.4298,получает от 1 узлов; в выборке исходящих связей нет
100000002862113100,terminal,0.72,40,0.4359,получает от 1 узлов; в выборке исходящих связей нет
100000002863356100,peripheral,0.42,22,0.4683,"in=1, out=1; критерии основных ролей не достигнуты"
100000002864256100,terminal,0.72,2,0.57,получает от 1 узлов; в выборке исходящих связей нет
100000002864680100,terminal,0.72,7,0.3693,получает от 1 узлов; в выборке исходящих связей нет
100000002870463100,consolidator,0.64,41,0.7663,"получает от 3 узлов; дальше переводит 10,000 ₸"
100000002870937100,terminal,0.72,1,0.3731,получает от 1 узлов; в выборке исходящих связей нет
100000002871199100,terminal,0.72,40,0.4129,получает от 1 узлов; в выборке исходящих связей нет
100000002872399100,terminal,0.72,1,0.4631,получает от 1 узлов; в выборке исходящих связей нет
100000002876914100,peripheral,0.48,47,0.2543,граница обхода depth=4; отсутствие исходящих не доказывает удержание
100000002877262100,terminal,0.72,4,0.4571,получает от 1 узлов; в выборке исходящих связей нет
100000002878467100,terminal,0.72,4,0.5827,получает от 2 узлов; в выборке исходящих связей нет
100000002878483100,peripheral,0.48,47,0.2395,граница обхода depth=4; отсутствие исходящих не доказывает удержание
100000002881669100,terminal,0.72,7,0.3351,получает от 1 узлов; в выборке исходящих связей нет
100000002883402100,terminal,0.72,4,0.598,получает от 3 узлов; в выборке исходящих связей нет
100000002884708100,peripheral,0.48,4,0.3619,граница обхода depth=4; отсутствие исходящих не доказывает удержание
100000002886166100,terminal,0.72,34,0.354,получает от 1 узлов; в выборке исходящих связей нет
100000002890167100,terminal,0.72,16,0.473,получает от 1 узлов; в выборке исходящих связей нет
100000002891765100,terminal,0.72,40,0.4428,получает от 1 узлов; в выборке исходящих связей нет
100000002893020100,terminal,0.72,18,0.3917,получает от 1 узлов; в выборке исходящих связей нет
100000002894076100,terminal,0.72,1,0.688,получает от 4 узлов; в выборке исходящих связей нет
100000002896506100,peripheral,0.48,10,0.2869,граница обхода depth=4; отсутствие исходящих не доказывает удержание
100000002901457100,peripheral,0.42,0,0.7481,"in=1, out=3; критерии основных ролей не достигнуты"
100000002904919100,peripheral,0.42,0,0.6064,"in=1, out=1; критерии основных ролей не достигнуты"
100000002906470100,terminal,0.72,43,0.4815,получает от 1 узлов; в выборке исходящих связей нет
100000002908521100,terminal,0.72,22,0.3191,получает от 1 узлов; в выборке исходящих связей нет
100000002911170100,terminal,0.72,33,0.4594,получает от 1 узлов; в выборке исходящих связей нет
100000002913340100,terminal,0.72,22,0.2987,получает от 1 узлов; в выборке исходящих связей нет
100000002914245100,terminal,0.72,35,0.4211,получает от 1 узлов; в выборке исходящих связей нет
100000002916006100,peripheral,0.42,49,0.2713,"in=0, out=1; критерии основных ролей не достигнуты; seed: входящие потоки неполны"
100000002921047100,transit,0.8461,1,0.7512,получает от 2 / отправляет 1 узлам; проход 0.48; FIFO 0–2 дня 100%; порядок внутри дня неизвестен
100000002922000100,peripheral,0.48,50,0.3609,граница обхода depth=4; отсутствие исходящих не доказывает удержание
100000002926970100,terminal,0.72,18,0.4415,получает от 1 узлов; в выборке исходящих связей нет
100000002933386100,peripheral,0.42,2,0.5516,"in=1, out=1; критерии основных ролей не достигнуты"
100000002934441100,terminal,0.72,0,0.5791,получает от 2 узлов; в выборке исходящих связей нет
100000002936322100,terminal,0.72,35,0.6255,получает от 2 узлов; в выборке исходящих связей нет
100000002938501100,peripheral,0.42,16,0.5719,"in=1, out=1; критерии основных ролей не достигнуты"
100000002939838100,terminal,0.72,16,0.6963,получает от 3 узлов; в выборке исходящих связей нет
100000002941114100,transit,0.7657,11,0.828,получает от 2 / отправляет 1 узлам; проход 0.12; FIFO 0–2 дня 100%; порядок внутри дня неизвестен
100000002943472100,terminal,0.72,4,0.4738,получает от 1 узлов; в выборке исходящих связей нет
100000002945031100,terminal,0.72,12,0.4338,получает от 1 узлов; в выборке исходящих связей нет
100000002945626100,terminal,0.72,4,0.6292,получает от 3 узлов; в выборке исходящих связей нет
100000002947299100,terminal,0.72,2,0.5567,получает от 1 узлов; в выборке исходящих связей нет
100000002948492100,terminal,0.72,40,0.4139,получает от 1 узлов; в выборке исходящих связей нет
100000002951898100,terminal,0.72,40,0.4305,получает от 1 узлов; в выборке исходящих связей нет
100000002952631100,terminal,0.72,16,0.4437,получает от 1 узлов; в выборке исходящих связей нет
100000002952756100,terminal,0.72,24,0.4056,получает от 1 узлов; в выборке исходящих связей нет
100000002954780100,terminal,0.72,4,0.4727,получает от 1 узлов; в выборке исходящих связей нет
100000002956769100,terminal,0.72,24,0.6411,получает от 3 узлов; в выборке исходящих связей нет
100000002956779100,terminal,0.72,2,0.4623,получает от 1 узлов; в выборке исходящих связей нет
100000002956898100,terminal,0.72,3,0.5928,получает от 2 узлов; в выборке исходящих связей нет
100000002957306100,terminal,0.72,11,0.6808,получает от 2 узлов; в выборке исходящих связей нет
100000002957787100,coordinator,0.96,0,0.8631,достижим из 7 seed; вход от 4 и выход к 34 узлам
100000002958139100,terminal,0.72,4,0.4735,получает от 1 узлов; в выборке исходящих связей нет
100000002958286100,terminal,0.72,4,0.4273,получает от 1 узлов; в выборке исходящих связей нет
100000002958343100,peripheral,0.42,1,0.6036,"in=1, out=2; критерии основных ролей не достигнуты"
100000002958345100,terminal,0.72,24,0.4013,получает от 1 узлов; в выборке исходящих связей нет
100000002963189100,distributor,0.76,40,0.7054,"переводит 7 получателям; исходящий оборот 5,219,000 ₸"
100000002964966100,terminal,0.72,2,0.452,получает от 1 узлов; в выборке исходящих связей нет
100000002968096100,peripheral,0.48,8,0.2933,граница обхода depth=4; отсутствие исходящих не доказывает удержание
100000002969048100,terminal,0.72,41,0.4043,получает от 1 узлов; в выборке исходящих связей нет
100000002970466100,peripheral,0.42,0,0.5992,"in=1, out=2; критерии основных ролей не достигнуты"
100000002971593100,peripheral,0.48,10,0.3021,граница обхода depth=4; отсутствие исходящих не доказывает удержание
100000002973903100,terminal,0.72,7,0.6103,получает от 3 узлов; в выборке исходящих связей нет
100000002974256100,terminal,0.72,7,0.344,получает от 1 узлов; в выборке исходящих связей нет
100000002975287100,terminal,0.72,28,0.4316,получает от 1 узлов; в выборке исходящих связей нет
100000002975437100,peripheral,0.42,36,0.6736,"in=1, out=1; критерии основных ролей не достигнуты"
100000002981489100,peripheral,0.48,10,0.2421,граница обхода depth=4; отсутствие исходящих не доказывает удержание
100000002981527100,terminal,0.72,4,0.4131,получает от 1 узлов; в выборке исходящих связей нет
100000002982252100,terminal,0.72,22,0.3115,получает от 1 узлов; в выборке исходящих связей нет
100000002983426100,terminal,0.72,18,0.4434,получает от 1 узлов; в выборке исходящих связей нет
100000002983879100,terminal,0.72,2,0.6767,получает от 2 узлов; в выборке исходящих связей нет
100000002984403100,transit,0.685,13,0.5783,получает от 1 / отправляет 1 узлам; проход 1.25; FIFO 0–2 дня 0%; порядок внутри дня неизвестен
100000002986245100,peripheral,0.48,47,0.2387,граница обхода depth=4; отсутствие исходящих не доказывает удержание
100000002988894100,transit,0.658,2,0.7637,получает от 1 / отправляет 3 узлам; проход 0.25; FIFO 0–2 дня 37%; порядок внутри дня неизвестен
100000002989353100,transit,0.8668,24,0.5867,получает от 1 / отправляет 2 узлам; проход 0.64; FIFO 0–2 дня 93%; порядок внутри дня неизвестен
100000002990675100,terminal,0.72,10,0.4577,получает от 1 узлов; в выборке исходящих связей нет
100000002991079100,transit,0.7563,16,0.7398,получает от 2 / отправляет 1 узлам; проход 0.07; FIFO 0–2 дня 100%; порядок внутри дня неизвестен
100000002992171100,terminal,0.72,22,0.2997,получает от 1 узлов; в выборке исходящих связей нет
100000002994441100,peripheral,0.48,8,0.2979,граница обхода depth=4; отсутствие исходящих не доказывает удержание
100000002999140100,peripheral,0.48,7,0.2957,граница обхода depth=4; отсутствие исходящих не доказывает удержание
100000003001138100,peripheral,0.48,15,0.3174,граница обхода depth=4; отсутствие исходящих не доказывает удержание
100000003001564100,peripheral,0.42,16,0.5717,"in=1, out=1; критерии основных ролей не достигнуты"
100000003001661100,distributor,0.68,15,0.6287,"переводит 5 получателям; исходящий оборот 439,500 ₸"
100000003003821100,terminal,0.72,2,0.4487,получает от 1 узлов; в выборке исходящих связей нет
100000003004487100,coordinator,0.96,36,0.8093,достижим из 7 seed; вход от 4 и выход к 2 узлам
100000003005167100,peripheral,0.48,47,0.2429,граница обхода depth=4; отсутствие исходящих не доказывает удержание
100000003006633100,terminal,0.72,38,0.35,получает от 1 узлов; в выборке исходящих связей нет
100000003009900100,terminal,0.72,18,0.3877,получает от 1 узлов; в выборке исходящих связей нет
100000003010908100,peripheral,0.48,18,0.3468,граница обхода depth=4; отсутствие исходящих не доказывает удержание
100000003014659100,terminal,0.72,11,0.5642,получает от 1 узлов; в выборке исходящих связей нет
100000003016438100,transit,0.7767,4,0.6589,получает от 1 / отправляет 1 узлам; проход 1.50; FIFO 0–2 дня 67%; порядок внутри дня неизвестен
100000003016635100,distributor,0.94,16,0.8156,"переводит 73 получателям; исходящий оборот 9,414,081 ₸; seed: входящие потоки неполны"
100000003016773100,terminal,0.72,4,0.5022,получает от 1 узлов; в выборке исходящих связей нет
100000003022835100,terminal,0.72,2,0.5666,получает от 1 узлов; в выборке исходящих связей нет
100000003024542100,terminal,0.72,2,0.4149,получает от 1 узлов; в выборке исходящих связей нет
100000003025903100,peripheral,0.48,10,0.3218,граница обхода depth=4; отсутствие исходящих не доказывает удержание
100000003031003100,terminal,0.72,24,0.6048,получает от 3 узлов; в выборке исходящих связей нет
100000003031633100,terminal,0.72,4,0.4971,получает от 1 узлов; в выборке исходящих связей нет
100000003031761100,terminal,0.72,35,0.463,получает от 1 узлов; в выборке исходящих связей нет
100000003031890100,terminal,0.72,34,0.3748,получает от 1 узлов; в выборке исходящих связей нет
100000003034546100,terminal,0.72,4,0.4141,получает от 1 узлов; в выборке исходящих связей нет
100000003035737100,transit,0.7418,10,0.7753,получает от 2 / отправляет 1 узлам; проход 0.01; FIFO 0–2 дня 100%; порядок внутри дня неизвестен
100000003036198100,terminal,0.72,2,0.4148,получает от 1 узлов; в выборке исходящих связей нет
100000003037476100,peripheral,0.48,4,0.4568,граница обхода depth=4; отсутствие исходящих не доказывает удержание
100000003037660100,terminal,0.72,2,0.5366,получает от 1 узлов; в выборке исходящих связей нет
100000003039473100,terminal,0.72,16,0.3837,получает от 1 узлов; в выборке исходящих связей нет
100000003040087100,peripheral,0.48,18,0.3072,граница обхода depth=4; отсутствие исходящих не доказывает удержание
100000003042994100,terminal,0.72,16,0.5033,получает от 1 узлов; в выборке исходящих связей нет
100000003044431100,terminal,0.72,2,0.5943,получает от 2 узлов; в выборке исходящих связей нет
100000003044518100,terminal,0.72,1,0.3514,получает от 1 узлов; в выборке исходящих связей нет
100000003047800100,peripheral,0.48,24,0.2483,граница обхода depth=4; отсутствие исходящих не доказывает удержание
100000003050771100,terminal,0.72,12,0.5162,получает от 1 узлов; в выборке исходящих связей нет
100000003054328100,transit,0.8146,24,0.5644,получает от 1 / отправляет 2 узлам; проход 1.38; FIFO 0–2 дня 72%; порядок внутри дня неизвестен
100000003057225100,terminal,0.72,16,0.4958,получает от 1 узлов; в выборке исходящих связей нет
100000003060187100,terminal,0.72,43,0.471,получает от 1 узлов; в выборке исходящих связей нет
100000003060517100,terminal,0.72,28,0.5262,получает от 1 узлов; в выборке исходящих связей нет
100000003061115100,peripheral,0.48,0,0.3038,граница обхода depth=4; отсутствие исходящих не доказывает удержание
100000003062895100,terminal,0.72,4,0.6536,получает от 2 узлов; в выборке исходящих связей нет
100000003066385100,terminal,0.72,0,0.5405,получает от 2 узлов; в выборке исходящих связей нет
100000003068941100,consolidator,0.64,0,0.7541,"получает от 3 узлов; дальше переводит 25,000 ₸"
100000003069463100,peripheral,0.42,14,0.4648,"in=1, out=1; критерии основных ролей не достигнуты"
100000003071649100,terminal,0.72,4,0.4843,получает от 1 узлов; в выборке исходящих связей нет
100000003071930100,consolidator,0.64,4,0.7616,"получает от 3 узлов; дальше переводит 5,000 ₸"
100000003072205100,peripheral,0.48,4,0.4242,граница обхода depth=4; отсутствие исходящих не доказывает удержание
100000003072676100,terminal,0.72,28,0.4541,получает от 1 узлов; в выборке исходящих связей нет
100000003073398100,terminal,0.72,41,0.3996,получает от 1 узлов; в выборке исходящих связей нет
100000003073635100,terminal,0.72,8,0.5076,получает от 1 узлов; в выборке исходящих связей нет
100000003074515100,peripheral,0.48,4,0.346,граница обхода depth=4; отсутствие исходящих не доказывает удержание
100000003078839100,peripheral,0.48,8,0.2767,граница обхода depth=4; отсутствие исходящих не доказывает удержание
100000003083865100,peripheral,0.48,18,0.2914,граница обхода depth=4; отсутствие исходящих не доказывает удержание
100000003084870100,peripheral,0.48,24,0.2527,граница обхода depth=4; отсутствие исходящих не доказывает удержание
100000003086040100,terminal,0.72,0,0.4869,получает от 1 узлов; в выборке исходящих связей нет
100000003087877100,terminal,0.72,35,0.4072,получает от 1 узлов; в выборке исходящих связей нет
100000003089018100,terminal,0.72,4,0.3911,получает от 1 узлов; в выборке исходящих связей нет
100000003089553100,terminal,0.72,4,0.47,получает от 1 узлов; в выборке исходящих связей нет
100000003091142100,peripheral,0.48,0,0.2972,граница обхода depth=4; отсутствие исходящих не доказывает удержание
100000003093299100,terminal,0.72,0,0.4311,получает от 1 узлов; в выборке исходящих связей нет
100000003095610100,terminal,0.72,18,0.4001,получает от 1 узлов; в выборке исходящих связей нет
100000003096787100,peripheral,0.48,18,0.2937,граница обхода depth=4; отсутствие исходящих не доказывает удержание
100000003097324100,terminal,0.72,46,0.588,получает от 2 узлов; в выборке исходящих связей нет
100000003097947100,peripheral,0.48,8,0.2907,граница обхода depth=4; отсутствие исходящих не доказывает удержание
100000003102157100,terminal,0.72,0,0.5067,получает от 1 узлов; в выборке исходящих связей нет
100000003104347100,peripheral,0.42,29,0.66,"in=1, out=1; критерии основных ролей не достигнуты"
100000003105089100,peripheral,0.48,32,0.2689,граница обхода depth=4; отсутствие исходящих не доказывает удержание
100000003105929100,peripheral,0.42,10,0.6612,"in=1, out=1; критерии основных ролей не достигнуты"
100000003109805100,terminal,0.72,28,0.4468,получает от 1 узлов; в выборке исходящих связей нет
100000003111305100,terminal,0.72,41,0.6339,получает от 4 узлов; в выборке исходящих связей нет
100000003112436100,terminal,0.72,16,0.4595,получает от 1 узлов; в выборке исходящих связей нет
100000003112578100,terminal,0.72,24,0.3656,получает от 1 узлов; в выборке исходящих связей нет
100000003115284100,coordinator,0.96,11,0.9577,достижим из 11 seed; вход от 8 и выход к 2 узлам
100000003116106100,terminal,0.72,10,0.5194,получает от 1 узлов; в выборке исходящих связей нет
100000003119550100,terminal,0.72,22,0.3123,получает от 1 узлов; в выборке исходящих связей нет
100000003122817100,terminal,0.72,14,0.4264,получает от 1 узлов; в выборке исходящих связей нет
100000003123296100,terminal,0.72,7,0.3832,получает от 1 узлов; в выборке исходящих связей нет
100000003125997100,peripheral,0.48,4,0.3399,граница обхода depth=4; отсутствие исходящих не доказывает удержание
100000003128638100,peripheral,0.48,4,0.3669,граница обхода depth=4; отсутствие исходящих не доказывает удержание
100000003131016100,peripheral,0.42,8,0.6358,"in=1, out=1; критерии основных ролей не достигнуты"
100000003131693100,terminal,0.72,2,0.5962,получает от 1 узлов; в выборке исходящих связей нет
100000003132484100,terminal,0.72,4,0.3682,получает от 1 узлов; в выборке исходящих связей нет
100000003133045100,peripheral,0.48,4,0.3258,граница обхода depth=4; отсутствие исходящих не доказывает удержание
100000003134474100,terminal,0.72,10,0.4737,получает от 1 узлов; в выборке исходящих связей нет
100000003134550100,peripheral,0.48,4,0.3411,граница обхода depth=4; отсутствие исходящих не доказывает удержание
100000003134934100,terminal,0.72,0,0.6963,получает от 4 узлов; в выборке исходящих связей нет
100000003134937100,terminal,0.72,16,0.4139,получает от 1 узлов; в выборке исходящих связей нет
100000003146511100,peripheral,0.48,12,0.271,граница обхода depth=4; отсутствие исходящих не доказывает удержание
100000003147719100,terminal,0.72,4,0.4636,получает от 1 узлов; в выборке исходящих связей нет
100000003148220100,peripheral,0.42,52,0.524,"in=1, out=2; критерии основных ролей не достигнуты"
100000003149149100,terminal,0.72,10,0.4963,получает от 1 узлов; в выборке исходящих связей нет
100000003152964100,peripheral,0.42,8,0.6432,"in=1, out=1; критерии основных ролей не достигнуты"
100000003154105100,distributor,0.76,32,0.6038,"переводит 7 получателям; исходящий оборот 338,000 ₸"
100000003157333100,terminal,0.72,41,0.3607,получает от 1 узлов; в выборке исходящих связей нет
100000003157679100,terminal,0.72,4,0.6246,получает от 4 узлов; в выборке исходящих связей нет
100000003158727100,terminal,0.72,1,0.6167,получает от 3 узлов; в выборке исходящих связей нет
100000003159641100,consolidator,0.69,45,0.7569,"получает от 4 узлов; дальше переводит 197,800 ₸"
100000003163256100,transit,0.7153,16,0.5519,получает от 1 / отправляет 1 узлам; проход 1.11; FIFO 0–2 дня 0%; порядок внутри дня неизвестен
100000003163886100,terminal,0.72,31,0.5431,получает от 1 узлов; в выборке исходящих связей нет
100000003164661100,terminal,0.72,27,0.3994,получает от 1 узлов; в выборке исходящих связей нет
100000003166017100,peripheral,0.48,18,0.2914,граница обхода depth=4; отсутствие исходящих не доказывает удержание
100000003166755100,terminal,0.72,2,0.4273,получает от 1 узлов; в выборке исходящих связей нет
100000003171006100,terminal,0.72,4,0.6104,получает от 2 узлов; в выборке исходящих связей нет
100000003171587100,coordinator,0.94,10,0.7897,достижим из 7 seed; вход от 2 и выход к 2 узлам
100000003173783100,peripheral,0.48,33,0.3666,граница обхода depth=4; отсутствие исходящих не доказывает удержание
100000003177533100,peripheral,0.48,8,0.2848,граница обхода depth=4; отсутствие исходящих не доказывает удержание
100000003178549100,coordinator,0.94,28,0.809,достижим из 7 seed; вход от 2 и выход к 4 узлам
100000003180305100,peripheral,0.48,0,0.3124,граница обхода depth=4; отсутствие исходящих не доказывает удержание
100000003180820100,peripheral,0.48,4,0.3447,граница обхода depth=4; отсутствие исходящих не доказывает удержание
100000003186579100,peripheral,0.48,8,0.3098,граница обхода depth=4; отсутствие исходящих не доказывает удержание
100000003187359100,terminal,0.72,22,0.3091,получает от 1 узлов; в выборке исходящих связей нет
100000003188607100,peripheral,0.42,1,0.4597,"in=1, out=1; критерии основных ролей не достигнуты"
100000003190207100,peripheral,0.42,49,0.6113,"in=1, out=1; критерии основных ролей не достигнуты"
100000003191430100,terminal,0.72,16,0.4183,получает от 1 узлов; в выборке исходящих связей нет
100000003192220100,terminal,0.72,5,0.418,получает от 1 узлов; в выборке исходящих связей нет
100000003192309100,peripheral,0.42,22,0.4376,"in=1, out=1; критерии основных ролей не достигнуты"
100000003194831100,peripheral,0.48,24,0.2135,граница обхода depth=4; отсутствие исходящих не доказывает удержание
100000003199390100,peripheral,0.48,10,0.3108,граница обхода depth=4; отсутствие исходящих не доказывает удержание
100000003200071100,peripheral,0.42,61,0.2618,"in=0, out=1; критерии основных ролей не достигнуты; seed: входящие потоки неполны"
100000003204491100,transit,0.8971,0,0.6463,получает от 1 / отправляет 1 узлам; проход 0.71; FIFO 0–2 дня 100%; порядок внутри дня неизвестен
100000003205210100,terminal,0.72,2,0.5709,получает от 1 узлов; в выборке исходящих связей нет
100000003207060100,peripheral,0.48,0,0.3671,граница обхода depth=4; отсутствие исходящих не доказывает удержание
100000003213473100,distributor,0.92,0,0.6688,"переводит 11 получателям; исходящий оборот 240,000 ₸"
100000003214786100,peripheral,0.48,0,0.2835,граница обхода depth=4; отсутствие исходящих не доказывает удержание
100000003215448100,peripheral,0.42,8,0.6607,"in=1, out=2; критерии основных ролей не достигнуты"
100000003216073100,peripheral,0.42,35,0.5227,"in=1, out=1; критерии основных ролей не достигнуты"
100000003218308100,terminal,0.72,0,0.4287,получает от 1 узлов; в выборке исходящих связей нет
100000003219438100,terminal,0.72,62,0.4593,получает от 1 узлов; в выборке исходящих связей нет
100000003220685100,peripheral,0.48,10,0.3308,граница обхода depth=4; отсутствие исходящих не доказывает удержание
100000003221384100,terminal,0.72,3,0.5171,получает от 1 узлов; в выборке исходящих связей нет
100000003221510100,peripheral,0.42,0,0.6017,"in=1, out=2; критерии основных ролей не достигнуты"
100000003230328100,peripheral,0.48,8,0.4348,граница обхода depth=4; отсутствие исходящих не доказывает удержание
100000003230329100,peripheral,0.48,4,0.3477,граница обхода depth=4; отсутствие исходящих не доказывает удержание
100000003232675100,peripheral,0.48,12,0.2976,граница обхода depth=4; отсутствие исходящих не доказывает удержание
100000003235780100,terminal,0.72,0,0.5542,получает от 2 узлов; в выборке исходящих связей нет
100000003237045100,peripheral,0.42,16,0.6265,"in=1, out=1; критерии основных ролей не достигнуты"
100000003239379100,terminal,0.72,7,0.3862,получает от 1 узлов; в выборке исходящих связей нет
100000003239859100,terminal,0.72,7,0.3351,получает от 1 узлов; в выборке исходящих связей нет
100000003241965100,terminal,0.72,18,0.3851,получает от 1 узлов; в выборке исходящих связей нет
100000003242289100,coordinator,0.96,28,0.8354,достижим из 7 seed; вход от 3 и выход к 23 узлам
100000003242795100,terminal,0.72,10,0.4719,получает от 1 узлов; в выборке исходящих связей нет
100000003246024100,transit,0.784,8,0.5398,получает от 1 / отправляет 1 узлам; проход 0.20; FIFO 0–2 дня 100%; порядок внутри дня неизвестен
100000003247600100,peripheral,0.48,2,0.3199,граница обхода depth=4; отсутствие исходящих не доказывает удержание
100000003249054100,consolidator,0.84,2,0.7588,"получает от 7 узлов; дальше переводит 15,000 ₸"
100000003252446100,peripheral,0.48,4,0.3439,граница обхода depth=4; отсутствие исходящих не доказывает удержание
100000003254277100,transit,0.92,0,0.591,получает от 1 / отправляет 1 узлам; проход 0.91; FIFO 0–2 дня 100%; порядок внутри дня неизвестен
100000003254723100,terminal,0.72,2,0.5171,получает от 1 узлов; в выборке исходящих связей нет
100000003265158100,coordinator,0.96,7,0.8012,достижим из 9 seed; вход от 3 и выход к 2 узлам
100000003265658100,peripheral,0.42,63,0.0,"in=0, out=0; нет наблюдаемых рёбер; seed: входящие потоки неполны"
100000003270419100,terminal,0.72,12,0.4911,получает от 1 узлов; в выборке исходящих связей нет
100000003271151100,terminal,0.72,8,0.5069,получает от 1 узлов; в выборке исходящих связей нет
100000003275398100,peripheral,0.42,34,0.5379,"in=1, out=1; критерии основных ролей не достигнуты"
100000003278020100,terminal,0.72,0,0.495,получает от 1 узлов; в выборке исходящих связей нет
100000003284932100,terminal,0.72,2,0.5465,получает от 1 узлов; в выборке исходящих связей нет
100000003286537100,terminal,0.72,4,0.5536,получает от 2 узлов; в выборке исходящих связей нет
100000003289281100,peripheral,0.48,0,0.3108,граница обхода depth=4; отсутствие исходящих не доказывает удержание
100000003289405100,terminal,0.72,2,0.4756,получает от 1 узлов; в выборке исходящих связей нет
100000003292191100,terminal,0.72,46,0.4805,получает от 1 узлов; в выборке исходящих связей нет
100000003292979100,terminal,0.72,2,0.517,получает от 1 узлов; в выборке исходящих связей нет
100000003293377100,terminal,0.72,10,0.4571,получает от 1 узлов; в выборке исходящих связей нет
100000003299365100,transit,0.92,2,0.7589,получает от 1 / отправляет 1 узлам; проход 1.00; FIFO 0–2 дня 100%; порядок внутри дня неизвестен
100000003321423100,terminal,0.72,53,0.4731,получает от 1 узлов; в выборке исходящих связей нет
100000003321895100,peripheral,0.42,54,0.6254,"in=1, out=2; критерии основных ролей не достигнуты"
100000003336565100,terminal,0.72,22,0.3013,получает от 1 узлов; в выборке исходящих связей нет
100000003338583100,terminal,0.72,34,0.2917,получает от 1 узлов; в выборке исходящих связей нет
100000003345947100,peripheral,0.48,8,0.3059,граница обхода depth=4; отсутствие исходящих не доказывает удержание
100000003349739100,peripheral,0.42,64,0.0,"in=0, out=0; нет наблюдаемых рёбер; seed: входящие потоки неполны"
100000003360542100,coordinator,0.94,11,0.8523,достижим из 11 seed; вход от 2 и выход к 2 узлам
100000003366154100,transit,0.6151,2,0.7654,получает от 1 / отправляет 3 узлам; проход 2.31; FIFO 0–2 дня 43%; порядок внутри дня неизвестен
100000003366471100,transit,0.7533,8,0.7631,получает от 2 / отправляет 1 узлам; проход 0.06; FIFO 0–2 дня 100%; порядок внутри дня неизвестен
100000003370425100,peripheral,0.48,12,0.312,граница обхода depth=4; отсутствие исходящих не доказывает удержание
100000003377795100,terminal,0.72,1,0.3358,получает от 1 узлов; в выборке исходящих связей нет
100000003390036100,coordinator,0.94,11,0.853,достижим из 11 seed; вход от 2 и выход к 2 узлам
100000003404627100,terminal,0.72,51,0.6995,получает от 4 узлов; в выборке исходящих связей нет
100000003406094100,peripheral,0.42,16,0.614,"in=1, out=3; критерии основных ролей не достигнуты"
100000003447411100,peripheral,0.48,8,0.3664,граница обхода depth=4; отсутствие исходящих не доказывает удержание
100000003448713100,peripheral,0.48,8,0.3641,граница обхода depth=4; отсутствие исходящих не доказывает удержание
100000003449074100,terminal,0.72,0,0.4318,получает от 1 узлов; в выборке исходящих связей нет
100000003457710100,peripheral,0.42,10,0.6612,"in=1, out=1; критерии основных ролей не достигнуты"
100000003470579100,peripheral,0.48,14,0.3308,граница обхода depth=4; отсутствие исходящих не доказывает удержание
100000003476560100,terminal,0.72,2,0.534,получает от 1 узлов; в выборке исходящих связей нет
100000003481025100,peripheral,0.48,0,0.2935,граница обхода depth=4; отсутствие исходящих не доказывает удержание
100000003484058100,peripheral,0.42,40,0.5982,"in=1, out=1; критерии основных ролей не достигнуты"
100000003486846100,peripheral,0.48,16,0.2988,граница обхода depth=4; отсутствие исходящих не доказывает удержание
100000003486970100,terminal,0.72,10,0.4813,получает от 1 узлов; в выборке исходящих связей нет
100000003497735100,terminal,0.72,43,0.4796,получает от 1 узлов; в выборке исходящих связей нет
100000003500764100,peripheral,0.48,28,0.2978,граница обхода depth=4; отсутствие исходящих не доказывает удержание
100000003509750100,consolidator,0.72,41,0.7492,"получает от 3 узлов; дальше переводит 78,400 ₸"
100000003528285100,coordinator,0.96,2,0.859,достижим из 7 seed; вход от 4 и выход к 4 узлам
100000003557488100,transit,0.7538,36,0.7065,получает от 1 / отправляет 2 узлам; проход 0.21; FIFO 0–2 дня 86%; порядок внутри дня неизвестен
100000003561031100,peripheral,0.42,8,0.5628,"in=1, out=1; критерии основных ролей не достигнуты"
100000003567087100,terminal,0.72,22,0.3477,получает от 1 узлов; в выборке исходящих связей нет
100000003568904100,peripheral,0.48,12,0.303,граница обхода depth=4; отсутствие исходящих не доказывает удержание
100000003574895100,transit,0.8973,0,0.5746,получает от 1 / отправляет 1 узлам; проход 0.72; FIFO 0–2 дня 100%; порядок внутри дня неизвестен
100000003581109100,terminal,0.72,0,0.446,получает от 1 узлов; в выборке исходящих связей нет
100000003582677100,coordinator,0.94,2,0.7478,достижим из 7 seed; вход от 2 и выход к 4 узлам
100000003589877100,coordinator,0.94,4,0.7911,достижим из 9 seed; вход от 2 и выход к 6 узлам
100000003594472100,terminal,0.72,36,0.4287,получает от 1 узлов; в выборке исходящих связей нет
100000003603979100,terminal,0.72,34,0.4028,получает от 1 узлов; в выборке исходящих связей нет
100000003610172100,terminal,0.72,10,0.4613,получает от 1 узлов; в выборке исходящих связей нет
100000003616818100,consolidator,0.72,34,0.667,"получает от 3 узлов; дальше переводит 240,100 ₸"
100000003617552100,terminal,0.72,27,0.3572,получает от 1 узлов; в выборке исходящих связей нет
100000003622955100,peripheral,0.48,11,0.3561,граница обхода depth=4; отсутствие исходящих не доказывает удержание
100000003626268100,peripheral,0.48,8,0.2918,граница обхода depth=4; отсутствие исходящих не доказывает удержание
100000003631015100,peripheral,0.48,65,0.3004,граница обхода depth=4; отсутствие исходящих не доказывает удержание
100000003632533100,peripheral,0.48,10,0.2915,граница обхода depth=4; отсутствие исходящих не доказывает удержание
100000003635170100,coordinator,0.96,53,0.8849,достижим из 8 seed; вход от 3 и выход к 4 узлам
100000003635660100,terminal,0.72,0,0.4523,получает от 1 узлов; в выборке исходящих связей нет
100000003636627100,peripheral,0.42,41,0.6007,"in=1, out=1; критерии основных ролей не достигнуты"
100000003646145100,peripheral,0.48,42,0.3541,граница обхода depth=4; отсутствие исходящих не доказывает удержание
100000003647799100,terminal,0.72,10,0.4691,получает от 1 узлов; в выборке исходящих связей нет
100000003650146100,terminal,0.72,16,0.4441,получает от 1 узлов; в выборке исходящих связей нет
100000003664994100,peripheral,0.48,66,0.3573,граница обхода depth=4; отсутствие исходящих не доказывает удержание
100000003671721100,terminal,0.72,18,0.4422,получает от 1 узлов; в выборке исходящих связей нет
100000003677936100,transit,0.6618,1,0.6069,получает от 1 / отправляет 1 узлам; проход 0.18; FIFO 0–2 дня 46%; порядок внутри дня неизвестен
100000003684369100,distributor,0.94,2,0.9725,"переводит 62 получателям; исходящий оборот 8,588,655 ₸; seed: входящие потоки неполны"
100000003692843100,peripheral,0.48,54,0.3243,граница обхода depth=4; отсутствие исходящих не доказывает удержание
100000003696422100,peripheral,0.48,36,0.3293,граница обхода depth=4; отсутствие исходящих не доказывает удержание
100000003701161100,coordinator,0.96,29,0.8748,достижим из 7 seed; вход от 4 и выход к 3 узлам
100000003711830100,terminal,0.72,8,0.4736,получает от 1 узлов; в выборке исходящих связей нет
100000003713616100,terminal,0.72,16,0.4184,получает от 1 узлов; в выборке исходящих связей нет
100000003718221100,coordinator,0.94,29,0.8292,достижим из 7 seed; вход от 2 и выход к 4 узлам
100000003718715100,peripheral,0.48,12,0.3353,граница обхода depth=4; отсутствие исходящих не доказывает удержание
100000003724440100,terminal,0.72,2,0.5587,получает от 2 узлов; в выборке исходящих связей нет
100000003736419100,transit,0.8344,0,0.5924,получает от 1 / отправляет 1 узлам; проход 0.43; FIFO 0–2 дня 100%; порядок внутри дня неизвестен
100000003739818100,terminal,0.72,2,0.5394,получает от 1 узлов; в выборке исходящих связей нет
100000003741418100,coordinator,0.96,10,0.8542,достижим из 7 seed; вход от 9 и выход к 3 узлам
100000003747133100,coordinator,0.96,57,0.7896,достижим из 7 seed; вход от 5 и выход к 2 узлам
100000003760160100,terminal,0.72,10,0.4709,получает от 1 узлов; в выборке исходящих связей нет
100000003770083100,peripheral,0.42,67,0.0,"in=0, out=0; нет наблюдаемых рёбер; seed: входящие потоки неполны"
100000003781406100,terminal,0.72,7,0.4649,получает от 1 узлов; в выборке исходящих связей нет
100000003782913100,peripheral,0.48,40,0.3055,граница обхода depth=4; отсутствие исходящих не доказывает удержание
100000003786516100,peripheral,0.48,0,0.3015,граница обхода depth=4; отсутствие исходящих не доказывает удержание
100000003792647100,peripheral,0.48,10,0.2887,граница обхода depth=4; отсутствие исходящих не доказывает удержание
100000003795588100,terminal,0.72,0,0.5351,получает от 1 узлов; в выборке исходящих связей нет
100000003796063100,distributor,0.92,10,0.633,"переводит 15 получателям; исходящий оборот 959,150 ₸"
100000003798151100,terminal,0.72,16,0.4399,получает от 1 узлов; в выборке исходящих связей нет
100000003809101100,coordinator,0.94,11,0.8117,достижим из 8 seed; вход от 2 и выход к 2 узлам
100000003814002100,terminal,0.72,10,0.4538,получает от 1 узлов; в выборке исходящих связей нет
100000003819173100,peripheral,0.48,8,0.3481,граница обхода depth=4; отсутствие исходящих не доказывает удержание
100000003823811100,peripheral,0.42,49,0.6648,"in=1, out=3; критерии основных ролей не достигнуты"
100000003824464100,terminal,0.72,29,0.5028,получает от 1 узлов; в выборке исходящих связей нет
100000003831201100,terminal,0.72,0,0.4044,получает от 1 узлов; в выборке исходящих связей нет
100000003831324100,terminal,0.72,1,0.6032,получает от 2 узлов; в выборке исходящих связей нет
100000003832231100,terminal,0.72,2,0.5205,получает от 1 узлов; в выборке исходящих связей нет
100000003834495100,consolidator,0.64,0,0.8604,"получает от 3 узлов; дальше переводит 20,000 ₸"
100000003835149100,peripheral,0.42,21,0.55,"in=1, out=2; критерии основных ролей не достигнуты"
100000003838587100,peripheral,0.48,40,0.299,граница обхода depth=4; отсутствие исходящих не доказывает удержание
100000003843844100,peripheral,0.42,12,0.5866,"in=1, out=1; критерии основных ролей не достигнуты"
100000003854444100,distributor,0.92,43,0.6339,"переводит 14 получателям; исходящий оборот 2,322,909 ₸"
100000003865939100,terminal,0.72,68,0.361,получает от 1 узлов; в выборке исходящих связей нет
100000003873332100,peripheral,0.42,43,0.6369,"in=1, out=4; критерии основных ролей не достигнуты"
100000003877908100,terminal,0.72,2,0.525,получает от 1 узлов; в выборке исходящих связей нет
100000003880331100,distributor,0.92,8,0.7125,"переводит 16 получателям; исходящий оборот 3,904,908 ₸"
100000003886323100,peripheral,0.42,16,0.7758,"in=2, out=1; критерии основных ролей не достигнуты"
100000003888197100,terminal,0.72,10,0.4644,получает от 1 узлов; в выборке исходящих связей нет
100000003888271100,peripheral,0.42,23,0.4538,"in=1, out=2; критерии основных ролей не достигнуты"
100000003888527100,terminal,0.72,66,0.4957,получает от 1 узлов; в выборке исходящих связей нет
100000003896956100,transit,0.6015,16,0.5524,получает от 1 / отправляет 1 узлам; проход 2.70; FIFO 0–2 дня 37%; порядок внутри дня неизвестен
100000003899325100,terminal,0.72,8,0.4714,получает от 1 узлов; в выборке исходящих связей нет
100000003899899100,transit,0.7501,16,0.7658,получает от 2 / отправляет 1 узлам; проход 0.05; FIFO 0–2 дня 100%; порядок внутри дня неизвестен
100000003900547100,terminal,0.72,16,0.4237,получает от 1 узлов; в выборке исходящих связей нет
100000003904497100,peripheral,0.48,4,0.313,граница обхода depth=4; отсутствие исходящих не доказывает удержание
100000003917461100,peripheral,0.42,7,0.5961,"in=1, out=2; критерии основных ролей не достигнуты"
100000003920950100,terminal,0.72,1,0.5142,получает от 1 узлов; в выборке исходящих связей нет
100000003922499100,terminal,0.72,7,0.3591,получает от 1 узлов; в выборке исходящих связей нет
100000003923946100,peripheral,0.42,41,0.6452,"in=1, out=4; критерии основных ролей не достигнуты"
100000003927792100,terminal,0.72,3,0.4065,получает от 1 узлов; в выборке исходящих связей нет
100000003934614100,transit,0.8601,62,0.6887,получает от 2 / отправляет 1 узлам; проход 0.68; FIFO 0–2 дня 87%; порядок внутри дня неизвестен
100000003942602100,transit,0.92,22,0.4812,получает от 1 / отправляет 1 узлам; проход 1.00; FIFO 0–2 дня 100%; порядок внутри дня неизвестен
100000003943247100,terminal,0.72,0,0.4448,получает от 1 узлов; в выборке исходящих связей нет
100000003943483100,terminal,0.72,7,0.4042,получает от 1 узлов; в выборке исходящих связей нет
100000003946524100,coordinator,0.94,2,0.8256,достижим из 10 seed; вход от 2 и выход к 2 узлам
100000003950749100,peripheral,0.48,16,0.3373,граница обхода depth=4; отсутствие исходящих не доказывает удержание
100000003951827100,peripheral,0.42,0,0.6088,"in=1, out=2; критерии основных ролей не достигнуты"
100000003962994100,terminal,0.72,19,0.3905,получает от 1 узлов; в выборке исходящих связей нет
100000003964910100,terminal,0.72,28,0.6295,получает от 2 узлов; в выборке исходящих связей нет
100000003968044100,peripheral,0.42,8,0.68,"in=1, out=3; критерии основных ролей не достигнуты"
100000003970394100,terminal,0.72,7,0.3826,получает от 1 узлов; в выборке исходящих связей нет
100000003971049100,terminal,0.72,0,0.4407,получает от 1 узлов; в выборке исходящих связей нет
100000003975102100,peripheral,0.42,16,0.5738,"in=1, out=2; критерии основных ролей не достигнуты; seed: входящие потоки неполны"
100000003977183100,peripheral,0.42,41,0.7156,"in=2, out=4; критерии основных ролей не достигнуты; seed: входящие потоки неполны"
100000003980083100,terminal,0.72,61,0.3498,получает от 1 узлов; в выборке исходящих связей нет
100000003985389100,peripheral,0.48,8,0.3213,граница обхода depth=4; отсутствие исходящих не доказывает удержание
100000003986141100,terminal,0.72,28,0.4129,получает от 1 узлов; в выборке исходящих связей нет
100000003988112100,transit,0.8243,49,0.6769,получает от 1 / отправляет 1 узлам; проход 0.70; FIFO 0–2 дня 69%; порядок внутри дня неизвестен
100000003989033100,peripheral,0.48,24,0.2961,граница обхода depth=4; отсутствие исходящих не доказывает удержание
100000003996562100,terminal,0.72,0,0.456,получает от 1 узлов; в выборке исходящих связей нет
100000004004621100,terminal,0.72,12,0.6557,получает от 3 узлов; в выборке исходящих связей нет
100000004005964100,consolidator,0.72,34,0.6556,"получает от 3 узлов; дальше переводит 72,000 ₸"
100000004006327100,peripheral,0.48,4,0.3529,граница обхода depth=4; отсутствие исходящих не доказывает удержание
100000004007116100,peripheral,0.42,34,0.6735,"in=3, out=4; критерии основных ролей не достигнуты; seed: входящие потоки неполны"
100000004007197100,terminal,0.72,34,0.2748,получает от 1 узлов; в выборке исходящих связей нет
100000004013952100,peripheral,0.48,0,0.2938,граница обхода depth=4; отсутствие исходящих не доказывает удержание
100000004015047100,consolidator,0.89,41,0.8802,"получает от 9 узлов; дальше переводит 69,195 ₸"
100000004017410100,coordinator,0.94,62,0.8094,достижим из 7 seed; вход от 2 и выход к 5 узлам
100000004019056100,peripheral,0.48,12,0.3067,граница обхода depth=4; отсутствие исходящих не доказывает удержание
100000004019124100,peripheral,0.42,16,0.6474,"in=3, out=0; критерии основных ролей не достигнуты; seed: входящие потоки неполны"
100000004021459100,peripheral,0.42,69,0.0,"in=0, out=0; нет наблюдаемых рёбер; seed: входящие потоки неполны"
100000004030553100,peripheral,0.48,35,0.2702,граница обхода depth=4; отсутствие исходящих не доказывает удержание
100000004035925100,peripheral,0.48,70,0.3228,граница обхода depth=4; отсутствие исходящих не доказывает удержание
100000004041163100,peripheral,0.42,49,0.669,"in=1, out=2; критерии основных ролей не достигнуты; seed: входящие потоки неполны"
100000004041294100,peripheral,0.48,13,0.3045,граница обхода depth=4; отсутствие исходящих не доказывает удержание
100000004047887100,peripheral,0.48,30,0.2481,граница обхода depth=4; отсутствие исходящих не доказывает удержание
100000004049912100,peripheral,0.48,43,0.2761,граница обхода depth=4; отсутствие исходящих не доказывает удержание
100000004058740100,terminal,0.72,22,0.3237,получает от 1 узлов; в выборке исходящих связей нет
100000004064431100,transit,0.8246,34,0.4291,получает от 1 / отправляет 1 узлам; проход 0.38; FIFO 0–2 дня 100%; порядок внутри дня неизвестен
100000004066370100,peripheral,0.48,26,0.2851,граница обхода depth=4; отсутствие исходящих не доказывает удержание
100000004066647100,terminal,0.72,43,0.45,получает от 1 узлов; в выборке исходящих связей нет
100000004070318100,coordinator,0.96,0,0.8452,достижим из 7 seed; вход от 4 и выход к 19 узлам
100000004070530100,peripheral,0.48,30,0.2448,граница обхода depth=4; отсутствие исходящих не доказывает удержание
100000004071070100,transit,0.7722,0,0.8123,получает от 2 / отправляет 1 узлам; проход 0.15; FIFO 0–2 дня 100%; порядок внутри дня неизвестен
100000004071080100,coordinator,0.96,0,0.8906,достижим из 7 seed; вход от 9 и выход к 2 узлам
100000004071444100,peripheral,0.42,0,0.6645,"in=1, out=1; критерии основных ролей не достигнуты"
100000004076740100,coordinator,0.96,62,0.8686,достижим из 7 seed; вход от 3 и выход к 6 узлам
100000004077081100,peripheral,0.42,2,0.6863,"in=1, out=4; критерии основных ролей не достигнуты"
100000004094958100,transit,0.92,71,0.506,получает от 1 / отправляет 1 узлам; проход 1.03; FIFO 0–2 дня 98%; порядок внутри дня неизвестен
100000004096559100,terminal,0.72,1,0.3793,получает от 1 узлов; в выборке исходящих связей нет
100000004097972100,transit,0.6485,0,0.671,получает от 1 / отправляет 2 узлам; проход 0.08; FIFO 0–2 дня 50%; порядок внутри дня неизвестен
100000004099450100,terminal,0.72,0,0.4602,получает от 1 узлов; в выборке исходящих связей нет
100000004105288100,terminal,0.72,2,0.6746,получает от 2 узлов; в выборке исходящих связей нет
100000004107228100,peripheral,0.48,2,0.2994,граница обхода depth=4; отсутствие исходящих не доказывает удержание
100000004114962100,terminal,0.72,10,0.6778,получает от 2 узлов; в выборке исходящих связей нет
100000004130144100,terminal,0.72,1,0.4026,получает от 1 узлов; в выборке исходящих связей нет
100000004134060100,terminal,0.72,35,0.4723,получает от 1 узлов; в выборке исходящих связей нет
100000004135268100,transit,0.8846,58,0.6821,получает от 2 / отправляет 3 узлам; проход 0.81; FIFO 0–2 дня 85%; порядок внутри дня неизвестен
100000004140487100,distributor,0.88,2,0.6482,"переводит 10 получателям; исходящий оборот 262,600 ₸"
100000004140994100,terminal,0.72,22,0.2916,получает от 1 узлов; в выборке исходящих связей нет
100000004144536100,terminal,0.72,34,0.5165,получает от 4 узлов; в выборке исходящих связей нет
100000004150593100,distributor,0.92,16,0.6404,"переводит 11 получателям; исходящий оборот 871,165 ₸"
100000004156082100,coordinator,0.96,3,0.8251,достижим из 7 seed; вход от 5 и выход к 26 узлам
100000004158362100,terminal,0.72,0,0.4228,получает от 1 узлов; в выборке исходящих связей нет
100000004159526100,coordinator,0.96,40,0.8574,достижим из 8 seed; вход от 4 и выход к 4 узлам
100000004160650100,distributor,0.92,34,0.6446,"переводит 10 получателям; исходящий оборот 1,489,827 ₸"
100000004167082100,peripheral,0.48,12,0.2906,граница обхода depth=4; отсутствие исходящих не доказывает удержание
100000004174835100,peripheral,0.42,72,0.0,"in=0, out=0; нет наблюдаемых рёбер; seed: входящие потоки неполны"
100000004177936100,peripheral,0.48,8,0.3505,граница обхода depth=4; отсутствие исходящих не доказывает удержание
100000004180097100,coordinator,0.96,0,0.8692,достижим из 7 seed; вход от 3 и выход к 3 узлам
100000004183610100,peripheral,0.42,12,0.5939,"in=1, out=1; критерии основных ролей не достигнуты"
100000004184158100,terminal,0.72,0,0.5145,получает от 1 узлов; в выборке исходящих связей нет
100000004185681100,terminal,0.72,2,0.395,получает от 1 узлов; в выборке исходящих связей нет
100000004186824100,peripheral,0.42,16,0.7804,"in=2, out=1; критерии основных ролей не достигнуты"
100000004188160100,coordinator,0.94,16,0.7467,достижим из 7 seed; вход от 2 и выход к 5 узлам
100000004192107100,terminal,0.72,2,0.3978,получает от 1 узлов; в выборке исходящих связей нет
100000004192865100,terminal,0.72,27,0.3687,получает от 1 узлов; в выборке исходящих связей нет
100000004193835100,peripheral,0.42,16,0.6222,"in=1, out=1; критерии основных ролей не достигнуты; seed: входящие потоки неполны"
100000004200745100,peripheral,0.48,7,0.356,граница обхода depth=4; отсутствие исходящих не доказывает удержание
100000004206046100,terminal,0.72,16,0.4145,получает от 1 узлов; в выборке исходящих связей нет
100000004209339100,peripheral,0.42,53,0.6679,"in=1, out=2; критерии основных ролей не достигнуты"
100000004213658100,terminal,0.72,22,0.3181,получает от 1 узлов; в выборке исходящих связей нет
100000004217419100,transit,0.7543,8,0.7789,получает от 2 / отправляет 1 узлам; проход 0.07; FIFO 0–2 дня 100%; порядок внутри дня неизвестен
100000004218576100,terminal,0.72,22,0.3194,получает от 1 узлов; в выборке исходящих связей нет
100000004221668100,consolidator,0.77,41,0.7748,"получает от 4 узлов; дальше переводит 731,440 ₸"
100000004222274100,peripheral,0.48,0,0.3003,граница обхода depth=4; отсутствие исходящих не доказывает удержание
100000004225615100,terminal,0.72,4,0.3608,получает от 1 узлов; в выборке исходящих связей нет
100000004226848100,terminal,0.72,2,0.593,получает от 1 узлов; в выборке исходящих связей нет
100000004232712100,peripheral,0.48,10,0.2939,граница обхода depth=4; отсутствие исходящих не доказывает удержание
100000004235471100,peripheral,0.48,10,0.3048,граница обхода depth=4; отсутствие исходящих не доказывает удержание
100000004241142100,peripheral,0.48,0,0.298,граница обхода depth=4; отсутствие исходящих не доказывает удержание
100000004254434100,terminal,0.72,22,0.3377,получает от 1 узлов; в выборке исходящих связей нет
100000004257714100,terminal,0.72,22,0.3246,получает от 1 узлов; в выборке исходящих связей нет
100000004260869100,peripheral,0.48,16,0.31,граница обхода depth=4; отсутствие исходящих не доказывает удержание
100000004261340100,peripheral,0.48,0,0.3632,граница обхода depth=4; отсутствие исходящих не доказывает удержание
100000004263867100,peripheral,0.48,47,0.2479,граница обхода depth=4; отсутствие исходящих не доказывает удержание
100000004265639100,peripheral,0.48,8,0.3,граница обхода depth=4; отсутствие исходящих не доказывает удержание
100000004268036100,peripheral,0.48,47,0.2377,граница обхода depth=4; отсутствие исходящих не доказывает удержание
100000004269433100,peripheral,0.42,3,0.2797,"in=0, out=1; критерии основных ролей не достигнуты; seed: входящие потоки неполны"
100000004272302100,peripheral,0.48,57,0.2431,граница обхода depth=4; отсутствие исходящих не доказывает удержание
100000004278574100,peripheral,0.42,10,0.5864,"in=1, out=1; критерии основных ролей не достигнуты"
100000004285800100,peripheral,0.42,0,0.5581,"in=1, out=1; критерии основных ролей не достигнуты"
100000004286573100,terminal,0.72,7,0.3323,получает от 1 узлов; в выборке исходящих связей нет
100000004291560100,terminal,0.72,0,0.449,получает от 1 узлов; в выборке исходящих связей нет
100000004291663100,peripheral,0.48,0,0.3457,граница обхода depth=4; отсутствие исходящих не доказывает удержание
100000004292885100,terminal,0.72,22,0.3485,получает от 1 узлов; в выборке исходящих связей нет
100000004299488100,coordinator,0.96,0,0.9119,достижим из 7 seed; вход от 6 и выход к 2 узлам
100000004315838100,peripheral,0.42,2,0.7487,"in=2, out=1; критерии основных ролей не достигнуты"
100000004318918100,terminal,0.72,11,0.5169,получает от 1 узлов; в выборке исходящих связей нет
100000004321983100,peripheral,0.42,41,0.522,"in=1, out=2; критерии основных ролей не достигнуты"
100000004325327100,transit,0.8867,0,0.7151,получает от 2 / отправляет 1 узлам; проход 0.99; FIFO 0–2 дня 68%; порядок внутри дня неизвестен
100000004326224100,peripheral,0.48,10,0.3067,граница обхода depth=4; отсутствие исходящих не доказывает удержание
100000004330371100,coordinator,0.94,16,0.8301,достижим из 7 seed; вход от 2 и выход к 2 узлам
100000004331458100,terminal,0.72,71,0.4819,получает от 2 узлов; в выборке исходящих связей нет
100000004336228100,terminal,0.72,8,0.4748,получает от 1 узлов; в выборке исходящих связей нет
100000004336312100,coordinator,0.96,62,0.7649,достижим из 7 seed; вход от 3 и выход к 2 узлам
100000004340038100,peripheral,0.42,12,0.5626,"in=1, out=1; критерии основных ролей не достигнуты"
100000004350094100,peripheral,0.48,43,0.3725,граница обхода depth=4; отсутствие исходящих не доказывает удержание
100000004351795100,coordinator,0.96,0,0.8297,достижим из 7 seed; вход от 3 и выход к 14 узлам
100000004356593100,peripheral,0.42,2,0.5826,"in=1, out=1; критерии основных ролей не достигнуты"
100000004358004100,distributor,0.88,2,0.3394,"переводит 11 получателям; исходящий оборот 980,850 ₸; seed: входящие потоки неполны"
100000004360785100,terminal,0.72,16,0.4665,получает от 1 узлов; в выборке исходящих связей нет
100000004368189100,transit,0.7054,24,0.5649,получает от 1 / отправляет 2 узлам; проход 0.07; FIFO 0–2 дня 77%; порядок внутри дня неизвестен
100000004377043100,peripheral,0.48,15,0.2981,граница обхода depth=4; отсутствие исходящих не доказывает удержание
100000004379306100,peripheral,0.48,8,0.2966,граница обхода depth=4; отсутствие исходящих не доказывает удержание
100000004386258100,coordinator,0.96,7,0.7249,достижим из 9 seed; вход от 3 и выход к 3 узлам
100000004386286100,peripheral,0.48,7,0.3552,граница обхода depth=4; отсутствие исходящих не доказывает удержание
100000004386331100,transit,0.7125,7,0.608,получает от 1 / отправляет 2 узлам; проход 0.88; FIFO 0–2 дня 0%; порядок внутри дня неизвестен
100000004388209100,terminal,0.72,22,0.2944,получает от 1 узлов; в выборке исходящих связей нет
100000004388353100,terminal,0.72,11,0.6352,получает от 2 узлов; в выборке исходящих связей нет
100000004388983100,peripheral,0.42,73,0.2953,"in=0, out=2; критерии основных ролей не достигнуты; seed: входящие потоки неполны"
100000004390333100,coordinator,0.94,0,0.7835,достижим из 7 seed; вход от 2 и выход к 9 узлам
100000004394765100,coordinator,0.96,16,0.8057,достижим из 7 seed; вход от 3 и выход к 2 узлам
100000004398811100,transit,0.6069,2,0.6818,получает от 1 / отправляет 3 узлам; проход 2.44; FIFO 0–2 дня 39%; порядок внутри дня неизвестен
100000004399686100,terminal,0.72,21,0.4194,получает от 1 узлов; в выборке исходящих связей нет
100000004400305100,coordinator,0.96,0,0.856,достижим из 7 seed; вход от 7 и выход к 82 узлам
100000004400361100,terminal,0.72,16,0.3923,получает от 1 узлов; в выборке исходящих связей нет
100000004400480100,peripheral,0.48,24,0.2705,граница обхода depth=4; отсутствие исходящих не доказывает удержание
100000004403548100,peripheral,0.48,8,0.2787,граница обхода depth=4; отсутствие исходящих не доказывает удержание
100000004403641100,peripheral,0.48,24,0.3487,граница обхода depth=4; отсутствие исходящих не доказывает удержание
100000004403675100,coordinator,0.96,49,0.8864,достижим из 7 seed; вход от 4 и выход к 5 узлам
100000004407753100,transit,0.828,15,0.6114,получает от 1 / отправляет 1 узлам; проход 0.40; FIFO 0–2 дня 100%; порядок внутри дня неизвестен
100000004408683100,terminal,0.72,16,0.6052,получает от 2 узлов; в выборке исходящих связей нет
100000004410489100,terminal,0.72,2,0.4822,получает от 1 узлов; в выборке исходящих связей нет
100000004417753100,terminal,0.72,2,0.5936,получает от 2 узлов; в выборке исходящих связей нет
100000004418967100,peripheral,0.48,4,0.3328,граница обхода depth=4; отсутствие исходящих не доказывает удержание
100000004420041100,distributor,0.76,7,0.6944,"переводит 7 получателям; исходящий оборот 651,830 ₸"
100000004424023100,peripheral,0.42,24,0.6164,"in=1, out=1; критерии основных ролей не достигнуты"
100000004433250100,peripheral,0.48,0,0.2659,граница обхода depth=4; отсутствие исходящих не доказывает удержание
100000004435304100,terminal,0.72,22,0.3154,получает от 1 узлов; в выборке исходящих связей нет
100000004441291100,terminal,0.72,2,0.4527,получает от 1 узлов; в выборке исходящих связей нет
100000004445291100,terminal,0.72,13,0.4403,получает от 1 узлов; в выборке исходящих связей нет
100000004449824100,peripheral,0.48,47,0.2479,граница обхода depth=4; отсутствие исходящих не доказывает удержание
100000004450649100,coordinator,0.94,10,0.7819,достижим из 7 seed; вход от 2 и выход к 2 узлам
100000004451012100,transit,0.6785,43,0.6395,получает от 1 / отправляет 3 узлам; проход 0.72; FIFO 0–2 дня 0%; порядок внутри дня неизвестен
100000004456564100,terminal,0.72,40,0.4255,получает от 1 узлов; в выборке исходящих связей нет
100000004463277100,terminal,0.72,27,0.3698,получает от 1 узлов; в выборке исходящих связей нет
100000004467157100,peripheral,0.42,62,0.6206,"in=1, out=1; критерии основных ролей не достигнуты"
100000004472936100,peripheral,0.48,12,0.2924,граница обхода depth=4; отсутствие исходящих не доказывает удержание
100000004475818100,peripheral,0.42,10,0.67,"in=1, out=3; критерии основных ролей не достигнуты"
100000004479404100,peripheral,0.42,50,0.7703,"in=2, out=1; критерии основных ролей не достигнуты"
100000004480280100,peripheral,0.42,2,0.7513,"in=1, out=2; критерии основных ролей не достигнуты"
100000004486525100,coordinator,0.96,0,0.849,достижим из 7 seed; вход от 8 и выход к 2 узлам
100000004488265100,terminal,0.72,8,0.4642,получает от 1 узлов; в выборке исходящих связей нет
100000004491749100,terminal,0.72,41,0.3437,получает от 1 узлов; в выборке исходящих связей нет
100000004491881100,terminal,0.72,22,0.3052,получает от 1 узлов; в выборке исходящих связей нет
100000004493586100,terminal,0.72,0,0.4251,получает от 1 узлов; в выборке исходящих связей нет
100000004494983100,terminal,0.72,22,0.3288,получает от 1 узлов; в выборке исходящих связей нет
100000004497606100,terminal,0.72,22,0.3022,получает от 1 узлов; в выборке исходящих связей нет
100000004500444100,transit,0.8304,40,0.7258,получает от 2 / отправляет 1 узлам; проход 0.41; FIFO 0–2 дня 100%; порядок внутри дня неизвестен
100000004500781100,peripheral,0.48,40,0.3188,граница обхода depth=4; отсутствие исходящих не доказывает удержание
100000004502048100,peripheral,0.48,43,0.2815,граница обхода depth=4; отсутствие исходящих не доказывает удержание
100000004508696100,peripheral,0.42,19,0.5564,"in=1, out=3; критерии основных ролей не достигнуты"
100000004509286100,terminal,0.72,2,0.525,получает от 1 узлов; в выборке исходящих связей нет
100000004526651100,peripheral,0.48,4,0.319,граница обхода depth=4; отсутствие исходящих не доказывает удержание
100000004527381100,transit,0.6159,3,0.5683,получает от 1 / отправляет 1 узлам; проход 2.29; FIFO 0–2 дня 44%; порядок внутри дня неизвестен
100000004539443100,terminal,0.72,2,0.5616,получает от 2 узлов; в выборке исходящих связей нет
100000004544958100,peripheral,0.42,11,0.6679,"in=1, out=2; критерии основных ролей не достигнуты"
100000004549591100,peripheral,0.48,19,0.3035,граница обхода depth=4; отсутствие исходящих не доказывает удержание
100000004552204100,peripheral,0.42,42,0.622,"in=1, out=2; критерии основных ролей не достигнуты"
100000004553349100,terminal,0.72,10,0.4591,получает от 1 узлов; в выборке исходящих связей нет
100000004559194100,terminal,0.72,16,0.5029,получает от 1 узлов; в выборке исходящих связей нет
100000004564736100,terminal,0.72,29,0.382,получает от 1 узлов; в выборке исходящих связей нет
100000004569484100,coordinator,0.94,18,0.7402,достижим из 7 seed; вход от 2 и выход к 4 узлам
100000004569637100,peripheral,0.48,8,0.2986,граница обхода depth=4; отсутствие исходящих не доказывает удержание
100000004571634100,peripheral,0.48,11,0.3177,граница обхода depth=4; отсутствие исходящих не доказывает удержание
100000004573782100,terminal,0.72,1,0.3225,получает от 1 узлов; в выборке исходящих связей нет
100000004580202100,peripheral,0.42,29,0.6028,"in=1, out=3; критерии основных ролей не достигнуты"
100000004580254100,terminal,0.72,28,0.5691,получает от 2 узлов; в выборке исходящих связей нет
100000004584730100,peripheral,0.48,50,0.3172,граница обхода depth=4; отсутствие исходящих не доказывает удержание
100000004586598100,peripheral,0.48,25,0.3299,граница обхода depth=4; отсутствие исходящих не доказывает удержание
100000004587414100,terminal,0.72,10,0.6171,получает от 2 узлов; в выборке исходящих связей нет
100000004588479100,terminal,0.72,16,0.4874,получает от 1 узлов; в выборке исходящих связей нет
100000004591973100,peripheral,0.42,7,0.575,"in=1, out=1; критерии основных ролей не достигнуты"
100000004592467100,terminal,0.72,2,0.3677,получает от 1 узлов; в выборке исходящих связей нет
100000004596284100,peripheral,0.48,16,0.3083,граница обхода depth=4; отсутствие исходящих не доказывает удержание
100000004601193100,peripheral,0.48,11,0.3442,граница обхода depth=4; отсутствие исходящих не доказывает удержание
100000004603109100,coordinator,0.9,21,0.7399,достижим из 2 seed; вход от 3 и выход к 2 узлам
100000004610802100,peripheral,0.48,56,0.316,граница обхода depth=4; отсутствие исходящих не доказывает удержание
100000004611571100,terminal,0.72,0,0.4359,получает от 1 узлов; в выборке исходящих связей нет
100000004613582100,peripheral,0.42,1,0.4997,"in=1, out=1; критерии основных ролей не достигнуты"
100000004616845100,peripheral,0.48,44,0.2471,граница обхода depth=4; отсутствие исходящих не доказывает удержание
100000004622227100,transit,0.6877,0,0.6509,получает от 1 / отправляет 3 узлам; проход 0.76; FIFO 0–2 дня 0%; порядок внутри дня неизвестен
100000004629688100,peripheral,0.42,3,0.5493,"in=1, out=1; критерии основных ролей не достигнуты"
100000004634420100,terminal,0.72,22,0.3021,получает от 1 узлов; в выборке исходящих связей нет
100000004635886100,terminal,0.72,16,0.4398,получает от 1 узлов; в выборке исходящих связей нет
100000004644615100,peripheral,0.42,24,0.578,"in=1, out=2; критерии основных ролей не достигнуты"
100000004652395100,peripheral,0.48,0,0.4431,граница обхода depth=4; отсутствие исходящих не доказывает удержание
100000004655046100,peripheral,0.48,18,0.3374,граница обхода depth=4; отсутствие исходящих не доказывает удержание
100000004657034100,terminal,0.72,10,0.4796,получает от 1 узлов; в выборке исходящих связей нет
100000004659919100,peripheral,0.42,48,0.6227,"in=1, out=1; критерии основных ролей не достигнуты"
100000004662806100,coordinator,0.94,7,0.7538,достижим из 8 seed; вход от 2 и выход к 2 узлам
100000004664515100,terminal,0.72,0,0.4708,получает от 1 узлов; в выборке исходящих связей нет
100000004664905100,terminal,0.72,16,0.6142,получает от 2 узлов; в выборке исходящих связей нет
100000004666651100,terminal,0.72,74,0.4757,получает от 1 узлов; в выборке исходящих связей нет
100000004670388100,peripheral,0.42,6,0.6018,"in=1, out=2; критерии основных ролей не достигнуты"
100000004671609100,terminal,0.72,24,0.4921,получает от 1 узлов; в выборке исходящих связей нет
100000004673335100,peripheral,0.48,33,0.3891,граница обхода depth=4; отсутствие исходящих не доказывает удержание
100000004674178100,peripheral,0.48,13,0.3071,граница обхода depth=4; отсутствие исходящих не доказывает удержание
100000004674389100,peripheral,0.48,11,0.3131,граница обхода depth=4; отсутствие исходящих не доказывает удержание
100000004674412100,peripheral,0.48,11,0.3301,граница обхода depth=4; отсутствие исходящих не доказывает удержание
100000004674799100,terminal,0.72,0,0.5661,получает от 1 узлов; в выборке исходящих связей нет
100000004676985100,transit,0.7048,0,0.5784,получает от 1 / отправляет 1 узлам; проход 0.84; FIFO 0–2 дня 0%; порядок внутри дня неизвестен
100000004677680100,peripheral,0.42,11,0.8411,"in=2, out=1; критерии основных ролей не достигнуты"
100000004679953100,coordinator,0.96,8,0.8295,достижим из 7 seed; вход от 3 и выход к 3 узлам
100000004687099100,terminal,0.72,1,0.3418,получает от 1 узлов; в выборке исходящих связей нет
100000004687282100,terminal,0.72,16,0.3882,получает от 1 узлов; в выборке исходящих связей нет
100000004689658100,peripheral,0.42,8,0.6736,"in=1, out=1; критерии основных ролей не достигнуты"
100000004691350100,peripheral,0.48,6,0.3118,граница обхода depth=4; отсутствие исходящих не доказывает удержание
100000004692798100,peripheral,0.42,7,0.6972,"in=2, out=1; критерии основных ролей не достигнуты"
100000004697956100,transit,0.74,41,0.5148,получает от 1 / отправляет 1 узлам; проход 1.00; FIFO 0–2 дня 0%; порядок внутри дня неизвестен
100000004698193100,peripheral,0.42,41,0.7264,"in=2, out=3; критерии основных ролей не достигнуты"
100000004707703100,coordinator,0.94,16,0.8269,достижим из 7 seed; вход от 2 и выход к 5 узлам
100000004713684100,terminal,0.72,0,0.4437,получает от 1 узлов; в выборке исходящих связей нет
100000004714705100,peripheral,0.42,49,0.2629,"in=0, out=1; критерии основных ролей не достигнуты; seed: входящие потоки неполны"
100000004715209100,distributor,0.68,4,0.5502,"переводит 5 получателям; исходящий оборот 350,450 ₸"
100000004717647100,distributor,0.68,50,0.6505,"переводит 5 получателям; исходящий оборот 2,240,000 ₸"
100000004722630100,peripheral,0.48,6,0.3226,граница обхода depth=4; отсутствие исходящих не доказывает удержание
100000004722765100,peripheral,0.42,57,0.6164,"in=1, out=3; критерии основных ролей не достигнуты"
100000004723755100,peripheral,0.42,2,0.2721,"in=0, out=1; критерии основных ролей не достигнуты; seed: входящие потоки неполны"
100000004726132100,peripheral,0.42,0,0.6671,"in=1, out=1; критерии основных ролей не достигнуты"
100000004732589100,terminal,0.72,11,0.4597,получает от 1 узлов; в выборке исходящих связей нет
100000004737477100,transit,0.7811,0,0.6977,получает от 2 / отправляет 1 узлам; проход 0.82; FIFO 0–2 дня 37%; порядок внутри дня неизвестен
100000004737764100,terminal,0.72,2,0.4508,получает от 1 узлов; в выборке исходящих связей нет
100000004739664100,transit,0.7033,22,0.4278,получает от 1 / отправляет 1 узлам; проход 0.83; FIFO 0–2 дня 0%; порядок внутри дня неизвестен
100000004741837100,terminal,0.72,16,0.4259,получает от 1 узлов; в выборке исходящих связей нет
100000004744306100,peripheral,0.42,49,0.666,"in=1, out=2; критерии основных ролей не достигнуты"
100000004746397100,peripheral,0.42,10,0.6572,"in=1, out=1; критерии основных ролей не достигнуты"
100000004747154100,peripheral,0.48,4,0.3256,граница обхода depth=4; отсутствие исходящих не доказывает удержание
100000004750321100,terminal,0.72,18,0.5563,получает от 2 узлов; в выборке исходящих связей нет
100000004750897100,terminal,0.72,3,0.3998,получает от 1 узлов; в выборке исходящих связей нет
100000004756901100,terminal,0.72,16,0.4731,получает от 1 узлов; в выборке исходящих связей нет
100000004759121100,coordinator,0.96,0,0.8838,достижим из 7 seed; вход от 6 и выход к 2 узлам
100000004765639100,transit,0.62,0,0.6351,получает от 1 / отправляет 2 узлам; проход 2.20; FIFO 0–2 дня 45%; порядок внутри дня неизвестен
100000004770073100,transit,0.92,0,0.5488,получает от 1 / отправляет 1 узлам; проход 1.00; FIFO 0–2 дня 100%; порядок внутри дня неизвестен
100000004777215100,peripheral,0.48,32,0.306,граница обхода depth=4; отсутствие исходящих не доказывает удержание
100000004779204100,transit,0.7745,0,0.5759,получает от 1 / отправляет 1 узлам; проход 0.66; FIFO 0–2 дня 50%; порядок внутри дня неизвестен
100000004780083100,peripheral,0.48,56,0.2562,граница обхода depth=4; отсутствие исходящих не доказывает удержание
100000004780327100,peripheral,0.48,47,0.2543,граница обхода depth=4; отсутствие исходящих не доказывает удержание
100000004783447100,terminal,0.72,22,0.3196,получает от 1 узлов; в выборке исходящих связей нет
100000004784224100,peripheral,0.42,21,0.4638,"in=1, out=1; критерии основных ролей не достигнуты"
100000004788983100,peripheral,0.48,0,0.291,граница обхода depth=4; отсутствие исходящих не доказывает удержание
100000004790991100,terminal,0.72,16,0.4965,получает от 1 узлов; в выборке исходящих связей нет
100000004791226100,peripheral,0.48,0,0.3006,граница обхода depth=4; отсутствие исходящих не доказывает удержание
100000004792397100,terminal,0.72,22,0.3545,получает от 1 узлов; в выборке исходящих связей нет
100000004797167100,peripheral,0.48,35,0.2695,граница обхода depth=4; отсутствие исходящих не доказывает удержание
100000004798515100,peripheral,0.48,7,0.366,граница обхода depth=4; отсутствие исходящих не доказывает удержание
100000004800452100,peripheral,0.48,10,0.3027,граница обхода depth=4; отсутствие исходящих не доказывает удержание
100000004800648100,peripheral,0.48,7,0.3571,граница обхода depth=4; отсутствие исходящих не доказывает удержание
100000004806903100,terminal,0.72,2,0.4471,получает от 1 узлов; в выборке исходящих связей нет
100000004813068100,peripheral,0.42,21,0.3017,"in=0, out=3; критерии основных ролей не достигнуты; seed: входящие потоки неполны"
100000004816564100,transit,0.7439,3,0.6339,получает от 1 / отправляет 1 узлам; проход 0.02; FIFO 0–2 дня 100%; порядок внутри дня неизвестен
100000004820260100,transit,0.8757,3,0.7071,получает от 1 / отправляет 3 узлам; проход 0.92; FIFO 0–2 дня 70%; порядок внутри дня неизвестен
100000004825069100,terminal,0.72,22,0.3197,получает от 1 узлов; в выборке исходящих связей нет
100000004840086100,peripheral,0.48,0,0.313,граница обхода depth=4; отсутствие исходящих не доказывает удержание
100000004841728100,terminal,0.72,22,0.3429,получает от 1 узлов; в выборке исходящих связей нет
100000004847758100,coordinator,0.96,2,0.8291,достижим из 7 seed; вход от 4 и выход к 15 узлам
100000004848236100,peripheral,0.48,0,0.2667,граница обхода depth=4; отсутствие исходящих не доказывает удержание
100000004850609100,peripheral,0.48,0,0.3237,граница обхода depth=4; отсутствие исходящих не доказывает удержание
100000004856746100,peripheral,0.48,62,0.3026,граница обхода depth=4; отсутствие исходящих не доказывает удержание
100000004877085100,peripheral,0.42,12,0.6218,"in=1, out=3; критерии основных ролей не достигнуты"
100000004889043100,terminal,0.72,0,0.5882,получает от 2 узлов; в выборке исходящих связей нет
100000004890713100,peripheral,0.48,18,0.3156,граница обхода depth=4; отсутствие исходящих не доказывает удержание
100000004891562100,peripheral,0.48,47,0.3046,граница обхода depth=4; отсутствие исходящих не доказывает удержание
100000004892144100,peripheral,0.42,21,0.7067,"in=2, out=1; критерии основных ролей не достигнуты"
100000004904960100,terminal,0.72,0,0.5502,получает от 2 узлов; в выборке исходящих связей нет
100000004905207100,terminal,0.72,40,0.5155,получает от 1 узлов; в выборке исходящих связей нет
100000004906181100,distributor,0.76,20,0.6623,"переводит 7 получателям; исходящий оборот 2,473,418 ₸"
100000004908173100,peripheral,0.48,4,0.3085,граница обхода depth=4; отсутствие исходящих не доказывает удержание
100000004911971100,peripheral,0.48,20,0.2506,граница обхода depth=4; отсутствие исходящих не доказывает удержание
100000004917367100,terminal,0.72,10,0.5757,получает от 2 узлов; в выборке исходящих связей нет
100000004921657100,transit,0.6023,2,0.5753,получает от 1 / отправляет 1 узлам; проход 2.67; FIFO 0–2 дня 37%; порядок внутри дня неизвестен
100000004931931100,peripheral,0.42,0,0.6006,"in=1, out=1; критерии основных ролей не достигнуты"
100000004948177100,terminal,0.72,16,0.6311,получает от 3 узлов; в выборке исходящих связей нет
100000004950490100,terminal,0.72,1,0.3329,получает от 1 узлов; в выборке исходящих связей нет
100000004959752100,terminal,0.72,2,0.4699,получает от 1 узлов; в выборке исходящих связей нет
100000004962193100,terminal,0.72,0,0.6604,получает от 8 узлов; в выборке исходящих связей нет
100000004970752100,terminal,0.72,0,0.411,получает от 1 узлов; в выборке исходящих связей нет
100000004971871100,peripheral,0.42,52,0.4888,"in=1, out=1; критерии основных ролей не достигнуты; seed: входящие потоки неполны"
100000004975919100,peripheral,0.42,8,0.5996,"in=1, out=2; критерии основных ролей не достигнуты"
100000004976946100,peripheral,0.48,65,0.2988,граница обхода depth=4; отсутствие исходящих не доказывает удержание
100000004979264100,peripheral,0.48,4,0.3245,граница обхода depth=4; отсутствие исходящих не доказывает удержание
100000004979283100,terminal,0.72,18,0.4179,получает от 1 узлов; в выборке исходящих связей нет
100000004979498100,transit,0.8029,58,0.5713,получает от 1 / отправляет 1 узлам; проход 0.29; FIFO 0–2 дня 100%; порядок внутри дня неизвестен
100000004981068100,peripheral,0.48,8,0.3413,граница обхода depth=4; отсутствие исходящих не доказывает удержание
100000004984689100,terminal,0.72,8,0.4758,получает от 1 узлов; в выборке исходящих связей нет
100000004988240100,peripheral,0.48,0,0.2959,граница обхода depth=4; отсутствие исходящих не доказывает удержание
100000004991593100,peripheral,0.48,8,0.3634,граница обхода depth=4; отсутствие исходящих не доказывает удержание
100000004991812100,terminal,0.72,29,0.3731,получает от 1 узлов; в выборке исходящих связей нет
100000004993576100,terminal,0.72,3,0.4884,получает от 1 узлов; в выборке исходящих связей нет
100000004997515100,coordinator,0.96,4,0.79,достижим из 9 seed; вход от 4 и выход к 4 узлам
100000005008589100,terminal,0.72,0,0.4803,получает от 1 узлов; в выборке исходящих связей нет
100000005010159100,peripheral,0.48,8,0.3031,граница обхода depth=4; отсутствие исходящих не доказывает удержание
100000005017150100,peripheral,0.42,75,0.0,"in=0, out=0; нет наблюдаемых рёбер; seed: входящие потоки неполны"
100000005022552100,peripheral,0.42,16,0.6771,"in=1, out=1; критерии основных ролей не достигнуты"
100000005022964100,terminal,0.72,2,0.4278,получает от 1 узлов; в выборке исходящих связей нет
100000005025629100,peripheral,0.48,10,0.3403,граница обхода depth=4; отсутствие исходящих не доказывает удержание
100000005030592100,terminal,0.72,3,0.3973,получает от 1 узлов; в выборке исходящих связей нет
100000005031696100,peripheral,0.42,48,0.6081,"in=1, out=2; критерии основных ролей не достигнуты"
100000005032294100,terminal,0.72,40,0.4255,получает от 1 узлов; в выборке исходящих связей нет
100000005034574100,terminal,0.72,73,0.3718,получает от 1 узлов; в выборке исходящих связей нет
100000005037490100,transit,0.6227,12,0.6176,получает от 1 / отправляет 2 узлам; проход 2.00; FIFO 0–2 дня 47%; порядок внутри дня неизвестен
100000005041147100,peripheral,0.48,0,0.2957,граница обхода depth=4; отсутствие исходящих не доказывает удержание
100000005041905100,peripheral,0.42,22,0.4331,"in=1, out=1; критерии основных ролей не достигнуты"
100000005042822100,peripheral,0.48,36,0.324,граница обхода depth=4; отсутствие исходящих не доказывает удержание
100000005048668100,coordinator,0.94,8,0.7323,достижим из 7 seed; вход от 2 и выход к 8 узлам
100000005049404100,peripheral,0.48,10,0.2899,граница обхода depth=4; отсутствие исходящих не доказывает удержание
100000005052998100,peripheral,0.42,0,0.5978,"in=1, out=1; критерии основных ролей не достигнуты"
100000005053653100,peripheral,0.42,12,0.7035,"in=2, out=1; критерии основных ролей не достигнуты"
100000005055454100,terminal,0.72,27,0.3708,получает от 1 узлов; в выборке исходящих связей нет
100000005056870100,terminal,0.72,55,0.3136,получает от 1 узлов; в выборке исходящих связей нет
100000005059998100,terminal,0.72,0,0.4353,получает от 1 узлов; в выборке исходящих связей нет
100000005061890100,terminal,0.72,2,0.4143,получает от 1 узлов; в выборке исходящих связей нет
100000005074393100,coordinator,0.96,12,0.9446,достижим из 10 seed; вход от 4 и выход к 6 узлам
100000005075949100,peripheral,0.48,57,0.3456,граница обхода depth=4; отсутствие исходящих не доказывает удержание
100000005077484100,transit,0.6543,27,0.5549,получает от 1 / отправляет 2 узлам; проход 0.09; FIFO 0–2 дня 52%; порядок внутри дня неизвестен
100000005079473100,peripheral,0.48,8,0.329,граница обхода depth=4; отсутствие исходящих не доказывает удержание
100000005079754100,peripheral,0.42,2,0.7115,"in=1, out=2; критерии основных ролей не достигнуты"
100000005082652100,terminal,0.72,1,0.4136,получает от 1 узлов; в выборке исходящих связей нет
100000005087431100,peripheral,0.42,76,0.0,"in=0, out=0; нет наблюдаемых рёбер; seed: входящие потоки неполны"
100000005087923100,peripheral,0.48,41,0.2623,граница обхода depth=4; отсутствие исходящих не доказывает удержание
100000005089460100,terminal,0.72,22,0.2821,получает от 1 узлов; в выборке исходящих связей нет
100000005092518100,terminal,0.72,22,0.3194,получает от 1 узлов; в выборке исходящих связей нет
100000005093521100,terminal,0.72,2,0.4929,получает от 1 узлов; в выборке исходящих связей нет
100000005100475100,terminal,0.72,41,0.3386,получает от 1 узлов; в выборке исходящих связей нет
100000005105153100,terminal,0.72,0,0.4117,получает от 1 узлов; в выборке исходящих связей нет
100000005124479100,coordinator,0.94,0,0.8008,достижим из 10 seed; вход от 2 и выход к 2 узлам
100000005127767100,terminal,0.72,19,0.3838,получает от 1 узлов; в выборке исходящих связей нет
100000005133757100,terminal,0.72,8,0.6231,получает от 2 узлов; в выборке исходящих связей нет
100000005140601100,coordinator,0.96,8,0.8638,достижим из 7 seed; вход от 3 и выход к 2 узлам
100000005142492100,peripheral,0.42,41,0.5845,"in=1, out=1; критерии основных ролей не достигнуты"
100000005142589100,terminal,0.72,0,0.4707,получает от 1 узлов; в выборке исходящих связей нет
100000005146665100,peripheral,0.48,44,0.2364,граница обхода depth=4; отсутствие исходящих не доказывает удержание
100000005168487100,peripheral,0.42,11,0.63,"in=1, out=1; критерии основных ролей не достигнуты"
100000005171642100,transit,0.92,41,0.6635,получает от 2 / отправляет 1 узлам; проход 0.98; FIFO 0–2 дня 96%; порядок внутри дня неизвестен
100000005172860100,terminal,0.72,0,0.4456,получает от 1 узлов; в выборке исходящих связей нет
100000005175148100,transit,0.7818,3,0.7622,получает от 2 / отправляет 1 узлам; проход 0.19; FIFO 0–2 дня 100%; порядок внутри дня неизвестен
100000005182219100,terminal,0.72,10,0.6295,получает от 2 узлов; в выборке исходящих связей нет
100000005183943100,terminal,0.72,23,0.4043,получает от 1 узлов; в выборке исходящих связей нет
100000005186109100,terminal,0.72,3,0.4022,получает от 1 узлов; в выборке исходящих связей нет
100000005186131100,transit,0.92,0,0.5602,получает от 1 / отправляет 1 узлам; проход 1.00; FIFO 0–2 дня 100%; порядок внутри дня неизвестен
100000005187208100,terminal,0.72,10,0.4783,получает от 1 узлов; в выборке исходящих связей нет
100000005189258100,peripheral,0.48,10,0.358,граница обхода depth=4; отсутствие исходящих не доказывает удержание
100000005198498100,terminal,0.72,22,0.3061,получает от 1 узлов; в выборке исходящих связей нет
100000005198906100,peripheral,0.42,10,0.6357,"in=1, out=1; критерии основных ролей не достигнуты"
100000005203590100,terminal,0.72,41,0.3982,получает от 1 узлов; в выборке исходящих связей нет
100000005205745100,terminal,0.72,41,0.4215,получает от 1 узлов; в выборке исходящих связей нет
100000005209352100,peripheral,0.48,0,0.2835,граница обхода depth=4; отсутствие исходящих не доказывает удержание
100000005222360100,peripheral,0.42,40,0.5622,"in=1, out=1; критерии основных ролей не достигнуты"
100000005226217100,peripheral,0.48,4,0.3219,граница обхода depth=4; отсутствие исходящих не доказывает удержание
100000005228059100,terminal,0.72,22,0.3189,получает от 1 узлов; в выборке исходящих связей нет
100000005233755100,transit,0.784,28,0.5779,получает от 1 / отправляет 1 узлам; проход 0.20; FIFO 0–2 дня 100%; порядок внутри дня неизвестен
100000005235389100,peripheral,0.42,77,0.0,"in=0, out=0; нет наблюдаемых рёбер; seed: входящие потоки неполны"
100000005237935150,terminal,0.72,24,0.3549,получает от 1 узлов; в выборке исходящих связей нет
100000005241556100,terminal,0.72,35,0.4554,получает от 1 узлов; в выборке исходящих связей нет
100000005242320100,coordinator,0.86,24,0.7451,достижим из 2 seed; вход от 2 и выход к 21 узлам
100000005264874100,peripheral,0.42,26,0.5178,"in=1, out=2; критерии основных ролей не достигнуты"
100000005264990100,peripheral,0.42,49,0.6288,"in=1, out=2; критерии основных ролей не достигнуты; seed: входящие потоки неполны"
100000005265073100,peripheral,0.42,49,0.5913,"in=1, out=1; критерии основных ролей не достигнуты"
100000005268319100,distributor,0.68,0,0.6548,"переводит 5 получателям; исходящий оборот 91,000 ₸"
100000005272139100,peripheral,0.48,16,0.3275,граница обхода depth=4; отсутствие исходящих не доказывает удержание
100000005287097100,coordinator,0.94,16,0.7669,достижим из 7 seed; вход от 2 и выход к 9 узлам
100000005293969100,peripheral,0.48,0,0.292,граница обхода depth=4; отсутствие исходящих не доказывает удержание
100000005308954100,peripheral,0.42,16,0.6226,"in=1, out=1; критерии основных ролей не достигнуты"
100000005314565100,terminal,0.72,0,0.5271,получает от 1 узлов; в выборке исходящих связей нет
100000005316708100,peripheral,0.42,24,0.5846,"in=1, out=2; критерии основных ролей не достигнуты"
100000005317181100,peripheral,0.42,0,0.6602,"in=1, out=1; критерии основных ролей не достигнуты"
100000005326681100,terminal,0.72,3,0.4346,получает от 1 узлов; в выборке исходящих связей нет
100000005328215100,terminal,0.72,11,0.3948,получает от 1 узлов; в выборке исходящих связей нет
100000005339662100,coordinator,0.96,3,0.8645,достижим из 7 seed; вход от 4 и выход к 4 узлам
100000005342513100,transit,0.7681,22,0.5777,получает от 1 / отправляет 1 узлам; проход 0.13; FIFO 0–2 дня 100%; порядок внутри дня неизвестен
100000005357034100,terminal,0.72,0,0.4268,получает от 1 узлов; в выборке исходящих связей нет
100000005357705100,peripheral,0.42,8,0.6591,"in=1, out=4; критерии основных ролей не достигнуты"
100000005360814100,peripheral,0.48,8,0.352,граница обхода depth=4; отсутствие исходящих не доказывает удержание
100000005362848100,terminal,0.72,18,0.4071,получает от 1 узлов; в выборке исходящих связей нет
100000005363908100,transit,0.92,71,0.4904,получает от 1 / отправляет 1 узлам; проход 1.00; FIFO 0–2 дня 100%; порядок внутри дня неизвестен
100000005367180100,peripheral,0.48,8,0.3078,граница обхода depth=4; отсутствие исходящих не доказывает удержание
100000005367284100,peripheral,0.42,0,0.6004,"in=1, out=2; критерии основных ролей не достигнуты"
100000005367445100,transit,0.92,4,0.6229,получает от 1 / отправляет 1 узлам; проход 1.00; FIFO 0–2 дня 100%; порядок внутри дня неизвестен
100000005370558100,peripheral,0.48,0,0.3069,граница обхода depth=4; отсутствие исходящих не доказывает удержание
100000005370580100,peripheral,0.42,12,0.4411,"in=1, out=0; критерии основных ролей не достигнуты; seed: входящие потоки неполны"
100000005375968100,peripheral,0.42,0,0.6537,"in=1, out=2; критерии основных ролей не достигнуты"
100000005382566100,peripheral,0.42,49,0.8317,"in=7, out=1; критерии основных ролей не достигнуты; seed: входящие потоки неполны"
100000005386383100,peripheral,0.42,49,0.6465,"in=2, out=1; критерии основных ролей не достигнуты; seed: входящие потоки неполны"
100000005392290100,peripheral,0.42,68,0.2675,"in=0, out=1; критерии основных ролей не достигнуты; seed: входящие потоки неполны"
100000005394708100,transit,0.608,49,0.4841,получает от 1 / отправляет 1 узлам; проход 2.50; FIFO 0–2 дня 40%; порядок внутри дня неизвестен
100000005395727100,peripheral,0.42,3,0.3848,"in=1, out=0; критерии основных ролей не достигнуты; seed: входящие потоки неполны"
100000005402643100,transit,0.6749,4,0.5161,получает от 1 / отправляет 1 узлам; проход 0.70; FIFO 0–2 дня 0%; порядок внутри дня неизвестен
100000005409156100,terminal,0.72,10,0.6485,получает от 2 узлов; в выборке исходящих связей нет
100000005409680100,peripheral,0.42,43,0.6442,"in=2, out=0; критерии основных ролей не достигнуты; seed: входящие потоки неполны"
100000005413948100,peripheral,0.42,4,0.7849,"in=2, out=1; критерии основных ролей не достигнуты"
100000005417257100,peripheral,0.42,49,0.2877,"in=0, out=2; критерии основных ролей не достигнуты; seed: входящие потоки неполны"
100000005432267100,terminal,0.72,2,0.6718,получает от 2 узлов; в выборке исходящих связей нет
100000005454368100,peripheral,0.42,12,0.5522,"in=2, out=0; критерии основных ролей не достигнуты; seed: входящие потоки неполны"
100000005456919100,transit,0.7423,9,0.6535,получает от 2 / отправляет 1 узлам; проход 0.01; FIFO 0–2 дня 100%; порядок внутри дня неизвестен
100000005473151100,coordinator,0.96,18,0.8346,достижим из 9 seed; вход от 3 и выход к 4 узлам
100000005474472100,terminal,0.72,21,0.3711,получает от 1 узлов; в выборке исходящих связей нет
100000005475379100,transit,0.6844,11,0.7376,получает от 1 / отправляет 3 узлам; проход 0.75; FIFO 0–2 дня 0%; порядок внутри дня неизвестен
100000005480435100,peripheral,0.42,78,0.0,"in=0, out=0; нет наблюдаемых рёбер; seed: входящие потоки неполны"
100000005481280100,peripheral,0.42,3,0.6054,"in=1, out=3; критерии основных ролей не достигнуты"
100000005485830100,distributor,0.64,55,0.3076,"переводит 5 получателям; исходящий оборот 275,885 ₸; seed: входящие потоки неполны"
100000005493505100,peripheral,0.42,12,0.6329,"in=3, out=0; критерии основных ролей не достигнуты; seed: входящие потоки неполны"
100000005495211100,peripheral,0.48,0,0.3025,граница обхода depth=4; отсутствие исходящих не доказывает удержание
100000005495722100,peripheral,0.42,79,0.0,"in=0, out=0; нет наблюдаемых рёбер; seed: входящие потоки неполны"
100000005496254100,terminal,0.72,0,0.4363,получает от 1 узлов; в выборке исходящих связей нет
100000005497148100,peripheral,0.48,10,0.2951,граница обхода depth=4; отсутствие исходящих не доказывает удержание
100000005498992100,distributor,0.88,4,0.3384,"переводит 16 получателям; исходящий оборот 2,262,868 ₸; seed: входящие потоки неполны"
100000005505655100,transit,0.7968,13,0.7366,получает от 2 / отправляет 1 узлам; проход 0.60; FIFO 0–2 дня 65%; порядок внутри дня неизвестен
100000005507142100,consolidator,0.72,26,0.6442,"получает от 3 узлов; дальше переводит 100,000 ₸"
100000005514161100,consolidator,0.69,24,0.8218,"получает от 4 узлов; дальше переводит 50,000 ₸"
100000005519347100,peripheral,0.42,16,0.7167,"in=2, out=1; критерии основных ролей не достигнуты; seed: входящие потоки неполны"
100000005519998100,coordinator,0.96,62,0.7827,достижим из 7 seed; вход от 3 и выход к 3 узлам
100000005523088100,peripheral,0.42,49,0.558,"in=1, out=0; критерии основных ролей не достигнуты; seed: входящие потоки неполны"
100000005527892100,coordinator,0.96,35,0.8568,достижим из 8 seed; вход от 3 и выход к 8 узлам
100000005530114100,transit,0.7802,28,0.7943,получает от 2 / отправляет 1 узлам; проход 0.18; FIFO 0–2 дня 100%; порядок внутри дня неизвестен
100000005532138100,terminal,0.72,1,0.4386,получает от 1 узлов; в выборке исходящих связей нет
100000005539201100,peripheral,0.42,16,0.5794,"in=1, out=1; критерии основных ролей не достигнуты"
100000005539910100,peripheral,0.42,2,0.6161,"in=1, out=2; критерии основных ролей не достигнуты"
100000005543136100,peripheral,0.42,12,0.2825,"in=0, out=1; критерии основных ролей не достигнуты; seed: входящие потоки неполны"
100000005546031100,consolidator,0.64,71,0.6189,"получает от 3 узлов; дальше переводит 8,000 ₸"
100000005547096100,peripheral,0.42,71,0.5349,"in=1, out=2; критерии основных ролей не достигнуты"
100000005550592100,peripheral,0.42,80,0.0,"in=0, out=0; нет наблюдаемых рёбер; seed: входящие потоки неполны"
100000005553088100,peripheral,0.48,8,0.2904,граница обхода depth=4; отсутствие исходящих не доказывает удержание
100000005560900100,peripheral,0.42,81,0.0,"in=0, out=0; нет наблюдаемых рёбер; seed: входящие потоки неполны"
100000005561741100,terminal,0.72,18,0.4275,получает от 1 узлов; в выборке исходящих связей нет
100000005567828100,peripheral,0.48,18,0.336,граница обхода depth=4; отсутствие исходящих не доказывает удержание
100000005568407100,peripheral,0.42,82,0.0,"in=0, out=0; нет наблюдаемых рёбер; seed: входящие потоки неполны"
100000005572303100,peripheral,0.42,16,0.5697,"in=1, out=1; критерии основных ролей не достигнуты"
100000005578559100,coordinator,0.94,18,0.7582,достижим из 7 seed; вход от 2 и выход к 21 узлам
100000005584222100,coordinator,0.94,0,0.8352,достижим из 7 seed; вход от 2 и выход к 2 узлам
100000005588444100,terminal,0.72,1,0.3401,получает от 1 узлов; в выборке исходящих связей нет
100000005589319100,peripheral,0.48,2,0.3483,граница обхода depth=4; отсутствие исходящих не доказывает удержание
100000005602999100,peripheral,0.42,53,0.5849,"in=1, out=2; критерии основных ролей не достигнуты"
100000005608515100,terminal,0.72,1,0.3117,получает от 1 узлов; в выборке исходящих связей нет
100000005610717100,consolidator,0.69,0,0.8027,"получает от 4 узлов; дальше переводит 265,200 ₸"
100000005612411100,coordinator,0.96,2,0.8177,достижим из 8 seed; вход от 3 и выход к 8 узлам
100000005614315100,terminal,0.72,16,0.4428,получает от 1 узлов; в выборке исходящих связей нет
100000005616568100,peripheral,0.48,10,0.3188,граница обхода depth=4; отсутствие исходящих не доказывает удержание
100000005619339100,transit,0.7205,16,0.5885,получает от 1 / отправляет 1 узлам; проход 1.09; FIFO 0–2 дня 0%; порядок внутри дня неизвестен
100000005620225100,terminal,0.72,0,0.5654,получает от 2 узлов; в выборке исходящих связей нет
100000005621418100,peripheral,0.48,14,0.3117,граница обхода depth=4; отсутствие исходящих не доказывает удержание
100000005628518100,terminal,0.72,43,0.4108,получает от 1 узлов; в выборке исходящих связей нет
100000005634552100,peripheral,0.42,0,0.6304,"in=1, out=3; критерии основных ролей не достигнуты"
100000005636951100,peripheral,0.48,41,0.28,граница обхода depth=4; отсутствие исходящих не доказывает удержание
100000005660203100,transit,0.7557,16,0.6462,получает от 1 / отправляет 2 узлам; проход 0.07; FIFO 0–2 дня 100%; порядок внутри дня неизвестен
100000005661528100,terminal,0.72,8,0.4488,получает от 1 узлов; в выборке исходящих связей нет
100000005661829100,transit,0.9092,43,0.6238,получает от 1 / отправляет 2 узлам; проход 1.07; FIFO 0–2 дня 84%; порядок внутри дня неизвестен
100000005664632100,terminal,0.72,74,0.4611,получает от 1 узлов; в выборке исходящих связей нет
100000005664922100,peripheral,0.42,21,0.6345,"in=2, out=3; критерии основных ролей не достигнуты"
100000005665181100,coordinator,0.96,10,0.8164,достижим из 7 seed; вход от 4 и выход к 11 узлам
100000005667841100,terminal,0.72,4,0.5789,получает от 2 узлов; в выборке исходящих связей нет
100000005668605100,peripheral,0.42,49,0.6708,"in=3, out=0; критерии основных ролей не достигнуты; seed: входящие потоки неполны"
100000005669845100,terminal,0.72,27,0.3339,получает от 1 узлов; в выборке исходящих связей нет
100000005674387100,terminal,0.72,22,0.303,получает от 1 узлов; в выборке исходящих связей нет
100000005685783100,peripheral,0.48,22,0.2636,граница обхода depth=4; отсутствие исходящих не доказывает удержание
100000005704413100,coordinator,0.96,18,0.8035,достижим из 7 seed; вход от 3 и выход к 32 узлам
100000005709551100,terminal,0.72,12,0.4497,получает от 1 узлов; в выборке исходящих связей нет
100000005711521100,peripheral,0.48,12,0.3171,граница обхода depth=4; отсутствие исходящих не доказывает удержание
100000005723580100,peripheral,0.48,4,0.3166,граница обхода depth=4; отсутствие исходящих не доказывает удержание
100000005730108100,terminal,0.72,0,0.3731,получает от 1 узлов; в выборке исходящих связей нет
100000005744674100,peripheral,0.42,49,0.2858,"in=0, out=1; критерии основных ролей не достигнуты; seed: входящие потоки неполны"
100000005745873100,peripheral,0.48,65,0.2964,граница обхода depth=4; отсутствие исходящих не доказывает удержание
100000005754335100,terminal,0.72,66,0.5056,получает от 1 узлов; в выборке исходящих связей нет
100000005756189100,transit,0.906,10,0.6012,получает от 1 / отправляет 1 узлам; проход 0.75; FIFO 0–2 дня 100%; порядок внутри дня неизвестен
100000005756535100,terminal,0.72,22,0.3533,получает от 1 узлов; в выборке исходящих связей нет
100000005767403100,peripheral,0.48,62,0.373,граница обхода depth=4; отсутствие исходящих не доказывает удержание
100000005778283100,terminal,0.72,1,0.6614,получает от 3 узлов; в выборке исходящих связей нет
100000005782781100,coordinator,0.96,1,0.8508,достижим из 7 seed; вход от 6 и выход к 10 узлам
100000005782886100,peripheral,0.48,4,0.3185,граница обхода depth=4; отсутствие исходящих не доказывает удержание
100000005783452100,peripheral,0.48,24,0.4266,граница обхода depth=4; отсутствие исходящих не доказывает удержание
100000005799271100,terminal,0.72,11,0.4436,получает от 1 узлов; в выборке исходящих связей нет
100000005807278100,terminal,0.72,55,0.2868,получает от 1 узлов; в выборке исходящих связей нет
100000005809252100,terminal,0.72,10,0.4075,получает от 1 узлов; в выборке исходящих связей нет
100000005815602100,peripheral,0.42,16,0.5509,"in=1, out=1; критерии основных ролей не достигнуты"
100000005820746100,peripheral,0.42,21,0.5938,"in=1, out=1; критерии основных ролей не достигнуты"
100000005830339100,consolidator,0.74,2,0.8313,"получает от 5 узлов; дальше переводит 339,251 ₸"
100000005834479100,peripheral,0.42,8,0.5967,"in=1, out=2; критерии основных ролей не достигнуты"
100000005844459100,terminal,0.72,0,0.6203,получает от 2 узлов; в выборке исходящих связей нет
100000005847078100,terminal,0.72,22,0.2869,получает от 1 узлов; в выборке исходящих связей нет
100000005849100100,terminal,0.72,2,0.4473,получает от 1 узлов; в выборке исходящих связей нет
100000005849862100,peripheral,0.48,1,0.3,граница обхода depth=4; отсутствие исходящих не доказывает удержание
100000005852946100,terminal,0.72,2,0.5073,получает от 1 узлов; в выборке исходящих связей нет
100000005857058100,terminal,0.72,0,0.6336,получает от 3 узлов; в выборке исходящих связей нет
100000005873152100,transit,0.74,11,0.6127,получает от 1 / отправляет 1 узлам; проход 1.00; FIFO 0–2 дня 0%; порядок внутри дня неизвестен
100000005877725100,terminal,0.72,22,0.3524,получает от 1 узлов; в выборке исходящих связей нет
100000005878334100,peripheral,0.48,35,0.3019,граница обхода depth=4; отсутствие исходящих не доказывает удержание
100000005882013100,transit,0.7563,12,0.8059,получает от 2 / отправляет 1 узлам; проход 0.07; FIFO 0–2 дня 100%; порядок внутри дня неизвестен
100000005888829100,peripheral,0.48,4,0.3617,граница обхода depth=4; отсутствие исходящих не доказывает удержание
100000005893892100,terminal,0.72,10,0.4705,получает от 1 узлов; в выборке исходящих связей нет
100000005895525100,terminal,0.72,55,0.3582,получает от 1 узлов; в выборке исходящих связей нет
100000005897462100,terminal,0.72,11,0.5266,получает от 1 узлов; в выборке исходящих связей нет
100000005901606100,terminal,0.72,22,0.3296,получает от 1 узлов; в выборке исходящих связей нет
100000005904580100,terminal,0.72,7,0.5846,получает от 2 узлов; в выборке исходящих связей нет
100000005910114100,coordinator,0.96,0,0.8604,достижим из 7 seed; вход от 3 и выход к 19 узлам
100000005910895100,peripheral,0.48,53,0.3282,граница обхода depth=4; отсутствие исходящих не доказывает удержание
100000005911352100,coordinator,0.94,19,0.6654,достижим из 7 seed; вход от 2 и выход к 3 узлам
100000005931985100,terminal,0.72,24,0.3803,получает от 1 узлов; в выборке исходящих связей нет
100000005932987100,terminal,0.72,62,0.4549,получает от 1 узлов; в выборке исходящих связей нет
100000005933757100,coordinator,0.96,40,0.8264,достижим из 7 seed; вход от 4 и выход к 34 узлам
100000005939154100,terminal,0.72,16,0.3943,получает от 1 узлов; в выборке исходящих связей нет
100000005940652100,terminal,0.72,51,0.4059,получает от 1 узлов; в выборке исходящих связей нет
100000005941908100,terminal,0.72,40,0.4448,получает от 1 узлов; в выборке исходящих связей нет
100000005942793100,terminal,0.72,0,0.5974,получает от 4 узлов; в выборке исходящих связей нет
100000005958064100,peripheral,0.42,40,0.5871,"in=1, out=2; критерии основных ролей не достигнуты"
100000005961971100,terminal,0.72,22,0.3398,получает от 1 узлов; в выборке исходящих связей нет
100000005974542100,terminal,0.72,29,0.5014,получает от 1 узлов; в выборке исходящих связей нет
100000005979037100,peripheral,0.48,8,0.2931,граница обхода depth=4; отсутствие исходящих не доказывает удержание
100000005995391100,terminal,0.72,22,0.2886,получает от 1 узлов; в выборке исходящих связей нет
100000005996909100,terminal,0.72,3,0.4422,получает от 1 узлов; в выборке исходящих связей нет
100000006008169100,terminal,0.72,7,0.3765,получает от 1 узлов; в выборке исходящих связей нет
100000006020215100,transit,0.7121,12,0.6164,получает от 1 / отправляет 2 узлам; проход 1.13; FIFO 0–2 дня 0%; порядок внутри дня неизвестен
100000006030946100,terminal,0.72,22,0.3543,получает от 1 узлов; в выборке исходящих связей нет
100000006048193100,terminal,0.72,0,0.4799,получает от 1 узлов; в выборке исходящих связей нет
100000006069103100,coordinator,0.96,5,0.8366,достижим из 7 seed; вход от 3 и выход к 3 узлам
100000006100920100,terminal,0.72,0,0.5073,получает от 1 узлов; в выборке исходящих связей нет
100000006111439100,coordinator,0.96,10,0.8224,достижим из 7 seed; вход от 3 и выход к 4 узлам
100000006111442100,terminal,0.72,4,0.4684,получает от 1 узлов; в выборке исходящих связей нет
100000006122699100,terminal,0.72,16,0.5558,получает от 2 узлов; в выборке исходящих связей нет
100000006126743100,terminal,0.72,10,0.4586,получает от 1 узлов; в выборке исходящих связей нет
100000006161893100,terminal,0.72,16,0.3946,получает от 1 узлов; в выборке исходящих связей нет
100000006165886100,transit,0.8294,0,0.7603,получает от 2 / отправляет 1 узлам; проход 0.41; FIFO 0–2 дня 100%; порядок внутри дня неизвестен
100000006169033100,peripheral,0.42,66,0.7025,"in=1, out=3; критерии основных ролей не достигнуты"
100000006171671100,peripheral,0.48,0,0.2929,граница обхода depth=4; отсутствие исходящих не доказывает удержание
100000006177176100,terminal,0.72,16,0.413,получает от 1 узлов; в выборке исходящих связей нет
100000006209210100,terminal,0.72,1,0.5065,получает от 1 узлов; в выборке исходящих связей нет
100000006225798100,coordinator,0.96,28,0.8076,достижим из 7 seed; вход от 3 и выход к 2 узлам
100000006232642100,peripheral,0.48,66,0.3622,граница обхода depth=4; отсутствие исходящих не доказывает удержание
100000006232815100,distributor,0.68,27,0.5589,"переводит 5 получателям; исходящий оборот 296,500 ₸; seed: входящие потоки неполны"
100000006240939100,distributor,0.68,41,0.5959,"переводит 5 получателям; исходящий оборот 778,015 ₸"
100000006248077100,terminal,0.72,16,0.4353,получает от 1 узлов; в выборке исходящих связей нет
100000006249740100,peripheral,0.42,83,0.296,"in=0, out=3; критерии основных ролей не достигнуты; seed: входящие потоки неполны"
100000006257675100,peripheral,0.48,32,0.3065,граница обхода depth=4; отсутствие исходящих не доказывает удержание
100000006274203100,coordinator,0.94,43,0.9163,достижим из 9 seed; вход от 2 и выход к 3 узлам
100000006288612100,peripheral,0.48,7,0.3217,граница обхода depth=4; отсутствие исходящих не доказывает удержание
100000006308406100,peripheral,0.48,32,0.3246,граница обхода depth=4; отсутствие исходящих не доказывает удержание
100000006326645100,terminal,0.72,22,0.3178,получает от 1 узлов; в выборке исходящих связей нет
100000006351075100,peripheral,0.48,65,0.2585,граница обхода depth=4; отсутствие исходящих не доказывает удержание
100000006369769100,terminal,0.72,22,0.3341,получает от 1 узлов; в выборке исходящих связей нет
100000006381453100,peripheral,0.48,4,0.3369,граница обхода depth=4; отсутствие исходящих не доказывает удержание
100000006385877100,peripheral,0.42,4,0.5518,"in=1, out=1; критерии основных ролей не достигнуты"
100000006412162100,peripheral,0.48,47,0.2597,граница обхода depth=4; отсутствие исходящих не доказывает удержание
100000006416061100,peripheral,0.48,0,0.2953,граница обхода depth=4; отсутствие исходящих не доказывает удержание
100000006424479100,peripheral,0.42,12,0.7162,"in=1, out=2; критерии основных ролей не достигнуты"
100000006443391100,consolidator,0.68,4,0.7506,"получает от 3 узлов; дальше переводит 60,042 ₸"
100000006444163100,terminal,0.72,0,0.4504,получает от 1 узлов; в выборке исходящих связей нет
100000006445501100,terminal,0.72,11,0.5232,получает от 1 узлов; в выборке исходящих связей нет
100000006446271100,terminal,0.72,2,0.6474,получает от 2 узлов; в выборке исходящих связей нет
100000006471232100,terminal,0.72,22,0.3171,получает от 1 узлов; в выборке исходящих связей нет
100000006476758100,terminal,0.72,11,0.523,получает от 1 узлов; в выборке исходящих связей нет
100000006490557100,terminal,0.72,1,0.2713,получает от 1 узлов; в выборке исходящих связей нет
100000006490615100,peripheral,0.48,12,0.2966,граница обхода depth=4; отсутствие исходящих не доказывает удержание
100000006491272100,terminal,0.72,22,0.303,получает от 1 узлов; в выборке исходящих связей нет
100000006491963100,peripheral,0.48,47,0.2614,граница обхода depth=4; отсутствие исходящих не доказывает удержание
100000006492770100,transit,0.7564,0,0.6425,получает от 1 / отправляет 1 узлам; проход 0.07; FIFO 0–2 дня 100%; порядок внутри дня неизвестен
100000006512787100,peripheral,0.48,0,0.296,граница обхода depth=4; отсутствие исходящих не доказывает удержание
100000006518161100,coordinator,0.96,16,0.8401,достижим из 7 seed; вход от 3 и выход к 2 узлам
100000006522972100,terminal,0.72,10,0.4668,получает от 1 узлов; в выборке исходящих связей нет
100000006523053100,terminal,0.72,2,0.4432,получает от 1 узлов; в выборке исходящих связей нет
100000006527156100,peripheral,0.48,57,0.2731,граница обхода depth=4; отсутствие исходящих не доказывает удержание
100000006530134100,terminal,0.72,10,0.5891,получает от 2 узлов; в выборке исходящих связей нет
100000006532229100,terminal,0.72,4,0.4591,получает от 1 узлов; в выборке исходящих связей нет
100000006534886100,peripheral,0.42,16,0.6673,"in=1, out=1; критерии основных ролей не достигнуты"
100000006557763100,terminal,0.72,2,0.4231,получает от 1 узлов; в выборке исходящих связей нет
100000006562026100,terminal,0.72,83,0.4793,получает от 2 узлов; в выборке исходящих связей нет
100000006564102100,terminal,0.72,2,0.5816,получает от 1 узлов; в выборке исходящих связей нет
100000006567935100,terminal,0.72,33,0.4458,получает от 1 узлов; в выборке исходящих связей нет
100000006573438100,terminal,0.72,66,0.4402,получает от 1 узлов; в выборке исходящих связей нет
100000006579678100,coordinator,0.94,16,0.8318,достижим из 7 seed; вход от 2 и выход к 6 узлам
100000006595426100,terminal,0.72,0,0.4853,получает от 1 узлов; в выборке исходящих связей нет
100000006612238100,transit,0.7744,22,0.5245,получает от 1 / отправляет 1 узлам; проход 0.16; FIFO 0–2 дня 100%; порядок внутри дня неизвестен
100000006638021100,peripheral,0.48,60,0.4211,граница обхода depth=4; отсутствие исходящих не доказывает удержание
100000006641671100,transit,0.886,8,0.7825,получает от 2 / отправляет 1 узлам; проход 1.14; FIFO 0–2 дня 80%; порядок внутри дня неизвестен
100000006656003100,transit,0.839,22,0.4682,получает от 1 / отправляет 1 узлам; проход 0.45; FIFO 0–2 дня 100%; порядок внутри дня неизвестен
100000006658598100,terminal,0.72,16,0.4131,получает от 1 узлов; в выборке исходящих связей нет
100000006664478100,transit,0.8667,41,0.5313,получает от 1 / отправляет 2 узлам; проход 1.09; FIFO 0–2 дня 67%; порядок внутри дня неизвестен
100000006679055100,terminal,0.72,2,0.5189,получает от 1 узлов; в выборке исходящих связей нет
100000006684930100,terminal,0.72,12,0.4516,получает от 1 узлов; в выборке исходящих связей нет
100000006687202100,terminal,0.72,0,0.4817,получает от 1 узлов; в выборке исходящих связей нет
100000006689603100,peripheral,0.48,8,0.373,граница обхода depth=4; отсутствие исходящих не доказывает удержание
100000006693788100,peripheral,0.48,0,0.2956,граница обхода depth=4; отсутствие исходящих не доказывает удержание
100000006701983100,terminal,0.72,22,0.3043,получает от 1 узлов; в выборке исходящих связей нет
100000006704530100,transit,0.729,14,0.6061,получает от 1 / отправляет 3 узлам; проход 0.95; FIFO 0–2 дня 0%; порядок внутри дня неизвестен
100000006706519100,peripheral,0.48,0,0.2944,граница обхода depth=4; отсутствие исходящих не доказывает удержание
100000006707582100,distributor,0.94,11,0.7628,"переводит 14 получателям; исходящий оборот 961,138 ₸"
100000006710485100,terminal,0.72,22,0.2937,получает от 1 узлов; в выборке исходящих связей нет
100000006714366100,transit,0.8448,12,0.5541,получает от 1 / отправляет 1 узлам; проход 0.48; FIFO 0–2 дня 100%; порядок внутри дня неизвестен
100000006734214100,coordinator,0.96,10,0.8643,достижим из 7 seed; вход от 5 и выход к 3 узлам
100000006734554100,peripheral,0.42,27,0.4648,"in=1, out=1; критерии основных ролей не достигнуты"
100000006735545100,peripheral,0.48,8,0.3105,граница обхода depth=4; отсутствие исходящих не доказывает удержание
100000006745291100,terminal,0.72,11,0.5196,получает от 1 узлов; в выборке исходящих связей нет
100000006746688100,terminal,0.72,22,0.3161,получает от 1 узлов; в выборке исходящих связей нет
100000006755850100,terminal,0.72,10,0.5007,получает от 1 узлов; в выборке исходящих связей нет
100000006756956100,peripheral,0.48,0,0.3588,граница обхода depth=4; отсутствие исходящих не доказывает удержание
100000006787636100,terminal,0.72,5,0.3958,получает от 1 узлов; в выборке исходящих связей нет
100000006788200100,coordinator,0.96,41,0.826,достижим из 7 seed; вход от 4 и выход к 3 узлам
100000006789108100,terminal,0.72,11,0.4924,получает от 1 узлов; в выборке исходящих связей нет
100000006831291100,peripheral,0.42,83,0.2692,"in=0, out=1; критерии основных ролей не достигнуты; seed: входящие потоки неполны"
100000006844004100,terminal,0.72,0,0.4018,получает от 1 узлов; в выборке исходящих связей нет
100000006844768100,peripheral,0.42,0,0.6503,"in=1, out=2; критерии основных ролей не достигнуты"
100000006852430100,terminal,0.72,11,0.458,получает от 1 узлов; в выборке исходящих связей нет
100000006866783100,distributor,0.94,0,0.8633,"переводит 67 получателям; исходящий оборот 3,948,037 ₸; seed: входящие потоки неполны"
100000006866831100,peripheral,0.48,0,0.2863,граница обхода depth=4; отсутствие исходящих не доказывает удержание
100000006882208100,terminal,0.72,16,0.5095,получает от 1 узлов; в выборке исходящих связей нет
100000006888238100,peripheral,0.42,52,0.5061,"in=1, out=1; критерии основных ролей не достигнуты"
100000006889963100,consolidator,0.69,10,0.8796,"получает от 4 узлов; дальше переводит 443,476 ₸"
100000006894637100,terminal,0.72,0,0.4712,получает от 1 узлов; в выборке исходящих связей нет
100000006901046100,transit,0.756,16,0.6098,получает от 1 / отправляет 1 узлам; проход 0.07; FIFO 0–2 дня 100%; порядок внутри дня неизвестен
100000006903193100,peripheral,0.48,0,0.3317,граница обхода depth=4; отсутствие исходящих не доказывает удержание
100000006912294100,peripheral,0.42,4,0.536,"in=1, out=2; критерии основных ролей не достигнуты"
100000006918814100,peripheral,0.48,2,0.3421,граница обхода depth=4; отсутствие исходящих не доказывает удержание
100000006919124100,terminal,0.72,0,0.4374,получает от 1 узлов; в выборке исходящих связей нет
100000006952718100,terminal,0.72,16,0.457,получает от 1 узлов; в выборке исходящих связей нет
100000006965162100,terminal,0.72,15,0.3762,получает от 1 узлов; в выборке исходящих связей нет
100000006967370100,transit,0.8296,28,0.5901,получает от 1 / отправляет 1 узлам; проход 0.41; FIFO 0–2 дня 100%; порядок внутри дня неизвестен
100000006972210100,terminal,0.72,4,0.6586,получает от 3 узлов; в выборке исходящих связей нет
100000006977207100,distributor,0.92,35,0.6981,"переводит 15 получателям; исходящий оборот 4,157,018 ₸"
100000006989106100,terminal,0.72,1,0.3565,получает от 1 узлов; в выборке исходящих связей нет
100000006989232100,terminal,0.72,0,0.4478,получает от 1 узлов; в выборке исходящих связей нет
100000006994985100,transit,0.7863,41,0.6019,получает от 1 / отправляет 1 узлам; проход 0.21; FIFO 0–2 дня 100%; порядок внутри дня неизвестен
100000007005380100,terminal,0.72,10,0.466,получает от 1 узлов; в выборке исходящих связей нет
100000007018630100,peripheral,0.42,37,0.2726,"in=0, out=1; критерии основных ролей не достигнуты; seed: входящие потоки неполны"
100000007020162100,terminal,0.72,40,0.4576,получает от 1 узлов; в выборке исходящих связей нет
100000007022818100,terminal,0.72,22,0.2886,получает от 1 узлов; в выборке исходящих связей нет
100000007034089100,peripheral,0.48,4,0.429,граница обхода depth=4; отсутствие исходящих не доказывает удержание
100000007042175100,peripheral,0.48,0,0.3065,граница обхода depth=4; отсутствие исходящих не доказывает удержание
100000007055802100,consolidator,0.79,0,0.8928,"получает от 6 узлов; дальше переводит 605,000 ₸"
100000007071852100,peripheral,0.48,8,0.3838,граница обхода depth=4; отсутствие исходящих не доказывает удержание
100000007129492100,transit,0.8342,11,0.7559,получает от 2 / отправляет 1 узлам; проход 0.73; FIFO 0–2 дня 70%; порядок внутри дня неизвестен
100000007131370100,transit,0.74,3,0.5916,получает от 1 / отправляет 1 узлам; проход 1.00; FIFO 0–2 дня 0%; порядок внутри дня неизвестен
100000007138613100,coordinator,0.96,0,0.8177,достижим из 7 seed; вход от 3 и выход к 2 узлам
100000007140834100,terminal,0.72,41,0.4105,получает от 1 узлов; в выборке исходящих связей нет
100000007153161100,peripheral,0.48,0,0.302,граница обхода depth=4; отсутствие исходящих не доказывает удержание
100000007170072100,transit,0.92,8,0.6577,получает от 1 / отправляет 2 узлам; проход 0.99; FIFO 0–2 дня 100%; порядок внутри дня неизвестен
100000007173936100,terminal,0.72,33,0.3668,получает от 1 узлов; в выборке исходящих связей нет
100000007175718100,terminal,0.72,55,0.3136,получает от 1 узлов; в выборке исходящих связей нет
100000007181706100,terminal,0.72,2,0.6596,получает от 2 узлов; в выборке исходящих связей нет
100000007197866100,transit,0.905,8,0.5781,получает от 1 / отправляет 1 узлам; проход 0.75; FIFO 0–2 дня 100%; порядок внутри дня неизвестен
100000007229557100,terminal,0.72,46,0.647,получает от 3 узлов; в выборке исходящих связей нет
100000007242833100,transit,0.8321,7,0.5993,получает от 1 / отправляет 1 узлам; проход 0.42; FIFO 0–2 дня 100%; порядок внутри дня неизвестен
100000007267915100,transit,0.7348,28,0.6945,получает от 2 / отправляет 1 узлам; проход 0.48; FIFO 0–2 дня 50%; порядок внутри дня неизвестен
100000007274584100,terminal,0.72,2,0.5232,получает от 1 узлов; в выборке исходящих связей нет
100000007281639100,terminal,0.72,16,0.5874,получает от 2 узлов; в выборке исходящих связей нет
100000007283257100,terminal,0.72,73,0.3658,получает от 1 узлов; в выборке исходящих связей нет
100000007289427100,terminal,0.72,2,0.3459,получает от 1 узлов; в выборке исходящих связей нет
100000007303047100,terminal,0.72,22,0.3248,получает от 1 узлов; в выборке исходящих связей нет
100000007311010100,peripheral,0.42,2,0.7755,"in=2, out=1; критерии основных ролей не достигнуты"
100000007322059100,transit,0.8422,42,0.6935,получает от 2 / отправляет 1 узлам; проход 0.78; FIFO 0–2 дня 69%; порядок внутри дня неизвестен
100000007330432100,peripheral,0.48,84,0.355,граница обхода depth=4; отсутствие исходящих не доказывает удержание
100000007333038100,peripheral,0.42,24,0.5224,"in=1, out=2; критерии основных ролей не достигнуты"
100000007334196100,terminal,0.72,11,0.5415,получает от 1 узлов; в выборке исходящих связей нет
100000007337374100,terminal,0.72,22,0.3069,получает от 1 узлов; в выборке исходящих связей нет
100000007347733100,terminal,0.72,83,0.3364,получает от 1 узлов; в выборке исходящих связей нет
100000007357489100,peripheral,0.48,4,0.4235,граница обхода depth=4; отсутствие исходящих не доказывает удержание
100000007381662100,peripheral,0.48,0,0.3246,граница обхода depth=4; отсутствие исходящих не доказывает удержание
100000007382152100,terminal,0.72,0,0.3896,получает от 1 узлов; в выборке исходящих связей нет
100000007382543100,coordinator,0.96,15,0.7744,достижим из 7 seed; вход от 3 и выход к 5 узлам
100000007390016100,transit,0.793,85,0.64,получает от 1 / отправляет 1 узлам; проход 0.68; FIFO 0–2 дня 56%; порядок внутри дня неизвестен
100000007392365100,distributor,0.72,65,0.6184,"переводит 6 получателям; исходящий оборот 1,765,600 ₸"
100000007442518100,coordinator,0.96,33,0.899,достижим из 7 seed; вход от 5 и выход к 9 узлам
100000007472293100,peripheral,0.42,60,0.5818,"in=1, out=3; критерии основных ролей не достигнуты"
100000007484343100,terminal,0.72,0,0.5341,получает от 2 узлов; в выборке исходящих связей нет
100000007487729100,terminal,0.72,0,0.4529,получает от 1 узлов; в выборке исходящих связей нет
100000007507343100,terminal,0.72,58,0.4065,получает от 1 узлов; в выборке исходящих связей нет
100000007510567100,peripheral,0.48,18,0.3217,граница обхода depth=4; отсутствие исходящих не доказывает удержание
100000007510875100,terminal,0.72,4,0.399,получает от 1 узлов; в выборке исходящих связей нет
100000007511163100,coordinator,0.94,16,0.7773,достижим из 7 seed; вход от 2 и выход к 3 узлам
100000007511780100,peripheral,0.48,0,0.3707,граница обхода depth=4; отсутствие исходящих не доказывает удержание
100000007534354100,peripheral,0.42,24,0.5585,"in=1, out=3; критерии основных ролей не достигнуты"
100000007536804100,transit,0.821,1,0.5445,получает от 1 / отправляет 2 узлам; проход 0.55; FIFO 0–2 дня 82%; порядок внутри дня неизвестен
100000007539296100,peripheral,0.48,10,0.3089,граница обхода depth=4; отсутствие исходящих не доказывает удержание
100000007544358100,transit,0.7354,16,0.7502,получает от 2 / отправляет 1 узлам; проход 1.09; FIFO 0–2 дня 6%; порядок внутри дня неизвестен
100000007591246100,peripheral,0.42,12,0.5978,"in=1, out=1; критерии основных ролей не достигнуты"
100000007593823100,coordinator,0.96,0,0.7649,достижим из 7 seed; вход от 3 и выход к 13 узлам
100000007594394100,consolidator,0.79,43,0.8861,"получает от 6 узлов; дальше переводит 3,376,312 ₸"
100000007597382100,terminal,0.72,10,0.4503,получает от 1 узлов; в выборке исходящих связей нет
100000007617808100,terminal,0.72,16,0.504,получает от 1 узлов; в выборке исходящих связей нет
100000007618425100,terminal,0.72,28,0.4616,получает от 1 узлов; в выборке исходящих связей нет
100000007629096100,consolidator,0.69,0,0.8422,"получает от 4 узлов; дальше переводит 765,205 ₸"
100000007629121100,terminal,0.72,2,0.4427,получает от 1 узлов; в выборке исходящих связей нет
100000007631637100,terminal,0.72,22,0.3014,получает от 1 узлов; в выборке исходящих связей нет
100000007639767100,coordinator,0.96,0,0.8231,достижим из 7 seed; вход от 4 и выход к 10 узлам
100000007641183100,terminal,0.72,16,0.4281,получает от 1 узлов; в выборке исходящих связей нет
100000007641801100,terminal,0.72,1,0.4026,получает от 1 узлов; в выборке исходящих связей нет
100000007647294100,terminal,0.72,38,0.4479,получает от 1 узлов; в выборке исходящих связей нет
100000007648946100,transit,0.6787,12,0.6132,получает от 1 / отправляет 1 узлам; проход 1.28; FIFO 0–2 дня 0%; порядок внутри дня неизвестен
100000007653003100,terminal,0.72,28,0.4803,получает от 1 узлов; в выборке исходящих связей нет
100000007653094100,peripheral,0.48,12,0.3085,граница обхода depth=4; отсутствие исходящих не доказывает удержание
100000007689942100,peripheral,0.42,43,0.5959,"in=1, out=2; критерии основных ролей не достигнуты"
100000007731977100,peripheral,0.48,0,0.3619,граница обхода depth=4; отсутствие исходящих не доказывает удержание
100000007737775100,terminal,0.72,53,0.4709,получает от 1 узлов; в выборке исходящих связей нет
100000007745062100,peripheral,0.48,7,0.3533,граница обхода depth=4; отсутствие исходящих не доказывает удержание
100000007747786100,distributor,0.88,1,0.3406,"переводит 31 получателям; исходящий оборот 4,238,009 ₸; seed: входящие потоки неполны"
100000007749092100,peripheral,0.42,16,0.5874,"in=1, out=1; критерии основных ролей не достигнуты"
100000007749747100,peripheral,0.48,4,0.3278,граница обхода depth=4; отсутствие исходящих не доказывает удержание
100000007754369100,terminal,0.72,0,0.4842,получает от 1 узлов; в выборке исходящих связей нет
100000007777377100,transit,0.7448,16,0.6687,получает от 1 / отправляет 2 узлам; проход 0.02; FIFO 0–2 дня 100%; порядок внутри дня неизвестен
100000007793871100,terminal,0.72,11,0.4502,получает от 1 узлов; в выборке исходящих связей нет
100000007797290100,peripheral,0.42,0,0.5969,"in=1, out=1; критерии основных ролей не достигнуты"
100000007811950100,peripheral,0.48,13,0.3075,граница обхода depth=4; отсутствие исходящих не доказывает удержание
100000007841978100,peripheral,0.48,10,0.3226,граница обхода depth=4; отсутствие исходящих не доказывает удержание
100000007861311100,terminal,0.72,1,0.3511,получает от 1 узлов; в выборке исходящих связей нет
100000007863304100,terminal,0.72,10,0.4523,получает от 1 узлов; в выборке исходящих связей нет
100000007864477100,coordinator,0.94,0,0.7905,достижим из 7 seed; вход от 2 и выход к 6 узлам
100000007865484100,peripheral,0.48,65,0.3134,граница обхода depth=4; отсутствие исходящих не доказывает удержание
100000007867364100,peripheral,0.48,43,0.2984,граница обхода depth=4; отсутствие исходящих не доказывает удержание
100000007898453100,peripheral,0.42,2,0.6232,"in=1, out=2; критерии основных ролей не достигнуты"
100000007908818100,coordinator,0.96,2,0.9089,достижим из 11 seed; вход от 4 и выход к 6 узлам
100000007930878100,terminal,0.72,23,0.3458,получает от 1 узлов; в выборке исходящих связей нет
100000007938486100,terminal,0.72,22,0.3337,получает от 1 узлов; в выборке исходящих связей нет
100000007939160100,peripheral,0.42,23,0.564,"in=1, out=2; критерии основных ролей не достигнуты"
100000007953156100,peripheral,0.42,40,0.5692,"in=1, out=1; критерии основных ролей не достигнуты"
100000007960337100,peripheral,0.48,8,0.2783,граница обхода depth=4; отсутствие исходящих не доказывает удержание
100000007982728100,distributor,0.76,41,0.3363,"переводит 8 получателям; исходящий оборот 1,804,384 ₸; seed: входящие потоки неполны"
100000007982908100,terminal,0.72,22,0.3208,получает от 1 узлов; в выборке исходящих связей нет
100000007988344100,peripheral,0.48,0,0.2884,граница обхода depth=4; отсутствие исходящих не доказывает удержание
100000007997939100,peripheral,0.48,4,0.3169,граница обхода depth=4; отсутствие исходящих не доказывает удержание
100000007998965100,consolidator,0.74,11,0.7887,"получает от 5 узлов; дальше переводит 26,000 ₸"
100000007999728100,terminal,0.72,40,0.4132,получает от 1 узлов; в выборке исходящих связей нет
100000008002020100,peripheral,0.42,7,0.5144,"in=1, out=1; критерии основных ролей не достигнуты"
100000008003034100,peripheral,0.42,12,0.6128,"in=1, out=4; критерии основных ролей не достигнуты"
100000008008463100,terminal,0.72,41,0.3802,получает от 1 узлов; в выборке исходящих связей нет
100000008011159100,coordinator,0.96,66,0.828,достижим из 7 seed; вход от 3 и выход к 5 узлам
100000008011573100,terminal,0.72,28,0.4316,получает от 1 узлов; в выборке исходящих связей нет
100000008027922100,peripheral,0.48,29,0.3056,граница обхода depth=4; отсутствие исходящих не доказывает удержание
100000008028628100,terminal,0.72,22,0.3458,получает от 1 узлов; в выборке исходящих связей нет
100000008029279100,terminal,0.72,8,0.4391,получает от 1 узлов; в выборке исходящих связей нет
100000008038077100,terminal,0.72,10,0.5198,получает от 1 узлов; в выборке исходящих связей нет
100000008042075100,terminal,0.72,21,0.3279,получает от 1 узлов; в выборке исходящих связей нет
100000008043184100,terminal,0.72,28,0.4569,получает от 1 узлов; в выборке исходящих связей нет
100000008050986100,peripheral,0.48,10,0.2889,граница обхода depth=4; отсутствие исходящих не доказывает удержание
100000008055972100,terminal,0.72,22,0.3055,получает от 1 узлов; в выборке исходящих связей нет
100000008060273100,terminal,0.72,2,0.4087,получает от 1 узлов; в выборке исходящих связей нет
100000008066326100,terminal,0.72,0,0.4484,получает от 1 узлов; в выборке исходящих связей нет
100000008070101100,terminal,0.72,4,0.4477,получает от 1 узлов; в выборке исходящих связей нет
100000008071620100,terminal,0.72,0,0.4788,получает от 1 узлов; в выборке исходящих связей нет
100000008071749100,peripheral,0.48,18,0.3036,граница обхода depth=4; отсутствие исходящих не доказывает удержание
100000008074304100,peripheral,0.48,10,0.2727,граница обхода depth=4; отсутствие исходящих не доказывает удержание
100000008077552100,terminal,0.72,8,0.5252,получает от 1 узлов; в выборке исходящих связей нет
100000008086440100,distributor,0.68,0,0.7424,"переводит 5 получателям; исходящий оборот 161,300 ₸"
100000008088082100,transit,0.6789,12,0.6054,получает от 1 / отправляет 1 узлам; проход 1.28; FIFO 0–2 дня 0%; порядок внутри дня неизвестен
100000008094734100,terminal,0.72,0,0.6757,получает от 4 узлов; в выборке исходящих связей нет
100000008097580100,terminal,0.72,8,0.6296,получает от 2 узлов; в выборке исходящих связей нет
100000008104567100,coordinator,0.96,18,0.788,достижим из 7 seed; вход от 3 и выход к 3 узлам
100000008106997100,transit,0.8673,0,0.6848,получает от 2 / отправляет 1 узлам; проход 0.58; FIFO 0–2 дня 100%; порядок внутри дня неизвестен
100000008111003100,consolidator,0.79,0,0.7677,"получает от 6 узлов; дальше переводит 35,000 ₸"
100000008116374100,terminal,0.72,16,0.4321,получает от 1 узлов; в выборке исходящих связей нет
100000008117324100,peripheral,0.42,86,0.0,"in=0, out=0; нет наблюдаемых рёбер; seed: входящие потоки неполны"
100000008121806100,peripheral,0.42,8,0.6775,"in=1, out=4; критерии основных ролей не достигнуты"
100000008129393100,terminal,0.72,83,0.3151,получает от 1 узлов; в выборке исходящих связей нет
100000008130868100,peripheral,0.48,24,0.2576,граница обхода depth=4; отсутствие исходящих не доказывает удержание
100000008136608100,peripheral,0.48,18,0.3208,граница обхода depth=4; отсутствие исходящих не доказывает удержание
100000008137435100,coordinator,0.94,29,0.8099,достижим из 7 seed; вход от 2 и выход к 6 узлам
100000008141170100,terminal,0.72,16,0.4072,получает от 1 узлов; в выборке исходящих связей нет
100000008144528100,terminal,0.72,16,0.6077,получает от 5 узлов; в выборке исходящих связей нет
100000008151098100,peripheral,0.48,14,0.2824,граница обхода depth=4; отсутствие исходящих не доказывает удержание
100000008165763100,coordinator,0.96,2,0.9502,достижим из 9 seed; вход от 15 и выход к 17 узлам
100000008168850100,peripheral,0.48,10,0.3156,граница обхода depth=4; отсутствие исходящих не доказывает удержание
100000008169544100,peripheral,0.42,16,0.6751,"in=1, out=4; критерии основных ролей не достигнуты"
100000008172352100,coordinator,0.96,42,0.828,достижим из 8 seed; вход от 3 и выход к 7 узлам
100000008172721100,peripheral,0.48,8,0.3101,граница обхода depth=4; отсутствие исходящих не доказывает удержание
100000008173359100,terminal,0.72,16,0.4091,получает от 1 узлов; в выборке исходящих связей нет
100000008174521100,terminal,0.72,16,0.4679,получает от 1 узлов; в выборке исходящих связей нет
100000008175078100,peripheral,0.48,20,0.3261,граница обхода depth=4; отсутствие исходящих не доказывает удержание
100000008183752100,peripheral,0.48,46,0.3385,граница обхода depth=4; отсутствие исходящих не доказывает удержание
100000008188026100,coordinator,0.94,3,0.7378,достижим из 7 seed; вход от 2 и выход к 4 узлам
100000008190411100,peripheral,0.48,4,0.3424,граница обхода depth=4; отсутствие исходящих не доказывает удержание
100000008190442100,terminal,0.72,22,0.2832,получает от 1 узлов; в выборке исходящих связей нет
100000008192264100,transit,0.8967,10,0.6321,получает от 1 / отправляет 1 узлам; проход 1.15; FIFO 0–2 дня 87%; порядок внутри дня неизвестен
100000008193258100,peripheral,0.42,28,0.6081,"in=1, out=1; критерии основных ролей не достигнуты"
100000008193577100,distributor,0.72,9,0.6858,"переводит 5 получателям; исходящий оборот 480,180 ₸"
100000008200810100,terminal,0.72,24,0.4146,получает от 1 узлов; в выборке исходящих связей нет
100000008205000100,peripheral,0.42,87,0.0,"in=0, out=0; нет наблюдаемых рёбер; seed: входящие потоки неполны"
100000008205937100,terminal,0.72,12,0.4881,получает от 1 узлов; в выборке исходящих связей нет
100000008213966100,consolidator,0.64,15,0.7012,"получает от 3 узлов; дальше переводит 436,900 ₸"
100000008219168100,terminal,0.72,1,0.3597,получает от 1 узлов; в выборке исходящих связей нет
100000008221543100,terminal,0.72,28,0.6229,получает от 2 узлов; в выборке исходящих связей нет
100000008221765100,peripheral,0.48,10,0.3167,граница обхода depth=4; отсутствие исходящих не доказывает удержание
100000008223661100,coordinator,0.94,4,0.7904,достижим из 8 seed; вход от 2 и выход к 5 узлам
100000008223756100,terminal,0.72,8,0.6207,получает от 2 узлов; в выборке исходящих связей нет
100000008229700100,peripheral,0.42,7,0.4742,"in=1, out=1; критерии основных ролей не достигнуты"
100000008232832100,peripheral,0.42,51,0.6999,"in=1, out=1; критерии основных ролей не достигнуты"
100000008237827100,terminal,0.72,2,0.5252,получает от 1 узлов; в выборке исходящих связей нет
100000008238112100,terminal,0.72,10,0.4884,получает от 1 узлов; в выборке исходящих связей нет
100000008238989100,terminal,0.72,29,0.5028,получает от 1 узлов; в выборке исходящих связей нет
100000008244300100,terminal,0.72,10,0.6608,получает от 5 узлов; в выборке исходящих связей нет
100000008251939100,peripheral,0.48,18,0.318,граница обхода depth=4; отсутствие исходящих не доказывает удержание
100000008254069100,distributor,0.68,49,0.6146,"переводит 5 получателям; исходящий оборот 107,500 ₸"
100000008254576100,peripheral,0.42,38,0.4856,"in=1, out=1; критерии основных ролей не достигнуты"
100000008255655100,peripheral,0.48,28,0.2927,граница обхода depth=4; отсутствие исходящих не доказывает удержание
100000008258083100,coordinator,0.94,33,0.8136,достижим из 7 seed; вход от 2 и выход к 2 узлам
100000008258458100,peripheral,0.42,70,0.6086,"in=1, out=2; критерии основных ролей не достигнуты"
100000008259451100,terminal,0.72,40,0.4424,получает от 1 узлов; в выборке исходящих связей нет
100000008279405100,terminal,0.72,8,0.5283,получает от 1 узлов; в выборке исходящих связей нет
100000008283183100,terminal,0.72,22,0.3183,получает от 1 узлов; в выборке исходящих связей нет
100000008289539100,terminal,0.72,3,0.4101,получает от 1 узлов; в выборке исходящих связей нет
100000008293431100,distributor,0.68,0,0.6457,"переводит 5 получателям; исходящий оборот 297,000 ₸"
100000008295429100,terminal,0.72,10,0.5076,получает от 1 узлов; в выборке исходящих связей нет
100000008297199100,terminal,0.72,0,0.4805,получает от 1 узлов; в выборке исходящих связей нет
100000008304115100,terminal,0.72,7,0.3661,получает от 1 узлов; в выборке исходящих связей нет
100000008304139100,coordinator,0.96,2,0.8428,достижим из 7 seed; вход от 4 и выход к 24 узлам
100000008306857100,terminal,0.72,24,0.3728,получает от 1 узлов; в выборке исходящих связей нет
100000008308418100,peripheral,0.48,0,0.2996,граница обхода depth=4; отсутствие исходящих не доказывает удержание
100000008309514100,terminal,0.72,22,0.2886,получает от 1 узлов; в выборке исходящих связей нет
100000008314203100,peripheral,0.42,51,0.7918,"in=2, out=2; критерии основных ролей не достигнуты; seed: входящие потоки неполны"
100000008314863100,terminal,0.72,2,0.4439,получает от 1 узлов; в выборке исходящих связей нет
100000008321975100,peripheral,0.48,32,0.2659,граница обхода depth=4; отсутствие исходящих не доказывает удержание
100000008324800100,consolidator,0.64,85,0.8563,"получает от 3 узлов; дальше переводит 511,000 ₸"
100000008327791100,peripheral,0.48,28,0.2973,граница обхода depth=4; отсутствие исходящих не доказывает удержание
100000008331280100,peripheral,0.48,14,0.29,граница обхода depth=4; отсутствие исходящих не доказывает удержание
100000008332511100,terminal,0.72,24,0.4817,получает от 1 узлов; в выборке исходящих связей нет
100000008333492100,peripheral,0.48,60,0.3489,граница обхода depth=4; отсутствие исходящих не доказывает удержание
100000008335401100,terminal,0.72,18,0.4715,получает от 1 узлов; в выборке исходящих связей нет
100000008336318100,peripheral,0.48,4,0.3564,граница обхода depth=4; отсутствие исходящих не доказывает удержание
100000008337304100,peripheral,0.48,8,0.302,граница обхода depth=4; отсутствие исходящих не доказывает удержание
100000008343415100,peripheral,0.48,35,0.3057,граница обхода depth=4; отсутствие исходящих не доказывает удержание
100000008343874100,coordinator,0.94,35,0.765,достижим из 7 seed; вход от 2 и выход к 2 узлам
100000008346837100,coordinator,0.96,12,0.8611,достижим из 7 seed; вход от 9 и выход к 25 узлам
100000008349675100,transit,0.8044,1,0.4953,получает от 1 / отправляет 1 узлам; проход 0.79; FIFO 0–2 дня 50%; порядок внутри дня неизвестен
100000008349740100,peripheral,0.48,20,0.2646,граница обхода depth=4; отсутствие исходящих не доказывает удержание
100000008352542100,terminal,0.72,2,0.5178,получает от 1 узлов; в выборке исходящих связей нет
100000008356606100,terminal,0.72,12,0.5749,получает от 2 узлов; в выборке исходящих связей нет
100000008376089100,terminal,0.72,33,0.4337,получает от 1 узлов; в выборке исходящих связей нет
100000008376785100,peripheral,0.48,10,0.3158,граница обхода depth=4; отсутствие исходящих не доказывает удержание
100000008379273100,coordinator,0.94,18,0.6945,достижим из 7 seed; вход от 2 и выход к 4 узлам
100000008383405100,terminal,0.72,21,0.3203,получает от 1 узлов; в выборке исходящих связей нет
100000008388049100,terminal,0.72,24,0.4157,получает от 1 узлов; в выборке исходящих связей нет
100000008389800100,coordinator,0.96,16,0.7773,достижим из 7 seed; вход от 3 и выход к 7 узлам
100000008405209100,terminal,0.72,28,0.4598,получает от 1 узлов; в выборке исходящих связей нет
100000008406609100,terminal,0.72,49,0.4416,получает от 1 узлов; в выборке исходящих связей нет
100000008413748100,coordinator,0.94,28,0.7791,достижим из 7 seed; вход от 2 и выход к 18 узлам
100000008416433100,terminal,0.72,40,0.4076,получает от 1 узлов; в выборке исходящих связей нет
100000008417029100,terminal,0.72,4,0.4733,получает от 1 узлов; в выборке исходящих связей нет
100000008417359100,peripheral,0.42,28,0.6381,"in=1, out=2; критерии основных ролей не достигнуты"
100000008418835100,peripheral,0.42,3,0.5853,"in=1, out=4; критерии основных ролей не достигнуты; seed: входящие потоки неполны"
100000008418934100,terminal,0.72,4,0.4064,получает от 1 узлов; в выборке исходящих связей нет
100000008422226100,terminal,0.72,0,0.4688,получает от 1 узлов; в выборке исходящих связей нет
100000008427027100,terminal,0.72,2,0.5725,получает от 1 узлов; в выборке исходящих связей нет
100000008430691100,peripheral,0.42,84,0.6246,"in=1, out=2; критерии основных ролей не достигнуты"
100000008432942100,terminal,0.72,0,0.4474,получает от 1 узлов; в выборке исходящих связей нет
100000008436257100,terminal,0.72,28,0.5335,получает от 2 узлов; в выборке исходящих связей нет
100000008438656100,transit,0.7538,2,0.7645,получает от 2 / отправляет 1 узлам; проход 0.06; FIFO 0–2 дня 100%; порядок внутри дня неизвестен
100000008443341100,coordinator,0.94,7,0.8507,достижим из 7 seed; вход от 2 и выход к 3 узлам
100000008454065100,terminal,0.72,40,0.4145,получает от 1 узлов; в выборке исходящих связей нет
100000008459449100,terminal,0.72,0,0.4888,получает от 1 узлов; в выборке исходящих связей нет
100000008460102100,distributor,0.92,47,0.5731,"переводит 31 получателям; исходящий оборот 476,570 ₸"
100000008461217100,peripheral,0.48,48,0.3383,граница обхода depth=4; отсутствие исходящих не доказывает удержание
100000008461532100,coordinator,0.94,14,0.7731,достижим из 7 seed; вход от 2 и выход к 8 узлам
100000008463968100,terminal,0.72,22,0.2797,получает от 1 узлов; в выборке исходящих связей нет
100000008465789100,distributor,0.92,4,0.6271,"переводит 16 получателям; исходящий оборот 1,858,100 ₸"
100000008466579100,coordinator,0.94,4,0.7892,достижим из 8 seed; вход от 2 и выход к 17 узлам
100000008468762100,terminal,0.72,46,0.5781,получает от 2 узлов; в выборке исходящих связей нет
100000008469048100,peripheral,0.48,0,0.325,граница обхода depth=4; отсутствие исходящих не доказывает удержание
100000008470470100,terminal,0.72,22,0.3276,получает от 1 узлов; в выборке исходящих связей нет
100000008471634100,peripheral,0.48,13,0.3153,граница обхода depth=4; отсутствие исходящих не доказывает удержание
100000008472324100,terminal,0.72,10,0.4911,получает от 1 узлов; в выборке исходящих связей нет
100000008473207100,terminal,0.72,2,0.4893,получает от 1 узлов; в выборке исходящих связей нет
100000008473765100,terminal,0.72,8,0.4558,получает от 1 узлов; в выборке исходящих связей нет
100000008474308100,transit,0.6771,7,0.6548,получает от 1 / отправляет 1 узлам; проход 0.71; FIFO 0–2 дня 0%; порядок внутри дня неизвестен
100000008474391100,terminal,0.72,29,0.388,получает от 1 узлов; в выборке исходящих связей нет
100000008477350100,coordinator,0.96,0,0.9058,достижим из 7 seed; вход от 11 и выход к 39 узлам
100000008478414100,terminal,0.72,22,0.2879,получает от 1 узлов; в выборке исходящих связей нет
100000008486520100,peripheral,0.42,16,0.5699,"in=1, out=1; критерии основных ролей не достигнуты"
100000008488166100,terminal,0.72,22,0.2761,получает от 1 узлов; в выборке исходящих связей нет
100000008489604100,terminal,0.72,22,0.2808,получает от 1 узлов; в выборке исходящих связей нет
100000008489922100,coordinator,0.96,4,0.8697,достижим из 8 seed; вход от 3 и выход к 36 узлам
100000008490127100,distributor,0.72,10,0.7041,"переводит 6 получателям; исходящий оборот 923,000 ₸"
100000008491390100,terminal,0.72,0,0.443,получает от 1 узлов; в выборке исходящих связей нет
100000008493007100,transit,0.92,22,0.4396,получает от 1 / отправляет 1 узлам; проход 1.00; FIFO 0–2 дня 100%; порядок внутри дня неизвестен
100000008497298100,terminal,0.72,4,0.4198,получает от 1 узлов; в выборке исходящих связей нет
100000008501413100,transit,0.92,53,0.6302,получает от 1 / отправляет 1 узлам; проход 1.02; FIFO 0–2 дня 98%; порядок внутри дня неизвестен
100000008502995100,terminal,0.72,0,0.5189,получает от 1 узлов; в выборке исходящих связей нет
100000008503177100,terminal,0.72,8,0.4601,получает от 1 узлов; в выборке исходящих связей нет
100000008507703100,terminal,0.72,22,0.3059,получает от 1 узлов; в выборке исходящих связей нет
100000008512552100,coordinator,0.96,28,0.842,достижим из 7 seed; вход от 4 и выход к 6 узлам
100000008512827100,coordinator,0.96,24,0.8024,достижим из 9 seed; вход от 3 и выход к 10 узлам
100000008513251100,peripheral,0.42,88,0.0,"in=0, out=0; нет наблюдаемых рёбер; seed: входящие потоки неполны"
100000008514970100,transit,0.7579,35,0.5944,получает от 1 / отправляет 1 узлам; проход 0.08; FIFO 0–2 дня 100%; порядок внутри дня неизвестен
100000008516839100,peripheral,0.42,49,0.5873,"in=3, out=0; критерии основных ролей не достигнуты; seed: входящие потоки неполны"
100000008517061100,peripheral,0.48,40,0.3517,граница обхода depth=4; отсутствие исходящих не доказывает удержание
100000008517538100,coordinator,0.96,4,0.7992,достижим из 8 seed; вход от 3 и выход к 17 узлам
100000008522127100,peripheral,0.42,59,0.2724,"in=0, out=1; критерии основных ролей не достигнуты; seed: входящие потоки неполны"
100000008524903100,peripheral,0.48,0,0.2807,граница обхода depth=4; отсутствие исходящих не доказывает удержание
100000008525136100,peripheral,0.48,0,0.3074,граница обхода depth=4; отсутствие исходящих не доказывает удержание
100000008531133100,peripheral,0.42,16,0.5975,"in=1, out=3; критерии основных ролей не достигнуты"
100000008531186100,terminal,0.72,2,0.5667,получает от 1 узлов; в выборке исходящих связей нет
100000008532050100,terminal,0.72,10,0.5163,получает от 1 узлов; в выборке исходящих связей нет
100000008536546100,terminal,0.72,46,0.5882,получает от 2 узлов; в выборке исходящих связей нет
100000008537380100,terminal,0.72,22,0.2781,получает от 1 узлов; в выборке исходящих связей нет
100000008545727100,distributor,0.72,18,0.6345,"переводит 6 получателям; исходящий оборот 1,866,500 ₸"
100000008546855100,coordinator,0.96,43,0.8086,достижим из 7 seed; вход от 6 и выход к 2 узлам
100000008547295100,terminal,0.72,41,0.3634,получает от 1 узлов; в выборке исходящих связей нет
100000008547844100,coordinator,0.96,4,0.8225,достижим из 8 seed; вход от 3 и выход к 19 узлам
100000008547948100,coordinator,0.96,4,0.8504,достижим из 8 seed; вход от 6 и выход к 26 узлам
100000008548853100,terminal,0.72,22,0.284,получает от 1 узлов; в выборке исходящих связей нет
100000008551752100,peripheral,0.48,65,0.3073,граница обхода depth=4; отсутствие исходящих не доказывает удержание
100000008554390100,peripheral,0.48,47,0.258,граница обхода depth=4; отсутствие исходящих не доказывает удержание
100000008555233100,terminal,0.72,46,0.5138,получает от 1 узлов; в выборке исходящих связей нет
100000008555918100,peripheral,0.42,2,0.7295,"in=1, out=2; критерии основных ролей не достигнуты"
100000008556318100,terminal,0.72,2,0.7081,получает от 2 узлов; в выборке исходящих связей нет
100000008557672100,terminal,0.72,22,0.3352,получает от 1 узлов; в выборке исходящих связей нет
100000008560263100,peripheral,0.48,10,0.2905,граница обхода depth=4; отсутствие исходящих не доказывает удержание
100000008560717100,consolidator,0.84,10,0.789,"получает от 7 узлов; дальше переводит 25,000 ₸"
100000008561016100,transit,0.92,4,0.6312,получает от 1 / отправляет 1 узлам; проход 1.03; FIFO 0–2 дня 97%; порядок внутри дня неизвестен
100000008566737100,terminal,0.72,0,0.6708,получает от 2 узлов; в выборке исходящих связей нет
100000008568512100,terminal,0.72,10,0.4899,получает от 1 узлов; в выборке исходящих связей нет
100000008571243100,terminal,0.72,18,0.4765,получает от 1 узлов; в выборке исходящих связей нет
100000008571433100,peripheral,0.42,58,0.656,"in=2, out=2; критерии основных ролей не достигнуты; seed: входящие потоки неполны"
100000008571443100,terminal,0.72,12,0.5661,получает от 2 узлов; в выборке исходящих связей нет
100000008575624100,peripheral,0.42,71,0.3002,"in=0, out=3; критерии основных ролей не достигнуты; seed: входящие потоки неполны"
100000008576243100,terminal,0.72,0,0.666,получает от 2 узлов; в выборке исходящих связей нет
100000008576528100,terminal,0.72,10,0.4532,получает от 1 узлов; в выборке исходящих связей нет
100000008579978100,transit,0.5971,10,0.5979,получает от 1 / отправляет 1 узлам; проход 2.26; FIFO 0–2 дня 35%; порядок внутри дня неизвестен
100000008582730100,transit,0.92,43,0.5776,получает от 1 / отправляет 1 узлам; проход 1.00; FIFO 0–2 дня 100%; порядок внутри дня неизвестен
100000008583360100,peripheral,0.42,18,0.5981,"in=1, out=1; критерии основных ролей не достигнуты"
100000008583971100,peripheral,0.48,0,0.4156,граница обхода depth=4; отсутствие исходящих не доказывает удержание
100000008586731100,terminal,0.72,7,0.3266,получает от 1 узлов; в выборке исходящих связей нет
100000008587459100,coordinator,0.94,0,0.7754,достижим из 7 seed; вход от 2 и выход к 2 узлам
100000008588665100,peripheral,0.48,0,0.354,граница обхода depth=4; отсутствие исходящих не доказывает удержание
100000008595687100,transit,0.7755,16,0.6333,получает от 1 / отправляет 1 узлам; проход 0.16; FIFO 0–2 дня 100%; порядок внутри дня неизвестен
100000008596924100,terminal,0.72,41,0.3583,получает от 1 узлов; в выборке исходящих связей нет
100000008598972100,terminal,0.72,35,0.4162,получает от 1 узлов; в выборке исходящих связей нет
100000008599354100,peripheral,0.42,0,0.7028,"in=1, out=1; критерии основных ролей не достигнуты"
100000008601794100,peripheral,0.42,39,0.6354,"in=2, out=1; критерии основных ролей не достигнуты; seed: входящие потоки неполны"
100000008603331100,coordinator,0.94,4,0.7305,достижим из 7 seed; вход от 2 и выход к 6 узлам
100000008603629100,coordinator,0.96,8,0.9208,достижим из 7 seed; вход от 19 и выход к 61 узлам
100000008612257100,terminal,0.72,28,0.4207,получает от 1 узлов; в выборке исходящих связей нет
100000008619159100,peripheral,0.48,70,0.3093,граница обхода depth=4; отсутствие исходящих не доказывает удержание
100000008619857100,transit,0.754,0,0.6258,получает от 1 / отправляет 2 узлам; проход 0.45; FIFO 0–2 дня 62%; порядок внутри дня неизвестен
100000008620570100,coordinator,0.94,8,0.7716,достижим из 7 seed; вход от 2 и выход к 2 узлам
100000008624978100,terminal,0.72,35,0.4771,получает от 1 узлов; в выборке исходящих связей нет
100000008625905100,peripheral,0.42,45,0.5979,"in=1, out=2; критерии основных ролей не достигнуты"
100000008628231100,peripheral,0.42,74,0.7066,"in=1, out=2; критерии основных ролей не достигнуты"
100000008628818100,peripheral,0.48,18,0.3191,граница обхода depth=4; отсутствие исходящих не доказывает удержание
100000008629504100,peripheral,0.48,0,0.3227,граница обхода depth=4; отсутствие исходящих не доказывает удержание
100000008629581100,terminal,0.72,2,0.422,получает от 1 узлов; в выборке исходящих связей нет
100000008631800100,peripheral,0.48,47,0.2561,граница обхода depth=4; отсутствие исходящих не доказывает удержание
100000008632060100,distributor,0.84,0,0.6319,"переводит 9 получателям; исходящий оборот 339,200 ₸"
100000008633099100,peripheral,0.42,1,0.5636,"in=1, out=1; критерии основных ролей не достигнуты"
100000008634520100,terminal,0.72,4,0.4525,получает от 1 узлов; в выборке исходящих связей нет
100000008636603100,coordinator,0.94,16,0.7913,достижим из 7 seed; вход от 2 и выход к 6 узлам
100000008637537100,peripheral,0.42,51,0.8604,"in=3, out=3; критерии основных ролей не достигнуты; seed: входящие потоки неполны"
100000008638859100,peripheral,0.48,43,0.4153,граница обхода depth=4; отсутствие исходящих не доказывает удержание
100000008647905100,peripheral,0.42,43,0.5578,"in=1, out=2; критерии основных ролей не достигнуты"
100000008648783100,peripheral,0.48,47,0.2369,граница обхода depth=4; отсутствие исходящих не доказывает удержание
100000008649416100,peripheral,0.48,28,0.2933,граница обхода depth=4; отсутствие исходящих не доказывает удержание
100000008650785100,peripheral,0.42,16,0.7705,"in=2, out=2; критерии основных ролей не достигнуты; seed: входящие потоки неполны"
100000008652094100,terminal,0.72,0,0.4423,получает от 1 узлов; в выборке исходящих связей нет
100000008653041100,terminal,0.72,22,0.3049,получает от 1 узлов; в выборке исходящих связей нет
100000008654653100,peripheral,0.42,16,0.283,"in=0, out=1; критерии основных ролей не достигнуты; seed: входящие потоки неполны"
100000008655035100,terminal,0.72,1,0.3724,получает от 1 узлов; в выборке исходящих связей нет
100000008655779100,peripheral,0.42,15,0.583,"in=1, out=2; критерии основных ролей не достигнуты"
100000008656043100,terminal,0.72,22,0.3154,получает от 1 узлов; в выборке исходящих связей нет
100000008659445100,peripheral,0.42,9,0.6859,"in=3, out=4; критерии основных ролей не достигнуты; seed: входящие потоки неполны"
100000008659950100,terminal,0.72,4,0.4865,получает от 1 узлов; в выборке исходящих связей нет
100000008661550100,terminal,0.72,22,0.2971,получает от 1 узлов; в выборке исходящих связей нет
100000008661585100,terminal,0.72,22,0.3365,получает от 1 узлов; в выборке исходящих связей нет
100000008662216100,terminal,0.72,22,0.303,получает от 1 узлов; в выборке исходящих связей нет
100000008662805100,terminal,0.72,22,0.2874,получает от 1 узлов; в выборке исходящих связей нет
100000008663007100,terminal,0.72,22,0.2985,получает от 1 узлов; в выборке исходящих связей нет
100000008663723100,terminal,0.72,22,0.2855,получает от 1 узлов; в выборке исходящих связей нет
100000008664469100,terminal,0.72,2,0.5092,получает от 1 узлов; в выборке исходящих связей нет
100000008664774100,terminal,0.72,22,0.2869,получает от 1 узлов; в выборке исходящих связей нет
100000008665380100,transit,0.7979,0,0.6873,получает от 2 / отправляет 1 узлам; проход 0.26; FIFO 0–2 дня 100%; порядок внутри дня неизвестен
100000008666075100,terminal,0.72,22,0.3198,получает от 1 узлов; в выборке исходящих связей нет
100000008667058100,terminal,0.72,22,0.3062,получает от 1 узлов; в выборке исходящих связей нет
100000008667795100,terminal,0.72,22,0.3106,получает от 1 узлов; в выборке исходящих связей нет
100000008667799100,terminal,0.72,22,0.3106,получает от 1 узлов; в выборке исходящих связей нет
100000008668099100,terminal,0.72,22,0.2859,получает от 1 узлов; в выборке исходящих связей нет
100000008669037100,peripheral,0.42,89,0.0,"in=0, out=0; нет наблюдаемых рёбер; seed: входящие потоки неполны"
100000008669310100,terminal,0.72,0,0.4571,получает от 1 узлов; в выборке исходящих связей нет
100000008670667100,terminal,0.72,22,0.3022,получает от 1 узлов; в выборке исходящих связей нет
100000008671026100,terminal,0.72,22,0.3158,получает от 1 узлов; в выборке исходящих связей нет
100000008671081100,terminal,0.72,22,0.314,получает от 1 узлов; в выборке исходящих связей нет
100000008671129100,terminal,0.72,22,0.303,получает от 1 узлов; в выборке исходящих связей нет
100000008671929100,terminal,0.72,2,0.5496,получает от 1 узлов; в выборке исходящих связей нет
100000008672162100,terminal,0.72,22,0.3026,получает от 1 узлов; в выборке исходящих связей нет
100000008672200100,terminal,0.72,22,0.2908,получает от 1 узлов; в выборке исходящих связей нет
100000008672480100,terminal,0.72,22,0.2944,получает от 1 узлов; в выборке исходящих связей нет
100000008672493100,terminal,0.72,22,0.284,получает от 1 узлов; в выборке исходящих связей нет
100000008672603100,terminal,0.72,2,0.3935,получает от 1 узлов; в выборке исходящих связей нет
100000008672762100,terminal,0.72,22,0.2944,получает от 1 узлов; в выборке исходящих связей нет
100000008673001100,peripheral,0.42,49,0.3585,"in=1, out=0; критерии основных ролей не достигнуты; seed: входящие потоки неполны"
100000008675322100,peripheral,0.48,20,0.2998,граница обхода depth=4; отсутствие исходящих не доказывает удержание
100000008676812100,terminal,0.72,43,0.4216,получает от 1 узлов; в выборке исходящих связей нет
100000008677215100,terminal,0.72,29,0.439,получает от 1 узлов; в выборке исходящих связей нет
100000008677368100,peripheral,0.48,1,0.2971,граница обхода depth=4; отсутствие исходящих не доказывает удержание
100000008677518100,terminal,0.72,22,0.3217,получает от 1 узлов; в выборке исходящих связей нет
100000008679986100,terminal,0.72,22,0.3088,получает от 1 узлов; в выборке исходящих связей нет
100000008680061100,peripheral,0.48,10,0.3522,граница обхода depth=4; отсутствие исходящих не доказывает удержание
100000008680451100,terminal,0.72,22,0.3158,получает от 1 узлов; в выборке исходящих связей нет
100000008680731100,distributor,0.88,7,0.3353,"переводит 27 получателям; исходящий оборот 1,464,354 ₸; seed: входящие потоки неполны"
100000008680912100,transit,0.7692,0,0.67,получает от 1 / отправляет 1 узлам; проход 0.13; FIFO 0–2 дня 100%; порядок внутри дня неизвестен
100000008682426100,terminal,0.72,40,0.4076,получает от 1 узлов; в выборке исходящих связей нет
100000008683818100,terminal,0.72,22,0.3031,получает от 1 узлов; в выборке исходящих связей нет
100000008684452100,terminal,0.72,22,0.3241,получает от 1 узлов; в выборке исходящих связей нет
100000008684767100,terminal,0.72,22,0.308,получает от 1 узлов; в выборке исходящих связей нет
100000008684951100,terminal,0.72,22,0.2886,получает от 1 узлов; в выборке исходящих связей нет
100000008686214100,terminal,0.72,8,0.4474,получает от 1 узлов; в выборке исходящих связей нет
100000008686234100,terminal,0.72,0,0.4724,получает от 1 узлов; в выборке исходящих связей нет
100000008686247100,peripheral,0.42,21,0.5082,"in=1, out=1; критерии основных ролей не достигнуты"
100000008686313100,coordinator,0.96,0,0.8906,достижим из 7 seed; вход от 6 и выход к 7 узлам
100000008686494100,terminal,0.72,22,0.2859,получает от 1 узлов; в выборке исходящих связей нет
100000008687492100,terminal,0.72,22,0.2982,получает от 1 узлов; в выборке исходящих связей нет
100000008687617100,terminal,0.72,22,0.3183,получает от 1 узлов; в выборке исходящих связей нет
100000008687671100,terminal,0.72,22,0.3315,получает от 1 узлов; в выборке исходящих связей нет
100000008687733100,terminal,0.72,22,0.2847,получает от 1 узлов; в выборке исходящих связей нет
100000008687990100,terminal,0.72,22,0.2899,получает от 1 узлов; в выборке исходящих связей нет
100000008688109100,terminal,0.72,22,0.2829,получает от 1 узлов; в выборке исходящих связей нет
100000008688155100,terminal,0.72,22,0.2987,получает от 1 узлов; в выборке исходящих связей нет
100000008688476100,terminal,0.72,22,0.3127,получает от 1 узлов; в выборке исходящих связей нет
100000008688881100,terminal,0.72,22,0.3317,получает от 1 узлов; в выборке исходящих связей нет
100000008690762100,terminal,0.72,22,0.3037,получает от 1 узлов; в выборке исходящих связей нет
100000008690932100,terminal,0.72,22,0.3147,получает от 1 узлов; в выборке исходящих связей нет
100000008691027100,terminal,0.72,22,0.3062,получает от 1 узлов; в выборке исходящих связей нет
100000008691168100,terminal,0.72,22,0.3127,получает от 1 узлов; в выборке исходящих связей нет
100000008691330100,terminal,0.72,22,0.3131,получает от 1 узлов; в выборке исходящих связей нет
100000008691495100,terminal,0.72,22,0.3207,получает от 1 узлов; в выборке исходящих связей нет
100000008692291100,coordinator,0.96,4,0.7637,достижим из 8 seed; вход от 3 и выход к 3 узлам
100000008693069100,terminal,0.72,22,0.3109,получает от 1 узлов; в выборке исходящих связей нет
100000008695133100,terminal,0.72,22,0.3133,получает от 1 узлов; в выборке исходящих связей нет
100000008695157100,peripheral,0.48,8,0.35,граница обхода depth=4; отсутствие исходящих не доказывает удержание
100000008695495100,terminal,0.72,22,0.3123,получает от 1 узлов; в выборке исходящих связей нет
100000008695566100,terminal,0.72,22,0.3102,получает от 1 узлов; в выборке исходящих связей нет
100000008695689100,terminal,0.72,22,0.303,получает от 1 узлов; в выборке исходящих связей нет
100000008696692100,terminal,0.72,22,0.3051,получает от 1 узлов; в выборке исходящих связей нет
100000008696919100,terminal,0.72,22,0.3262,получает от 1 узлов; в выборке исходящих связей нет
100000008697670100,terminal,0.72,22,0.301,получает от 1 узлов; в выборке исходящих связей нет
100000008699083100,peripheral,0.48,24,0.3567,граница обхода depth=4; отсутствие исходящих не доказывает удержание
100000008701222100,peripheral,0.42,90,0.0,"in=0, out=0; нет наблюдаемых рёбер; seed: входящие потоки неполны"
100000008701256100,terminal,0.72,0,0.4599,получает от 1 узлов; в выборке исходящих связей нет
100000008701944100,terminal,0.72,3,0.4338,получает от 1 узлов; в выборке исходящих связей нет
100000008703533100,peripheral,0.48,4,0.3349,граница обхода depth=4; отсутствие исходящих не доказывает удержание
100000008706846100,terminal,0.72,22,0.2843,получает от 1 узлов; в выборке исходящих связей нет
100000008706947100,terminal,0.72,22,0.2886,получает от 1 узлов; в выборке исходящих связей нет
100000008707810100,terminal,0.72,22,0.303,получает от 1 узлов; в выборке исходящих связей нет
100000008708025100,terminal,0.72,15,0.3762,получает от 1 узлов; в выборке исходящих связей нет
100000008708061100,terminal,0.72,22,0.2791,получает от 1 узлов; в выборке исходящих связей нет
100000008708207100,terminal,0.72,4,0.5989,получает от 2 узлов; в выборке исходящих связей нет
100000008708368100,terminal,0.72,22,0.3161,получает от 1 узлов; в выборке исходящих связей нет
100000008708595100,terminal,0.72,22,0.2886,получает от 1 узлов; в выборке исходящих связей нет
100000008708743100,terminal,0.72,22,0.2852,получает от 1 узлов; в выборке исходящих связей нет
100000008710791100,coordinator,0.96,4,0.8154,достижим из 9 seed; вход от 3 и выход к 23 узлам
100000008710843100,coordinator,0.94,46,0.755,достижим из 8 seed; вход от 2 и выход к 13 узлам
100000008710913100,peripheral,0.48,4,0.3055,граница обхода depth=4; отсутствие исходящих не доказывает удержание
100000008712036100,terminal,0.72,22,0.2956,получает от 1 узлов; в выборке исходящих связей нет
100000008712184100,terminal,0.72,22,0.291,получает от 1 узлов; в выборке исходящих связей нет
100000008712827100,terminal,0.72,22,0.336,получает от 1 узлов; в выборке исходящих связей нет
100000008712991100,terminal,0.72,22,0.3315,получает от 1 узлов; в выборке исходящих связей нет
100000008713270100,peripheral,0.42,41,0.5361,"in=1, out=3; критерии основных ролей не достигнуты"
100000008713685100,terminal,0.72,22,0.3225,получает от 1 узлов; в выборке исходящих связей нет
100000008714412100,terminal,0.72,18,0.4837,получает от 1 узлов; в выборке исходящих связей нет
100000008715513100,peripheral,0.48,47,0.2786,граница обхода depth=4; отсутствие исходящих не доказывает удержание
100000008715887100,terminal,0.72,22,0.291,получает от 1 узлов; в выборке исходящих связей нет
100000008716072100,terminal,0.72,22,0.2818,получает от 1 узлов; в выборке исходящих связей нет
100000008716222100,terminal,0.72,22,0.3075,получает от 1 узлов; в выборке исходящих связей нет
100000008716439100,terminal,0.72,22,0.2953,получает от 1 узлов; в выборке исходящих связей нет
100000008716773100,terminal,0.72,22,0.3033,получает от 1 узлов; в выборке исходящих связей нет
100000008717340100,terminal,0.72,22,0.3351,получает от 1 узлов; в выборке исходящих связей нет
100000008717341100,terminal,0.72,22,0.2997,получает от 1 узлов; в выборке исходящих связей нет
100000008717375100,terminal,0.72,2,0.4043,получает от 1 узлов; в выборке исходящих связей нет
100000008717802100,terminal,0.72,22,0.3021,получает от 1 узлов; в выборке исходящих связей нет
100000008718089100,terminal,0.72,22,0.3022,получает от 1 узлов; в выборке исходящих связей нет
100000008718811100,terminal,0.72,22,0.3346,получает от 1 узлов; в выборке исходящих связей нет
100000008720668100,terminal,0.72,22,0.2863,получает от 1 узлов; в выборке исходящих связей нет
100000008720798100,terminal,0.72,22,0.3022,получает от 1 узлов; в выборке исходящих связей нет
100000008720856100,peripheral,0.42,10,0.6274,"in=1, out=1; критерии основных ролей не достигнуты"
100000008721637100,peripheral,0.42,41,0.6344,"in=1, out=2; критерии основных ролей не достигнуты"
100000008722328100,terminal,0.72,22,0.3161,получает от 1 узлов; в выборке исходящих связей нет
100000008722417100,transit,0.5994,10,0.6872,получает от 1 / отправляет 3 узлам; проход 2.17; FIFO 0–2 дня 36%; порядок внутри дня неизвестен
100000008722541100,peripheral,0.48,10,0.3117,граница обхода depth=4; отсутствие исходящих не доказывает удержание
100000008723830100,transit,0.92,16,0.7535,получает от 2 / отправляет 1 узлам; проход 0.99; FIFO 0–2 дня 100%; порядок внутри дня неизвестен
100000008724279100,terminal,0.72,16,0.4154,получает от 1 узлов; в выборке исходящих связей нет
100000008724461100,transit,0.8437,4,0.6106,получает от 1 / отправляет 1 узлам; проход 1.30; FIFO 0–2 дня 77%; порядок внутри дня неизвестен
100000008727982100,peripheral,0.48,41,0.2883,граница обхода depth=4; отсутствие исходящих не доказывает удержание
100000008728457100,terminal,0.72,11,0.4988,получает от 1 узлов; в выборке исходящих связей нет
100000008729597100,terminal,0.72,8,0.4928,получает от 1 узлов; в выборке исходящих связей нет
100000008729801100,terminal,0.72,22,0.3062,получает от 1 узлов; в выборке исходящих связей нет
100000008730021100,terminal,0.72,3,0.4406,получает от 1 узлов; в выборке исходящих связей нет
100000008730238100,peripheral,0.48,4,0.3449,граница обхода depth=4; отсутствие исходящих не доказывает удержание
100000008730371100,terminal,0.72,0,0.6775,получает от 2 узлов; в выборке исходящих связей нет
100000008730846100,coordinator,0.96,11,0.8756,достижим из 8 seed; вход от 7 и выход к 3 узлам
100000008731444100,coordinator,0.96,0,0.8263,достижим из 7 seed; вход от 3 и выход к 9 узлам
100000008732098100,terminal,0.72,22,0.3033,получает от 1 узлов; в выборке исходящих связей нет
100000008732488100,transit,0.7561,8,0.6431,получает от 1 / отправляет 1 узлам; проход 0.07; FIFO 0–2 дня 100%; порядок внутри дня неизвестен
100000008733049100,terminal,0.72,3,0.3973,получает от 1 узлов; в выборке исходящих связей нет
100000008733194100,coordinator,0.96,12,0.8365,достижим из 7 seed; вход от 4 и выход к 8 узлам
100000008734279100,peripheral,0.48,8,0.3043,граница обхода depth=4; отсутствие исходящих не доказывает удержание
100000008734364100,terminal,0.72,22,0.3154,получает от 1 узлов; в выборке исходящих связей нет
100000008735384100,terminal,0.72,22,0.3335,получает от 1 узлов; в выборке исходящих связей нет
100000008735802100,peripheral,0.48,0,0.3064,граница обхода depth=4; отсутствие исходящих не доказывает удержание
100000008735832100,terminal,0.72,22,0.2899,получает от 1 узлов; в выборке исходящих связей нет
100000008736173100,terminal,0.72,22,0.3249,получает от 1 узлов; в выборке исходящих связей нет
100000008736394100,terminal,0.72,22,0.2999,получает от 1 узлов; в выборке исходящих связей нет
100000008736760100,terminal,0.72,22,0.3446,получает от 1 узлов; в выборке исходящих связей нет
100000008736940100,consolidator,0.72,9,0.6981,"получает от 3 узлов; дальше переводит 182,100 ₸"
100000008737422100,terminal,0.72,22,0.3559,получает от 1 узлов; в выборке исходящих связей нет
100000008737514100,terminal,0.72,3,0.4684,получает от 1 узлов; в выборке исходящих связей нет
100000008737958100,terminal,0.72,22,0.4281,получает от 2 узлов; в выборке исходящих связей нет
100000008738325100,peripheral,0.42,49,0.514,"in=1, out=1; критерии основных ролей не достигнуты; seed: входящие потоки неполны"
100000008738526100,peripheral,0.42,46,0.5675,"in=1, out=1; критерии основных ролей не достигнуты"
100000008738658100,terminal,0.72,22,0.307,получает от 1 узлов; в выборке исходящих связей нет
100000008739887100,coordinator,0.94,8,0.7851,достижим из 7 seed; вход от 2 и выход к 2 узлам
100000008740295100,peripheral,0.48,4,0.372,граница обхода depth=4; отсутствие исходящих не доказывает удержание
100000008740793100,terminal,0.72,22,0.2956,получает от 1 узлов; в выборке исходящих связей нет
100000008741372100,terminal,0.72,22,0.3299,получает от 1 узлов; в выборке исходящих связей нет
100000008742053100,distributor,0.92,24,0.613,"переводит 12 получателям; исходящий оборот 2,789,000 ₸"
100000008742266100,terminal,0.72,22,0.3085,получает от 1 узлов; в выборке исходящих связей нет
100000008743913100,coordinator,0.96,46,0.807,достижим из 9 seed; вход от 3 и выход к 13 узлам
100000008744364100,terminal,0.72,22,0.2993,получает от 1 узлов; в выборке исходящих связей нет
100000008744799100,terminal,0.72,22,0.2824,получает от 1 узлов; в выборке исходящих связей нет
100000008744849100,terminal,0.72,22,0.3377,получает от 1 узлов; в выборке исходящих связей нет
100000008745474100,terminal,0.72,22,0.3345,получает от 1 узлов; в выборке исходящих связей нет
100000008745489100,terminal,0.72,22,0.345,получает от 1 узлов; в выборке исходящих связей нет
100000008745643100,terminal,0.72,22,0.3114,получает от 1 узлов; в выборке исходящих связей нет
100000008745676100,peripheral,0.48,22,0.2638,граница обхода depth=4; отсутствие исходящих не доказывает удержание
100000008745725100,terminal,0.72,22,0.3394,получает от 1 узлов; в выборке исходящих связей нет
100000008745863100,terminal,0.72,22,0.2974,получает от 1 узлов; в выборке исходящих связей нет
100000008745884100,terminal,0.72,22,0.2937,получает от 1 узлов; в выборке исходящих связей нет
100000008746025100,terminal,0.72,22,0.3138,получает от 1 узлов; в выборке исходящих связей нет
100000008746449100,distributor,0.88,4,0.5984,"переводит 10 получателям; исходящий оборот 1,009,000 ₸"
100000008746673100,terminal,0.72,22,0.3435,получает от 1 узлов; в выборке исходящих связей нет
100000008747113100,terminal,0.72,10,0.6542,получает от 2 узлов; в выборке исходящих связей нет
100000008748408100,distributor,0.92,41,0.6595,"переводит 21 получателям; исходящий оборот 1,499,960 ₸"
100000008748795100,terminal,0.72,0,0.4489,получает от 1 узлов; в выборке исходящих связей нет
100000008748914100,distributor,0.94,2,0.6893,"переводит 13 получателям; исходящий оборот 4,471,847 ₸"
100000008749063100,terminal,0.72,22,0.3088,получает от 1 узлов; в выборке исходящих связей нет
100000008749405100,terminal,0.72,22,0.3137,получает от 1 узлов; в выборке исходящих связей нет
100000008749406100,terminal,0.72,22,0.3052,получает от 1 узлов; в выборке исходящих связей нет
100000008749618100,terminal,0.72,22,0.3396,получает от 1 узлов; в выборке исходящих связей нет
100000008749900100,terminal,0.72,22,0.2879,получает от 1 узлов; в выборке исходящих связей нет
100000008749989100,terminal,0.72,22,0.2999,получает от 1 узлов; в выборке исходящих связей нет
100000008750464100,terminal,0.72,22,0.2788,получает от 1 узлов; в выборке исходящих связей нет
100000008751349100,terminal,0.72,14,0.3298,получает от 1 узлов; в выборке исходящих связей нет
100000008751380100,terminal,0.72,4,0.5819,получает от 2 узлов; в выборке исходящих связей нет
100000008751429100,consolidator,0.64,9,0.6681,"получает от 3 узлов; дальше переводит 72,600 ₸"
100000008752616100,coordinator,0.94,4,0.78,достижим из 9 seed; вход от 2 и выход к 7 узлам
100000008753061100,terminal,0.72,22,0.3056,получает от 1 узлов; в выборке исходящих связей нет
100000008753193100,terminal,0.72,22,0.3291,получает от 1 узлов; в выборке исходящих связей нет
100000008753897100,terminal,0.72,22,0.2998,получает от 1 узлов; в выборке исходящих связей нет
100000008754608100,terminal,0.72,22,0.2821,получает от 1 узлов; в выборке исходящих связей нет
100000008754747100,terminal,0.72,22,0.32,получает от 1 узлов; в выборке исходящих связей нет
100000008754997100,terminal,0.72,22,0.291,получает от 1 узлов; в выборке исходящих связей нет
100000008755168100,terminal,0.72,22,0.2899,получает от 1 узлов; в выборке исходящих связей нет
100000008755361100,terminal,0.72,22,0.2997,получает от 1 узлов; в выборке исходящих связей нет
100000008755580100,terminal,0.72,22,0.2863,получает от 1 узлов; в выборке исходящих связей нет
100000008755754100,terminal,0.72,24,0.2939,получает от 1 узлов; в выборке исходящих связей нет
100000008757301100,peripheral,0.48,0,0.304,граница обхода depth=4; отсутствие исходящих не доказывает удержание
100000008757369100,transit,0.6178,0,0.5919,получает от 1 / отправляет 1 узлам; проход 2.25; FIFO 0–2 дня 44%; порядок внутри дня неизвестен
100000008758106100,peripheral,0.48,4,0.302,граница обхода depth=4; отсутствие исходящих не доказывает удержание
100000008758168100,coordinator,0.94,46,0.7707,достижим из 9 seed; вход от 2 и выход к 5 узлам
100000008758607100,peripheral,0.48,4,0.2977,граница обхода depth=4; отсутствие исходящих не доказывает удержание
100000008759795100,peripheral,0.48,47,0.2628,граница обхода depth=4; отсутствие исходящих не доказывает удержание
100000008759857100,peripheral,0.42,46,0.5879,"in=1, out=2; критерии основных ролей не достигнуты"
100000008760098100,peripheral,0.42,46,0.5707,"in=1, out=1; критерии основных ролей не достигнуты"
100000008761132100,peripheral,0.48,4,0.302,граница обхода depth=4; отсутствие исходящих не доказывает удержание
100000008761219100,coordinator,0.94,60,0.7175,достижим из 9 seed; вход от 2 и выход к 2 узлам
100000008761220100,peripheral,0.48,4,0.302,граница обхода depth=4; отсутствие исходящих не доказывает удержание
100000008762005100,peripheral,0.48,4,0.2902,граница обхода depth=4; отсутствие исходящих не доказывает удержание
100000008762728100,terminal,0.72,16,0.4306,получает от 1 узлов; в выборке исходящих связей нет
100000008762832100,peripheral,0.42,2,0.5955,"in=1, out=1; критерии основных ролей не достигнуты"
100000008762843100,peripheral,0.48,4,0.2923,граница обхода depth=4; отсутствие исходящих не доказывает удержание
100000008762885100,peripheral,0.48,4,0.2923,граница обхода depth=4; отсутствие исходящих не доказывает удержание
100000008763688100,terminal,0.72,22,0.2956,получает от 1 узлов; в выборке исходящих связей нет
100000008764436100,terminal,0.72,22,0.2949,получает от 1 узлов; в выборке исходящих связей нет
100000008764654100,terminal,0.72,22,0.3021,получает от 1 узлов; в выборке исходящих связей нет
100000008765494100,terminal,0.72,22,0.3127,получает от 1 узлов; в выборке исходящих связей нет
100000008765627100,terminal,0.72,41,0.3833,получает от 1 узлов; в выборке исходящих связей нет
100000008766031100,peripheral,0.48,4,0.297,граница обхода depth=4; отсутствие исходящих не доказывает удержание
100000008766764100,peripheral,0.48,4,0.2977,граница обхода depth=4; отсутствие исходящих не доказывает удержание
100000008767027100,terminal,0.72,46,0.4019,получает от 1 узлов; в выборке исходящих связей нет
100000008767065100,terminal,0.72,46,0.4083,получает от 1 узлов; в выборке исходящих связей нет
100000008767925100,terminal,0.72,22,0.3052,получает от 1 узлов; в выборке исходящих связей нет
100000008767950100,terminal,0.72,22,0.2893,получает от 1 узлов; в выборке исходящих связей нет
100000008768896100,terminal,0.72,22,0.3394,получает от 1 узлов; в выборке исходящих связей нет
100000008769097100,terminal,0.72,22,0.308,получает от 1 узлов; в выборке исходящих связей нет
100000008769636100,terminal,0.72,22,0.3149,получает от 1 узлов; в выборке исходящих связей нет
100000008770483100,peripheral,0.48,60,0.2747,граница обхода depth=4; отсутствие исходящих не доказывает удержание
100000008771627100,terminal,0.72,22,0.301,получает от 1 узлов; в выборке исходящих связей нет
100000008771814100,terminal,0.72,22,0.312,получает от 1 узлов; в выборке исходящих связей нет
100000008771819100,terminal,0.72,22,0.3332,получает от 1 узлов; в выборке исходящих связей нет
100000008772058100,terminal,0.72,22,0.3359,получает от 1 узлов; в выборке исходящих связей нет
100000008772246100,terminal,0.72,22,0.3191,получает от 1 узлов; в выборке исходящих связей нет
100000008773876100,terminal,0.72,22,0.3191,получает от 1 узлов; в выборке исходящих связей нет
100000008774237100,transit,0.784,34,0.4955,получает от 1 / отправляет 1 узлам; проход 0.20; FIFO 0–2 дня 100%; порядок внутри дня неизвестен
100000008775471100,terminal,0.72,46,0.5305,получает от 1 узлов; в выборке исходящих связей нет
100000008775747100,peripheral,0.48,4,0.2977,граница обхода depth=4; отсутствие исходящих не доказывает удержание
100000008776298100,terminal,0.72,22,0.3362,получает от 1 узлов; в выборке исходящих связей нет
100000008776310100,terminal,0.72,22,0.2923,получает от 1 узлов; в выборке исходящих связей нет
100000008776420100,terminal,0.72,22,0.3333,получает от 1 узлов; в выборке исходящих связей нет
100000008776576100,terminal,0.72,22,0.3004,получает от 1 узлов; в выборке исходящих связей нет
100000008776720100,terminal,0.72,22,0.3021,получает от 1 узлов; в выборке исходящих связей нет
100000008777088100,terminal,0.72,22,0.3075,получает от 1 узлов; в выборке исходящих связей нет
100000008778010100,peripheral,0.48,22,0.2703,граница обхода depth=4; отсутствие исходящих не доказывает удержание
100000008778753100,peripheral,0.48,13,0.2913,граница обхода depth=4; отсутствие исходящих не доказывает удержание
100000008779584100,terminal,0.72,22,0.3256,получает от 1 узлов; в выборке исходящих связей нет
100000008782056100,terminal,0.72,22,0.323,получает от 1 узлов; в выборке исходящих связей нет
100000008782421100,terminal,0.72,22,0.3414,получает от 1 узлов; в выборке исходящих связей нет
100000008782800100,terminal,0.72,22,0.3368,получает от 1 узлов; в выборке исходящих связей нет
